[0.050s] Invoking command in '/home/loq/roboracer_ws/build/roboracer_description': CMAKE_PREFIX_PATH=${CMAKE_PREFIX_PATH}:/home/loq/drivingcar_ws/install/self_driving_car_pkg:/home/loq/bumperbot_ws/install/bumperbot_py_example:/home/loq/roboracer_ws/install/roboracer_yolov8_detector:/home/loq/roboracer_ws/install/roboracer_py:/home/loq/ros2_action_ws/install/lifecycle_py:/home/loq/ros2_action_ws/install/action_py:/opt/ros/humble /usr/bin/cmake --build /home/loq/roboracer_ws/build/roboracer_description -- -j8 -l8
[0.398s] Invoked command in '/home/loq/roboracer_ws/build/roboracer_description' returned '0': CMAKE_PREFIX_PATH=${CMAKE_PREFIX_PATH}:/home/loq/drivingcar_ws/install/self_driving_car_pkg:/home/loq/bumperbot_ws/install/bumperbot_py_example:/home/loq/roboracer_ws/install/roboracer_yolov8_detector:/home/loq/roboracer_ws/install/roboracer_py:/home/loq/ros2_action_ws/install/lifecycle_py:/home/loq/ros2_action_ws/install/action_py:/opt/ros/humble /usr/bin/cmake --build /home/loq/roboracer_ws/build/roboracer_description -- -j8 -l8
[0.409s] Invoking command in '/home/loq/roboracer_ws/build/roboracer_description': CMAKE_PREFIX_PATH=${CMAKE_PREFIX_PATH}:/home/loq/drivingcar_ws/install/self_driving_car_pkg:/home/loq/bumperbot_ws/install/bumperbot_py_example:/home/loq/roboracer_ws/install/roboracer_yolov8_detector:/home/loq/roboracer_ws/install/roboracer_py:/home/loq/ros2_action_ws/install/lifecycle_py:/home/loq/ros2_action_ws/install/action_py:/opt/ros/humble /usr/bin/cmake --install /home/loq/roboracer_ws/build/roboracer_description
[0.654s] -- Install configuration: ""
[0.654s] -- Execute custom install script
[0.654s] -- Up-to-date symlink: /home/loq/roboracer_ws/install/roboracer_description/share/roboracer_description/meshes/chassis.stl
[0.654s] -- Up-to-date symlink: /home/loq/roboracer_ws/install/roboracer_description/share/roboracer_description/meshes/hinge.stl
[0.654s] -- Up-to-date symlink: /home/loq/roboracer_ws/install/roboracer_description/share/roboracer_description/meshes/hokuyo.stl
[0.655s] -- Up-to-date symlink: /home/loq/roboracer_ws/install/roboracer_description/share/roboracer_description/meshes/laser_link.STL
[0.655s] -- Up-to-date symlink: /home/loq/roboracer_ws/install/roboracer_description/share/roboracer_description/meshes/left_wheel.stl
[0.655s] -- Up-to-date symlink: /home/loq/roboracer_ws/install/roboracer_description/share/roboracer_description/meshes/parking_1.dae
[0.656s] -- Up-to-date symlink: /home/loq/roboracer_ws/install/roboracer_description/share/roboracer_description/meshes/right_wheel.stl
[0.656s] -- Up-to-date symlink: /home/loq/roboracer_ws/install/roboracer_description/share/roboracer_description/meshes/world.obj
[0.656s] -- Up-to-date symlink: /home/loq/roboracer_ws/install/roboracer_description/share/roboracer_description/models/MIT_Tunnel/model.config
[0.656s] -- Up-to-date symlink: /home/loq/roboracer_ws/install/roboracer_description/share/roboracer_description/models/MIT_Tunnel/model.sdf
[0.656s] -- Up-to-date symlink: /home/loq/roboracer_ws/install/roboracer_description/share/roboracer_description/models/ar_tags/marker0/marker0/marker0/model-1_5.sdf
[0.657s] -- Up-to-date symlink: /home/loq/roboracer_ws/install/roboracer_description/share/roboracer_description/models/ar_tags/marker0/marker0/marker0/model.config
[0.658s] -- Up-to-date symlink: /home/loq/roboracer_ws/install/roboracer_description/share/roboracer_description/models/ar_tags/marker0/marker0/model-1_5.sdf
[0.658s] -- Up-to-date symlink: /home/loq/roboracer_ws/install/roboracer_description/share/roboracer_description/models/ar_tags/marker0/marker0/model.config
[0.659s] -- Up-to-date symlink: /home/loq/roboracer_ws/install/roboracer_description/share/roboracer_description/models/ar_tags/marker0/materials/textures/Marker0.png
[0.659s] -- Up-to-date symlink: /home/loq/roboracer_ws/install/roboracer_description/share/roboracer_description/models/ar_tags/marker0/meshes/Marker0.dae
[0.659s] -- Up-to-date symlink: /home/loq/roboracer_ws/install/roboracer_description/share/roboracer_description/models/ar_tags/marker0/model-1_4.sdf
[0.659s] -- Up-to-date symlink: /home/loq/roboracer_ws/install/roboracer_description/share/roboracer_description/models/ar_tags/marker0/model-1_5.sdf
[0.660s] -- Up-to-date symlink: /home/loq/roboracer_ws/install/roboracer_description/share/roboracer_description/models/ar_tags/marker0/model.config
[0.660s] -- Up-to-date symlink: /home/loq/roboracer_ws/install/roboracer_description/share/roboracer_description/models/ar_tags/marker0/model.sdf
[0.660s] -- Up-to-date symlink: /home/loq/roboracer_ws/install/roboracer_description/share/roboracer_description/models/ar_tags/marker1/marker0/marker0/model-1_5.sdf
[0.660s] -- Up-to-date symlink: /home/loq/roboracer_ws/install/roboracer_description/share/roboracer_description/models/ar_tags/marker1/marker0/marker0/model.config
[0.660s] -- Up-to-date symlink: /home/loq/roboracer_ws/install/roboracer_description/share/roboracer_description/models/ar_tags/marker1/marker0/model-1_5.sdf
[0.660s] -- Up-to-date symlink: /home/loq/roboracer_ws/install/roboracer_description/share/roboracer_description/models/ar_tags/marker1/marker0/model.config
[0.660s] -- Up-to-date symlink: /home/loq/roboracer_ws/install/roboracer_description/share/roboracer_description/models/ar_tags/marker1/materials/textures/Marker1.png
[0.660s] -- Up-to-date symlink: /home/loq/roboracer_ws/install/roboracer_description/share/roboracer_description/models/ar_tags/marker1/meshes/Marker1.dae
[0.660s] -- Up-to-date symlink: /home/loq/roboracer_ws/install/roboracer_description/share/roboracer_description/models/ar_tags/marker1/model-1_4.sdf
[0.660s] -- Up-to-date symlink: /home/loq/roboracer_ws/install/roboracer_description/share/roboracer_description/models/ar_tags/marker1/model-1_5.sdf
[0.661s] -- Up-to-date symlink: /home/loq/roboracer_ws/install/roboracer_description/share/roboracer_description/models/ar_tags/marker1/model.config
[0.661s] -- Up-to-date symlink: /home/loq/roboracer_ws/install/roboracer_description/share/roboracer_description/models/ar_tags/marker1/model.sdf
[0.661s] -- Up-to-date symlink: /home/loq/roboracer_ws/install/roboracer_description/share/roboracer_description/models/ar_tags/marker10/marker0/marker0/model-1_5.sdf
[0.661s] -- Up-to-date symlink: /home/loq/roboracer_ws/install/roboracer_description/share/roboracer_description/models/ar_tags/marker10/marker0/marker0/model.config
[0.661s] -- Up-to-date symlink: /home/loq/roboracer_ws/install/roboracer_description/share/roboracer_description/models/ar_tags/marker10/marker0/model-1_5.sdf
[0.661s] -- Up-to-date symlink: /home/loq/roboracer_ws/install/roboracer_description/share/roboracer_description/models/ar_tags/marker10/marker0/model.config
[0.661s] -- Up-to-date symlink: /home/loq/roboracer_ws/install/roboracer_description/share/roboracer_description/models/ar_tags/marker10/materials/textures/Marker10.png
[0.661s] -- Up-to-date symlink: /home/loq/roboracer_ws/install/roboracer_description/share/roboracer_description/models/ar_tags/marker10/meshes/Marker10.dae
[0.661s] -- Up-to-date symlink: /home/loq/roboracer_ws/install/roboracer_description/share/roboracer_description/models/ar_tags/marker10/model-1_4.sdf
[0.661s] -- Up-to-date symlink: /home/loq/roboracer_ws/install/roboracer_description/share/roboracer_description/models/ar_tags/marker10/model-1_5.sdf
[0.661s] -- Up-to-date symlink: /home/loq/roboracer_ws/install/roboracer_description/share/roboracer_description/models/ar_tags/marker10/model.config
[0.661s] -- Up-to-date symlink: /home/loq/roboracer_ws/install/roboracer_description/share/roboracer_description/models/ar_tags/marker10/model.sdf
[0.662s] -- Up-to-date symlink: /home/loq/roboracer_ws/install/roboracer_description/share/roboracer_description/models/ar_tags/marker11/marker0/marker0/model-1_5.sdf
[0.662s] -- Up-to-date symlink: /home/loq/roboracer_ws/install/roboracer_description/share/roboracer_description/models/ar_tags/marker11/marker0/marker0/model.config
[0.662s] -- Up-to-date symlink: /home/loq/roboracer_ws/install/roboracer_description/share/roboracer_description/models/ar_tags/marker11/marker0/model-1_5.sdf
[0.662s] -- Up-to-date symlink: /home/loq/roboracer_ws/install/roboracer_description/share/roboracer_description/models/ar_tags/marker11/marker0/model.config
[0.662s] -- Up-to-date symlink: /home/loq/roboracer_ws/install/roboracer_description/share/roboracer_description/models/ar_tags/marker11/materials/textures/Marker11.png
[0.662s] -- Up-to-date symlink: /home/loq/roboracer_ws/install/roboracer_description/share/roboracer_description/models/ar_tags/marker11/meshes/Marker11.dae
[0.662s] -- Up-to-date symlink: /home/loq/roboracer_ws/install/roboracer_description/share/roboracer_description/models/ar_tags/marker11/model-1_4.sdf
[0.662s] -- Up-to-date symlink: /home/loq/roboracer_ws/install/roboracer_description/share/roboracer_description/models/ar_tags/marker11/model-1_5.sdf
[0.662s] -- Up-to-date symlink: /home/loq/roboracer_ws/install/roboracer_description/share/roboracer_description/models/ar_tags/marker11/model.config
[0.662s] -- Up-to-date symlink: /home/loq/roboracer_ws/install/roboracer_description/share/roboracer_description/models/ar_tags/marker11/model.sdf
[0.663s] -- Up-to-date symlink: /home/loq/roboracer_ws/install/roboracer_description/share/roboracer_description/models/ar_tags/marker12/marker0/marker0/model-1_5.sdf
[0.663s] -- Up-to-date symlink: /home/loq/roboracer_ws/install/roboracer_description/share/roboracer_description/models/ar_tags/marker12/marker0/marker0/model.config
[0.663s] -- Up-to-date symlink: /home/loq/roboracer_ws/install/roboracer_description/share/roboracer_description/models/ar_tags/marker12/marker0/model-1_5.sdf
[0.663s] -- Up-to-date symlink: /home/loq/roboracer_ws/install/roboracer_description/share/roboracer_description/models/ar_tags/marker12/marker0/model.config
[0.663s] -- Up-to-date symlink: /home/loq/roboracer_ws/install/roboracer_description/share/roboracer_description/models/ar_tags/marker12/materials/textures/Marker12.png
[0.663s] -- Up-to-date symlink: /home/loq/roboracer_ws/install/roboracer_description/share/roboracer_description/models/ar_tags/marker12/meshes/Marker12.dae
[0.663s] -- Up-to-date symlink: /home/loq/roboracer_ws/install/roboracer_description/share/roboracer_description/models/ar_tags/marker12/model-1_4.sdf
[0.663s] -- Up-to-date symlink: /home/loq/roboracer_ws/install/roboracer_description/share/roboracer_description/models/ar_tags/marker12/model-1_5.sdf
[0.664s] -- Up-to-date symlink: /home/loq/roboracer_ws/install/roboracer_description/share/roboracer_description/models/ar_tags/marker12/model.config
[0.664s] -- Up-to-date symlink: /home/loq/roboracer_ws/install/roboracer_description/share/roboracer_description/models/ar_tags/marker12/model.sdf
[0.664s] -- Up-to-date symlink: /home/loq/roboracer_ws/install/roboracer_description/share/roboracer_description/models/ar_tags/marker13/marker0/marker0/model-1_5.sdf
[0.664s] -- Up-to-date symlink: /home/loq/roboracer_ws/install/roboracer_description/share/roboracer_description/models/ar_tags/marker13/marker0/marker0/model.config
[0.664s] -- Up-to-date symlink: /home/loq/roboracer_ws/install/roboracer_description/share/roboracer_description/models/ar_tags/marker13/marker0/model-1_5.sdf
[0.664s] -- Up-to-date symlink: /home/loq/roboracer_ws/install/roboracer_description/share/roboracer_description/models/ar_tags/marker13/marker0/model.config
[0.664s] -- Up-to-date symlink: /home/loq/roboracer_ws/install/roboracer_description/share/roboracer_description/models/ar_tags/marker13/materials/textures/Marker13.png
[0.665s] -- Up-to-date symlink: /home/loq/roboracer_ws/install/roboracer_description/share/roboracer_description/models/ar_tags/marker13/meshes/Marker13.dae
[0.665s] -- Up-to-date symlink: /home/loq/roboracer_ws/install/roboracer_description/share/roboracer_description/models/ar_tags/marker13/model-1_4.sdf
[0.665s] -- Up-to-date symlink: /home/loq/roboracer_ws/install/roboracer_description/share/roboracer_description/models/ar_tags/marker13/model-1_5.sdf
[0.665s] -- Up-to-date symlink: /home/loq/roboracer_ws/install/roboracer_description/share/roboracer_description/models/ar_tags/marker13/model.config
[0.665s] -- Up-to-date symlink: /home/loq/roboracer_ws/install/roboracer_description/share/roboracer_description/models/ar_tags/marker13/model.sdf
[0.665s] -- Up-to-date symlink: /home/loq/roboracer_ws/install/roboracer_description/share/roboracer_description/models/ar_tags/marker14/marker0/marker0/model-1_5.sdf
[0.665s] -- Up-to-date symlink: /home/loq/roboracer_ws/install/roboracer_description/share/roboracer_description/models/ar_tags/marker14/marker0/marker0/model.config
[0.665s] -- Up-to-date symlink: /home/loq/roboracer_ws/install/roboracer_description/share/roboracer_description/models/ar_tags/marker14/marker0/model-1_5.sdf
[0.665s] -- Up-to-date symlink: /home/loq/roboracer_ws/install/roboracer_description/share/roboracer_description/models/ar_tags/marker14/marker0/model.config
[0.666s] -- Up-to-date symlink: /home/loq/roboracer_ws/install/roboracer_description/share/roboracer_description/models/ar_tags/marker14/materials/textures/Marker14.png
[0.666s] -- Up-to-date symlink: /home/loq/roboracer_ws/install/roboracer_description/share/roboracer_description/models/ar_tags/marker14/meshes/Marker14.dae
[0.666s] -- Up-to-date symlink: /home/loq/roboracer_ws/install/roboracer_description/share/roboracer_description/models/ar_tags/marker14/model-1_4.sdf
[0.666s] -- Up-to-date symlink: /home/loq/roboracer_ws/install/roboracer_description/share/roboracer_description/models/ar_tags/marker14/model-1_5.sdf
[0.666s] -- Up-to-date symlink: /home/loq/roboracer_ws/install/roboracer_description/share/roboracer_description/models/ar_tags/marker14/model.config
[0.666s] -- Up-to-date symlink: /home/loq/roboracer_ws/install/roboracer_description/share/roboracer_description/models/ar_tags/marker14/model.sdf
[0.666s] -- Up-to-date symlink: /home/loq/roboracer_ws/install/roboracer_description/share/roboracer_description/models/ar_tags/marker15/marker0/marker0/model-1_5.sdf
[0.666s] -- Up-to-date symlink: /home/loq/roboracer_ws/install/roboracer_description/share/roboracer_description/models/ar_tags/marker15/marker0/marker0/model.config
[0.666s] -- Up-to-date symlink: /home/loq/roboracer_ws/install/roboracer_description/share/roboracer_description/models/ar_tags/marker15/marker0/model-1_5.sdf
[0.666s] -- Up-to-date symlink: /home/loq/roboracer_ws/install/roboracer_description/share/roboracer_description/models/ar_tags/marker15/marker0/model.config
[0.666s] -- Up-to-date symlink: /home/loq/roboracer_ws/install/roboracer_description/share/roboracer_description/models/ar_tags/marker15/materials/textures/Marker15.png
[0.667s] -- Up-to-date symlink: /home/loq/roboracer_ws/install/roboracer_description/share/roboracer_description/models/ar_tags/marker15/meshes/Marker15.dae
[0.667s] -- Up-to-date symlink: /home/loq/roboracer_ws/install/roboracer_description/share/roboracer_description/models/ar_tags/marker15/model-1_4.sdf
[0.667s] -- Up-to-date symlink: /home/loq/roboracer_ws/install/roboracer_description/share/roboracer_description/models/ar_tags/marker15/model-1_5.sdf
[0.667s] -- Up-to-date symlink: /home/loq/roboracer_ws/install/roboracer_description/share/roboracer_description/models/ar_tags/marker15/model.config
[0.667s] -- Up-to-date symlink: /home/loq/roboracer_ws/install/roboracer_description/share/roboracer_description/models/ar_tags/marker15/model.sdf
[0.667s] -- Up-to-date symlink: /home/loq/roboracer_ws/install/roboracer_description/share/roboracer_description/models/ar_tags/marker16/marker0/marker0/model-1_5.sdf
[0.667s] -- Up-to-date symlink: /home/loq/roboracer_ws/install/roboracer_description/share/roboracer_description/models/ar_tags/marker16/marker0/marker0/model.config
[0.667s] -- Up-to-date symlink: /home/loq/roboracer_ws/install/roboracer_description/share/roboracer_description/models/ar_tags/marker16/marker0/model-1_5.sdf
[0.667s] -- Up-to-date symlink: /home/loq/roboracer_ws/install/roboracer_description/share/roboracer_description/models/ar_tags/marker16/marker0/model.config
[0.667s] -- Up-to-date symlink: /home/loq/roboracer_ws/install/roboracer_description/share/roboracer_description/models/ar_tags/marker16/materials/textures/Marker16.png
[0.667s] -- Up-to-date symlink: /home/loq/roboracer_ws/install/roboracer_description/share/roboracer_description/models/ar_tags/marker16/meshes/Marker16.dae
[0.667s] -- Up-to-date symlink: /home/loq/roboracer_ws/install/roboracer_description/share/roboracer_description/models/ar_tags/marker16/model-1_4.sdf
[0.668s] -- Up-to-date symlink: /home/loq/roboracer_ws/install/roboracer_description/share/roboracer_description/models/ar_tags/marker16/model-1_5.sdf
[0.668s] -- Up-to-date symlink: /home/loq/roboracer_ws/install/roboracer_description/share/roboracer_description/models/ar_tags/marker16/model.config
[0.668s] -- Up-to-date symlink: /home/loq/roboracer_ws/install/roboracer_description/share/roboracer_description/models/ar_tags/marker16/model.sdf
[0.668s] -- Up-to-date symlink: /home/loq/roboracer_ws/install/roboracer_description/share/roboracer_description/models/ar_tags/marker17/marker0/marker0/model-1_5.sdf
[0.668s] -- Up-to-date symlink: /home/loq/roboracer_ws/install/roboracer_description/share/roboracer_description/models/ar_tags/marker17/marker0/marker0/model.config
[0.668s] -- Up-to-date symlink: /home/loq/roboracer_ws/install/roboracer_description/share/roboracer_description/models/ar_tags/marker17/marker0/model-1_5.sdf
[0.668s] -- Up-to-date symlink: /home/loq/roboracer_ws/install/roboracer_description/share/roboracer_description/models/ar_tags/marker17/marker0/model.config
[0.669s] -- Up-to-date symlink: /home/loq/roboracer_ws/install/roboracer_description/share/roboracer_description/models/ar_tags/marker17/materials/textures/Marker17.png
[0.669s] -- Up-to-date symlink: /home/loq/roboracer_ws/install/roboracer_description/share/roboracer_description/models/ar_tags/marker17/meshes/Marker17.dae
[0.669s] -- Up-to-date symlink: /home/loq/roboracer_ws/install/roboracer_description/share/roboracer_description/models/ar_tags/marker17/model-1_4.sdf
[0.669s] -- Up-to-date symlink: /home/loq/roboracer_ws/install/roboracer_description/share/roboracer_description/models/ar_tags/marker17/model-1_5.sdf
[0.669s] -- Up-to-date symlink: /home/loq/roboracer_ws/install/roboracer_description/share/roboracer_description/models/ar_tags/marker17/model.config
[0.669s] -- Up-to-date symlink: /home/loq/roboracer_ws/install/roboracer_description/share/roboracer_description/models/ar_tags/marker17/model.sdf
[0.669s] -- Up-to-date symlink: /home/loq/roboracer_ws/install/roboracer_description/share/roboracer_description/models/ar_tags/marker2/marker0/marker0/model-1_5.sdf
[0.670s] -- Up-to-date symlink: /home/loq/roboracer_ws/install/roboracer_description/share/roboracer_description/models/ar_tags/marker2/marker0/marker0/model.config
[0.670s] -- Up-to-date symlink: /home/loq/roboracer_ws/install/roboracer_description/share/roboracer_description/models/ar_tags/marker2/marker0/model-1_5.sdf
[0.670s] -- Up-to-date symlink: /home/loq/roboracer_ws/install/roboracer_description/share/roboracer_description/models/ar_tags/marker2/marker0/model.config
[0.670s] -- Up-to-date symlink: /home/loq/roboracer_ws/install/roboracer_description/share/roboracer_description/models/ar_tags/marker2/materials/textures/Marker2.png
[0.670s] -- Up-to-date symlink: /home/loq/roboracer_ws/install/roboracer_description/share/roboracer_description/models/ar_tags/marker2/meshes/Marker2.dae
[0.670s] -- Up-to-date symlink: /home/loq/roboracer_ws/install/roboracer_description/share/roboracer_description/models/ar_tags/marker2/model-1_4.sdf
[0.670s] -- Up-to-date symlink: /home/loq/roboracer_ws/install/roboracer_description/share/roboracer_description/models/ar_tags/marker2/model-1_5.sdf
[0.670s] -- Up-to-date symlink: /home/loq/roboracer_ws/install/roboracer_description/share/roboracer_description/models/ar_tags/marker2/model.config
[0.670s] -- Up-to-date symlink: /home/loq/roboracer_ws/install/roboracer_description/share/roboracer_description/models/ar_tags/marker2/model.sdf
[0.670s] -- Up-to-date symlink: /home/loq/roboracer_ws/install/roboracer_description/share/roboracer_description/models/ar_tags/marker3/marker0/marker0/model-1_5.sdf
[0.670s] -- Up-to-date symlink: /home/loq/roboracer_ws/install/roboracer_description/share/roboracer_description/models/ar_tags/marker3/marker0/marker0/model.config
[0.670s] -- Up-to-date symlink: /home/loq/roboracer_ws/install/roboracer_description/share/roboracer_description/models/ar_tags/marker3/marker0/model-1_5.sdf
[0.670s] -- Up-to-date symlink: /home/loq/roboracer_ws/install/roboracer_description/share/roboracer_description/models/ar_tags/marker3/marker0/model.config
[0.671s] -- Up-to-date symlink: /home/loq/roboracer_ws/install/roboracer_description/share/roboracer_description/models/ar_tags/marker3/materials/textures/Marker3.png
[0.671s] -- Up-to-date symlink: /home/loq/roboracer_ws/install/roboracer_description/share/roboracer_description/models/ar_tags/marker3/meshes/Marker3.dae
[0.671s] -- Up-to-date symlink: /home/loq/roboracer_ws/install/roboracer_description/share/roboracer_description/models/ar_tags/marker3/model-1_4.sdf
[0.671s] -- Up-to-date symlink: /home/loq/roboracer_ws/install/roboracer_description/share/roboracer_description/models/ar_tags/marker3/model-1_5.sdf
[0.671s] -- Up-to-date symlink: /home/loq/roboracer_ws/install/roboracer_description/share/roboracer_description/models/ar_tags/marker3/model.config
[0.671s] -- Up-to-date symlink: /home/loq/roboracer_ws/install/roboracer_description/share/roboracer_description/models/ar_tags/marker3/model.sdf
[0.671s] -- Up-to-date symlink: /home/loq/roboracer_ws/install/roboracer_description/share/roboracer_description/models/ar_tags/marker4/marker0/marker0/model-1_5.sdf
[0.671s] -- Up-to-date symlink: /home/loq/roboracer_ws/install/roboracer_description/share/roboracer_description/models/ar_tags/marker4/marker0/marker0/model.config
[0.671s] -- Up-to-date symlink: /home/loq/roboracer_ws/install/roboracer_description/share/roboracer_description/models/ar_tags/marker4/marker0/model-1_5.sdf
[0.671s] -- Up-to-date symlink: /home/loq/roboracer_ws/install/roboracer_description/share/roboracer_description/models/ar_tags/marker4/marker0/model.config
[0.671s] -- Up-to-date symlink: /home/loq/roboracer_ws/install/roboracer_description/share/roboracer_description/models/ar_tags/marker4/materials/textures/Marker4.png
[0.671s] -- Up-to-date symlink: /home/loq/roboracer_ws/install/roboracer_description/share/roboracer_description/models/ar_tags/marker4/meshes/Marker4.dae
[0.671s] -- Up-to-date symlink: /home/loq/roboracer_ws/install/roboracer_description/share/roboracer_description/models/ar_tags/marker4/model-1_4.sdf
[0.672s] -- Up-to-date symlink: /home/loq/roboracer_ws/install/roboracer_description/share/roboracer_description/models/ar_tags/marker4/model-1_5.sdf
[0.672s] -- Up-to-date symlink: /home/loq/roboracer_ws/install/roboracer_description/share/roboracer_description/models/ar_tags/marker4/model.config
[0.672s] -- Up-to-date symlink: /home/loq/roboracer_ws/install/roboracer_description/share/roboracer_description/models/ar_tags/marker4/model.sdf
[0.672s] -- Up-to-date symlink: /home/loq/roboracer_ws/install/roboracer_description/share/roboracer_description/models/ar_tags/marker5/marker0/marker0/model-1_5.sdf
[0.672s] -- Up-to-date symlink: /home/loq/roboracer_ws/install/roboracer_description/share/roboracer_description/models/ar_tags/marker5/marker0/marker0/model.config
[0.673s] -- Up-to-date symlink: /home/loq/roboracer_ws/install/roboracer_description/share/roboracer_description/models/ar_tags/marker5/marker0/model-1_5.sdf
[0.673s] -- Up-to-date symlink: /home/loq/roboracer_ws/install/roboracer_description/share/roboracer_description/models/ar_tags/marker5/marker0/model.config
[0.673s] -- Up-to-date symlink: /home/loq/roboracer_ws/install/roboracer_description/share/roboracer_description/models/ar_tags/marker5/materials/textures/Marker5.png
[0.673s] -- Up-to-date symlink: /home/loq/roboracer_ws/install/roboracer_description/share/roboracer_description/models/ar_tags/marker5/meshes/Marker5.dae
[0.673s] -- Up-to-date symlink: /home/loq/roboracer_ws/install/roboracer_description/share/roboracer_description/models/ar_tags/marker5/model-1_4.sdf
[0.674s] -- Up-to-date symlink: /home/loq/roboracer_ws/install/roboracer_description/share/roboracer_description/models/ar_tags/marker5/model-1_5.sdf
[0.674s] -- Up-to-date symlink: /home/loq/roboracer_ws/install/roboracer_description/share/roboracer_description/models/ar_tags/marker5/model.config
[0.675s] -- Up-to-date symlink: /home/loq/roboracer_ws/install/roboracer_description/share/roboracer_description/models/ar_tags/marker5/model.sdf
[0.675s] -- Up-to-date symlink: /home/loq/roboracer_ws/install/roboracer_description/share/roboracer_description/models/ar_tags/marker6/marker0/marker0/model-1_5.sdf
[0.675s] -- Up-to-date symlink: /home/loq/roboracer_ws/install/roboracer_description/share/roboracer_description/models/ar_tags/marker6/marker0/marker0/model.config
[0.675s] -- Up-to-date symlink: /home/loq/roboracer_ws/install/roboracer_description/share/roboracer_description/models/ar_tags/marker6/marker0/model-1_5.sdf
[0.675s] -- Up-to-date symlink: /home/loq/roboracer_ws/install/roboracer_description/share/roboracer_description/models/ar_tags/marker6/marker0/model.config
[0.676s] -- Up-to-date symlink: /home/loq/roboracer_ws/install/roboracer_description/share/roboracer_description/models/ar_tags/marker6/materials/textures/Marker6.png
[0.676s] -- Up-to-date symlink: /home/loq/roboracer_ws/install/roboracer_description/share/roboracer_description/models/ar_tags/marker6/meshes/Marker6.dae
[0.676s] -- Up-to-date symlink: /home/loq/roboracer_ws/install/roboracer_description/share/roboracer_description/models/ar_tags/marker6/model-1_4.sdf
[0.676s] -- Up-to-date symlink: /home/loq/roboracer_ws/install/roboracer_description/share/roboracer_description/models/ar_tags/marker6/model-1_5.sdf
[0.676s] -- Up-to-date symlink: /home/loq/roboracer_ws/install/roboracer_description/share/roboracer_description/models/ar_tags/marker6/model.config
[0.676s] -- Up-to-date symlink: /home/loq/roboracer_ws/install/roboracer_description/share/roboracer_description/models/ar_tags/marker6/model.sdf
[0.678s] -- Up-to-date symlink: /home/loq/roboracer_ws/install/roboracer_description/share/roboracer_description/models/ar_tags/marker7/marker0/marker0/model-1_5.sdf
[0.678s] -- Up-to-date symlink: /home/loq/roboracer_ws/install/roboracer_description/share/roboracer_description/models/ar_tags/marker7/marker0/marker0/model.config
[0.678s] -- Up-to-date symlink: /home/loq/roboracer_ws/install/roboracer_description/share/roboracer_description/models/ar_tags/marker7/marker0/model-1_5.sdf
[0.679s] -- Up-to-date symlink: /home/loq/roboracer_ws/install/roboracer_description/share/roboracer_description/models/ar_tags/marker7/marker0/model.config
[0.679s] -- Up-to-date symlink: /home/loq/roboracer_ws/install/roboracer_description/share/roboracer_description/models/ar_tags/marker7/materials/textures/Marker7.png
[0.679s] -- Up-to-date symlink: /home/loq/roboracer_ws/install/roboracer_description/share/roboracer_description/models/ar_tags/marker7/meshes/Marker7.dae
[0.679s] -- Up-to-date symlink: /home/loq/roboracer_ws/install/roboracer_description/share/roboracer_description/models/ar_tags/marker7/model-1_4.sdf
[0.679s] -- Up-to-date symlink: /home/loq/roboracer_ws/install/roboracer_description/share/roboracer_description/models/ar_tags/marker7/model-1_5.sdf
[0.680s] -- Up-to-date symlink: /home/loq/roboracer_ws/install/roboracer_description/share/roboracer_description/models/ar_tags/marker7/model.config
[0.680s] -- Up-to-date symlink: /home/loq/roboracer_ws/install/roboracer_description/share/roboracer_description/models/ar_tags/marker7/model.sdf
[0.681s] -- Up-to-date symlink: /home/loq/roboracer_ws/install/roboracer_description/share/roboracer_description/models/ar_tags/marker8/marker0/marker0/model-1_5.sdf
[0.681s] -- Up-to-date symlink: /home/loq/roboracer_ws/install/roboracer_description/share/roboracer_description/models/ar_tags/marker8/marker0/marker0/model.config
[0.681s] -- Up-to-date symlink: /home/loq/roboracer_ws/install/roboracer_description/share/roboracer_description/models/ar_tags/marker8/marker0/model-1_5.sdf
[0.681s] -- Up-to-date symlink: /home/loq/roboracer_ws/install/roboracer_description/share/roboracer_description/models/ar_tags/marker8/marker0/model.config
[0.682s] -- Up-to-date symlink: /home/loq/roboracer_ws/install/roboracer_description/share/roboracer_description/models/ar_tags/marker8/materials/textures/Marker8.png
[0.682s] -- Up-to-date symlink: /home/loq/roboracer_ws/install/roboracer_description/share/roboracer_description/models/ar_tags/marker8/meshes/Marker8.dae
[0.682s] -- Up-to-date symlink: /home/loq/roboracer_ws/install/roboracer_description/share/roboracer_description/models/ar_tags/marker8/model-1_4.sdf
[0.682s] -- Up-to-date symlink: /home/loq/roboracer_ws/install/roboracer_description/share/roboracer_description/models/ar_tags/marker8/model-1_5.sdf
[0.682s] -- Up-to-date symlink: /home/loq/roboracer_ws/install/roboracer_description/share/roboracer_description/models/ar_tags/marker8/model.config
[0.682s] -- Up-to-date symlink: /home/loq/roboracer_ws/install/roboracer_description/share/roboracer_description/models/ar_tags/marker8/model.sdf
[0.682s] -- Up-to-date symlink: /home/loq/roboracer_ws/install/roboracer_description/share/roboracer_description/models/ar_tags/marker9/marker0/marker0/model-1_5.sdf
[0.684s] -- Up-to-date symlink: /home/loq/roboracer_ws/install/roboracer_description/share/roboracer_description/models/ar_tags/marker9/marker0/marker0/model.config
[0.684s] -- Up-to-date symlink: /home/loq/roboracer_ws/install/roboracer_description/share/roboracer_description/models/ar_tags/marker9/marker0/model-1_5.sdf
[0.684s] -- Up-to-date symlink: /home/loq/roboracer_ws/install/roboracer_description/share/roboracer_description/models/ar_tags/marker9/marker0/model.config
[0.684s] -- Up-to-date symlink: /home/loq/roboracer_ws/install/roboracer_description/share/roboracer_description/models/ar_tags/marker9/materials/textures/Marker9.png
[0.684s] -- Up-to-date symlink: /home/loq/roboracer_ws/install/roboracer_description/share/roboracer_description/models/ar_tags/marker9/meshes/Marker9.dae
[0.684s] -- Up-to-date symlink: /home/loq/roboracer_ws/install/roboracer_description/share/roboracer_description/models/ar_tags/marker9/model-1_4.sdf
[0.684s] -- Up-to-date symlink: /home/loq/roboracer_ws/install/roboracer_description/share/roboracer_description/models/ar_tags/marker9/model-1_5.sdf
[0.684s] -- Up-to-date symlink: /home/loq/roboracer_ws/install/roboracer_description/share/roboracer_description/models/ar_tags/marker9/model.config
[0.684s] -- Up-to-date symlink: /home/loq/roboracer_ws/install/roboracer_description/share/roboracer_description/models/ar_tags/marker9/model.sdf
[0.685s] -- Up-to-date symlink: /home/loq/roboracer_ws/install/roboracer_description/share/roboracer_description/models/aws_robomaker_residential_AirconditionerA_01/materials/textures/aws_AirconditionerA_01.png
[0.685s] -- Up-to-date symlink: /home/loq/roboracer_ws/install/roboracer_description/share/roboracer_description/models/aws_robomaker_residential_AirconditionerA_01/meshes/aws_AirconditionerA_01_collision.DAE
[0.685s] -- Up-to-date symlink: /home/loq/roboracer_ws/install/roboracer_description/share/roboracer_description/models/aws_robomaker_residential_AirconditionerA_01/meshes/aws_AirconditionerA_01_visual.DAE
[0.685s] -- Up-to-date symlink: /home/loq/roboracer_ws/install/roboracer_description/share/roboracer_description/models/aws_robomaker_residential_AirconditionerA_01/meshes/aws__Air conditioner_01.DAE
[0.685s] -- Up-to-date symlink: /home/loq/roboracer_ws/install/roboracer_description/share/roboracer_description/models/aws_robomaker_residential_AirconditionerA_01/model.config
[0.686s] -- Up-to-date symlink: /home/loq/roboracer_ws/install/roboracer_description/share/roboracer_description/models/aws_robomaker_residential_AirconditionerA_01/model.sdf
[0.686s] -- Up-to-date symlink: /home/loq/roboracer_ws/install/roboracer_description/share/roboracer_description/models/aws_robomaker_residential_AirconditionerB_01/materials/textures/aws_AirconditionerB_01.png
[0.686s] -- Up-to-date symlink: /home/loq/roboracer_ws/install/roboracer_description/share/roboracer_description/models/aws_robomaker_residential_AirconditionerB_01/meshes/aws_AirconditionerB_01_collision.DAE
[0.686s] -- Up-to-date symlink: /home/loq/roboracer_ws/install/roboracer_description/share/roboracer_description/models/aws_robomaker_residential_AirconditionerB_01/meshes/aws_AirconditionerB_01_visual.DAE
[0.686s] -- Up-to-date symlink: /home/loq/roboracer_ws/install/roboracer_description/share/roboracer_description/models/aws_robomaker_residential_AirconditionerB_01/model.config
[0.686s] -- Up-to-date symlink: /home/loq/roboracer_ws/install/roboracer_description/share/roboracer_description/models/aws_robomaker_residential_AirconditionerB_01/model.sdf
[0.686s] -- Up-to-date symlink: /home/loq/roboracer_ws/install/roboracer_description/share/roboracer_description/models/aws_robomaker_residential_BalconyTable_01/materials/textures/aws_BalconyTable_01.png
[0.686s] -- Up-to-date symlink: /home/loq/roboracer_ws/install/roboracer_description/share/roboracer_description/models/aws_robomaker_residential_BalconyTable_01/meshes/aws_BalconyTable_01_collision.DAE
[0.686s] -- Up-to-date symlink: /home/loq/roboracer_ws/install/roboracer_description/share/roboracer_description/models/aws_robomaker_residential_BalconyTable_01/meshes/aws_BalconyTable_01_visual.DAE
[0.687s] -- Up-to-date symlink: /home/loq/roboracer_ws/install/roboracer_description/share/roboracer_description/models/aws_robomaker_residential_BalconyTable_01/model.config
[0.687s] -- Up-to-date symlink: /home/loq/roboracer_ws/install/roboracer_description/share/roboracer_description/models/aws_robomaker_residential_BalconyTable_01/model.sdf
[0.687s] -- Up-to-date symlink: /home/loq/roboracer_ws/install/roboracer_description/share/roboracer_description/models/aws_robomaker_residential_Ball_01/materials/textures/aws_Ball_01.png
[0.687s] -- Up-to-date symlink: /home/loq/roboracer_ws/install/roboracer_description/share/roboracer_description/models/aws_robomaker_residential_Ball_01/meshes/aws_Ball_01_collision.DAE
[0.687s] -- Up-to-date symlink: /home/loq/roboracer_ws/install/roboracer_description/share/roboracer_description/models/aws_robomaker_residential_Ball_01/meshes/aws_Ball_01_visual.DAE
[0.687s] -- Up-to-date symlink: /home/loq/roboracer_ws/install/roboracer_description/share/roboracer_description/models/aws_robomaker_residential_Ball_01/model.config
[0.687s] -- Up-to-date symlink: /home/loq/roboracer_ws/install/roboracer_description/share/roboracer_description/models/aws_robomaker_residential_Ball_01/model.sdf
[0.687s] -- Up-to-date symlink: /home/loq/roboracer_ws/install/roboracer_description/share/roboracer_description/models/aws_robomaker_residential_Bed_01/materials/textures/aws_BedA_01.png
[0.687s] -- Up-to-date symlink: /home/loq/roboracer_ws/install/roboracer_description/share/roboracer_description/models/aws_robomaker_residential_Bed_01/materials/textures/aws_BedB_01.png
[0.687s] -- Up-to-date symlink: /home/loq/roboracer_ws/install/roboracer_description/share/roboracer_description/models/aws_robomaker_residential_Bed_01/materials/textures/aws_BedC_01.png
[0.687s] -- Up-to-date symlink: /home/loq/roboracer_ws/install/roboracer_description/share/roboracer_description/models/aws_robomaker_residential_Bed_01/materials/textures/aws_Bed_01.png
[0.687s] -- Up-to-date symlink: /home/loq/roboracer_ws/install/roboracer_description/share/roboracer_description/models/aws_robomaker_residential_Bed_01/meshes/aws_Bed_01_collision.DAE
[0.687s] -- Up-to-date symlink: /home/loq/roboracer_ws/install/roboracer_description/share/roboracer_description/models/aws_robomaker_residential_Bed_01/meshes/aws_Bed_01_visual.DAE
[0.688s] -- Up-to-date symlink: /home/loq/roboracer_ws/install/roboracer_description/share/roboracer_description/models/aws_robomaker_residential_Bed_01/model.config
[0.688s] -- Up-to-date symlink: /home/loq/roboracer_ws/install/roboracer_description/share/roboracer_description/models/aws_robomaker_residential_Bed_01/model.sdf
[0.688s] -- Up-to-date symlink: /home/loq/roboracer_ws/install/roboracer_description/share/roboracer_description/models/aws_robomaker_residential_Board_01/materials/textures/aws_Board_01.png
[0.688s] -- Up-to-date symlink: /home/loq/roboracer_ws/install/roboracer_description/share/roboracer_description/models/aws_robomaker_residential_Board_01/meshes/aws_Board_01_collision.DAE
[0.688s] -- Up-to-date symlink: /home/loq/roboracer_ws/install/roboracer_description/share/roboracer_description/models/aws_robomaker_residential_Board_01/meshes/aws_Board_01_visual.DAE
[0.688s] -- Up-to-date symlink: /home/loq/roboracer_ws/install/roboracer_description/share/roboracer_description/models/aws_robomaker_residential_Board_01/model.config
[0.688s] -- Up-to-date symlink: /home/loq/roboracer_ws/install/roboracer_description/share/roboracer_description/models/aws_robomaker_residential_Board_01/model.sdf
[0.688s] -- Up-to-date symlink: /home/loq/roboracer_ws/install/roboracer_description/share/roboracer_description/models/aws_robomaker_residential_Carpet_01/materials/textures/aws_Carpet_01.png
[0.688s] -- Up-to-date symlink: /home/loq/roboracer_ws/install/roboracer_description/share/roboracer_description/models/aws_robomaker_residential_Carpet_01/meshes/aws_Carpet_01_collision.DAE
[0.688s] -- Up-to-date symlink: /home/loq/roboracer_ws/install/roboracer_description/share/roboracer_description/models/aws_robomaker_residential_Carpet_01/meshes/aws_Carpet_01_visual.DAE
[0.688s] -- Up-to-date symlink: /home/loq/roboracer_ws/install/roboracer_description/share/roboracer_description/models/aws_robomaker_residential_Carpet_01/model.config
[0.688s] -- Up-to-date symlink: /home/loq/roboracer_ws/install/roboracer_description/share/roboracer_description/models/aws_robomaker_residential_Carpet_01/model.sdf
[0.688s] -- Up-to-date symlink: /home/loq/roboracer_ws/install/roboracer_description/share/roboracer_description/models/aws_robomaker_residential_ChairA_01/materials/textures/aws_ChairA_01.png
[0.688s] -- Up-to-date symlink: /home/loq/roboracer_ws/install/roboracer_description/share/roboracer_description/models/aws_robomaker_residential_ChairA_01/meshes/aws_ChairA_01_collision.DAE
[0.688s] -- Up-to-date symlink: /home/loq/roboracer_ws/install/roboracer_description/share/roboracer_description/models/aws_robomaker_residential_ChairA_01/meshes/aws_ChairA_01_visual.DAE
[0.688s] -- Up-to-date symlink: /home/loq/roboracer_ws/install/roboracer_description/share/roboracer_description/models/aws_robomaker_residential_ChairA_01/model.config
[0.689s] -- Up-to-date symlink: /home/loq/roboracer_ws/install/roboracer_description/share/roboracer_description/models/aws_robomaker_residential_ChairA_01/model.sdf
[0.689s] -- Up-to-date symlink: /home/loq/roboracer_ws/install/roboracer_description/share/roboracer_description/models/aws_robomaker_residential_ChairD_01/materials/textures/aws_ChairD_01.png
[0.689s] -- Up-to-date symlink: /home/loq/roboracer_ws/install/roboracer_description/share/roboracer_description/models/aws_robomaker_residential_ChairD_01/meshes/aws_ChairD_01_collision.DAE
[0.689s] -- Up-to-date symlink: /home/loq/roboracer_ws/install/roboracer_description/share/roboracer_description/models/aws_robomaker_residential_ChairD_01/meshes/aws_ChairD_01_visual.DAE
[0.689s] -- Up-to-date symlink: /home/loq/roboracer_ws/install/roboracer_description/share/roboracer_description/models/aws_robomaker_residential_ChairD_01/model.config
[0.689s] -- Up-to-date symlink: /home/loq/roboracer_ws/install/roboracer_description/share/roboracer_description/models/aws_robomaker_residential_ChairD_01/model.sdf
[0.689s] -- Up-to-date symlink: /home/loq/roboracer_ws/install/roboracer_description/share/roboracer_description/models/aws_robomaker_residential_Chandelier_01/materials/textures/aws_Chandelier_01.png
[0.689s] -- Up-to-date symlink: /home/loq/roboracer_ws/install/roboracer_description/share/roboracer_description/models/aws_robomaker_residential_Chandelier_01/meshes/aws_Chandelier_01.DAE
[0.689s] -- Up-to-date symlink: /home/loq/roboracer_ws/install/roboracer_description/share/roboracer_description/models/aws_robomaker_residential_Chandelier_01/meshes/aws_Chandelier_01_collision.DAE
[0.689s] -- Up-to-date symlink: /home/loq/roboracer_ws/install/roboracer_description/share/roboracer_description/models/aws_robomaker_residential_Chandelier_01/meshes/aws_Chandelier_01_visual.DAE
[0.689s] -- Up-to-date symlink: /home/loq/roboracer_ws/install/roboracer_description/share/roboracer_description/models/aws_robomaker_residential_Chandelier_01/model.config
[0.689s] -- Up-to-date symlink: /home/loq/roboracer_ws/install/roboracer_description/share/roboracer_description/models/aws_robomaker_residential_Chandelier_01/model.sdf
[0.690s] -- Up-to-date symlink: /home/loq/roboracer_ws/install/roboracer_description/share/roboracer_description/models/aws_robomaker_residential_CoffeeTable_01/materials/textures/aws_CoffeeTable_01.png
[0.690s] -- Up-to-date symlink: /home/loq/roboracer_ws/install/roboracer_description/share/roboracer_description/models/aws_robomaker_residential_CoffeeTable_01/meshes/aws_CoffeeTable_01_collision.DAE
[0.690s] -- Up-to-date symlink: /home/loq/roboracer_ws/install/roboracer_description/share/roboracer_description/models/aws_robomaker_residential_CoffeeTable_01/meshes/aws_CoffeeTable_01_visual.DAE
[0.690s] -- Up-to-date symlink: /home/loq/roboracer_ws/install/roboracer_description/share/roboracer_description/models/aws_robomaker_residential_CoffeeTable_01/model.config
[0.690s] -- Up-to-date symlink: /home/loq/roboracer_ws/install/roboracer_description/share/roboracer_description/models/aws_robomaker_residential_CoffeeTable_01/model.sdf
[0.690s] -- Up-to-date symlink: /home/loq/roboracer_ws/install/roboracer_description/share/roboracer_description/models/aws_robomaker_residential_CookingBench_01/materials/textures/aws_CookingBench_01.png
[0.690s] -- Up-to-date symlink: /home/loq/roboracer_ws/install/roboracer_description/share/roboracer_description/models/aws_robomaker_residential_CookingBench_01/meshes/aws_CookingBench_01.DAE
[0.690s] -- Up-to-date symlink: /home/loq/roboracer_ws/install/roboracer_description/share/roboracer_description/models/aws_robomaker_residential_CookingBench_01/meshes/aws_CookingBench_01_collision.DAE
[0.690s] -- Up-to-date symlink: /home/loq/roboracer_ws/install/roboracer_description/share/roboracer_description/models/aws_robomaker_residential_CookingBench_01/meshes/aws_CookingBench_01_visual.DAE
[0.690s] -- Up-to-date symlink: /home/loq/roboracer_ws/install/roboracer_description/share/roboracer_description/models/aws_robomaker_residential_CookingBench_01/model.config
[0.690s] -- Up-to-date symlink: /home/loq/roboracer_ws/install/roboracer_description/share/roboracer_description/models/aws_robomaker_residential_CookingBench_01/model.sdf
[0.690s] -- Up-to-date symlink: /home/loq/roboracer_ws/install/roboracer_description/share/roboracer_description/models/aws_robomaker_residential_Curtain_01/materials/textures/aws_Curtain_01.png
[0.690s] -- Up-to-date symlink: /home/loq/roboracer_ws/install/roboracer_description/share/roboracer_description/models/aws_robomaker_residential_Curtain_01/meshes/aws_Curtain_01_collision.DAE
[0.691s] -- Up-to-date symlink: /home/loq/roboracer_ws/install/roboracer_description/share/roboracer_description/models/aws_robomaker_residential_Curtain_01/meshes/aws_Curtain_01_visual.DAE
[0.691s] -- Up-to-date symlink: /home/loq/roboracer_ws/install/roboracer_description/share/roboracer_description/models/aws_robomaker_residential_Curtain_01/model.config
[0.691s] -- Up-to-date symlink: /home/loq/roboracer_ws/install/roboracer_description/share/roboracer_description/models/aws_robomaker_residential_Curtain_01/model.sdf
[0.691s] -- Up-to-date symlink: /home/loq/roboracer_ws/install/roboracer_description/share/roboracer_description/models/aws_robomaker_residential_DeskPortraitA_01/materials/textures/aws_DeskPortraitA_01.png
[0.691s] -- Up-to-date symlink: /home/loq/roboracer_ws/install/roboracer_description/share/roboracer_description/models/aws_robomaker_residential_DeskPortraitA_01/materials/textures/aws_DeskPortraitA_02.png
[0.691s] -- Up-to-date symlink: /home/loq/roboracer_ws/install/roboracer_description/share/roboracer_description/models/aws_robomaker_residential_DeskPortraitA_01/meshes/aws_DeskPortraitA_01_collision.DAE
[0.691s] -- Up-to-date symlink: /home/loq/roboracer_ws/install/roboracer_description/share/roboracer_description/models/aws_robomaker_residential_DeskPortraitA_01/meshes/aws_DeskPortraitA_01_visual.DAE
[0.691s] -- Up-to-date symlink: /home/loq/roboracer_ws/install/roboracer_description/share/roboracer_description/models/aws_robomaker_residential_DeskPortraitA_01/model.config
[0.691s] -- Up-to-date symlink: /home/loq/roboracer_ws/install/roboracer_description/share/roboracer_description/models/aws_robomaker_residential_DeskPortraitA_01/model.sdf
[0.691s] -- Up-to-date symlink: /home/loq/roboracer_ws/install/roboracer_description/share/roboracer_description/models/aws_robomaker_residential_DeskPortraitA_02/materials/textures/aws_DeskPortraitA_01.png
[0.692s] -- Up-to-date symlink: /home/loq/roboracer_ws/install/roboracer_description/share/roboracer_description/models/aws_robomaker_residential_DeskPortraitA_02/materials/textures/aws_DeskPortraitA_02.png
[0.692s] -- Up-to-date symlink: /home/loq/roboracer_ws/install/roboracer_description/share/roboracer_description/models/aws_robomaker_residential_DeskPortraitA_02/meshes/aws_DeskPortraitA_01_collision.DAE
[0.692s] -- Up-to-date symlink: /home/loq/roboracer_ws/install/roboracer_description/share/roboracer_description/models/aws_robomaker_residential_DeskPortraitA_02/meshes/aws_DeskPortraitA_01_visual.DAE
[0.692s] -- Up-to-date symlink: /home/loq/roboracer_ws/install/roboracer_description/share/roboracer_description/models/aws_robomaker_residential_DeskPortraitA_02/model.config
[0.692s] -- Up-to-date symlink: /home/loq/roboracer_ws/install/roboracer_description/share/roboracer_description/models/aws_robomaker_residential_DeskPortraitA_02/model.sdf
[0.692s] -- Up-to-date symlink: /home/loq/roboracer_ws/install/roboracer_description/share/roboracer_description/models/aws_robomaker_residential_DeskPortraitB_01/materials/textures/aws_DeskPortraitB_01.png
[0.692s] -- Up-to-date symlink: /home/loq/roboracer_ws/install/roboracer_description/share/roboracer_description/models/aws_robomaker_residential_DeskPortraitB_01/materials/textures/aws_DeskPortraitB_02.png
[0.692s] -- Up-to-date symlink: /home/loq/roboracer_ws/install/roboracer_description/share/roboracer_description/models/aws_robomaker_residential_DeskPortraitB_01/meshes/aws_DeskPortraitB_01_collision.DAE
[0.692s] -- Up-to-date symlink: /home/loq/roboracer_ws/install/roboracer_description/share/roboracer_description/models/aws_robomaker_residential_DeskPortraitB_01/meshes/aws_DeskPortraitB_01_visual.DAE
[0.692s] -- Up-to-date symlink: /home/loq/roboracer_ws/install/roboracer_description/share/roboracer_description/models/aws_robomaker_residential_DeskPortraitB_01/model.config
[0.693s] -- Up-to-date symlink: /home/loq/roboracer_ws/install/roboracer_description/share/roboracer_description/models/aws_robomaker_residential_DeskPortraitB_01/model.sdf
[0.693s] -- Up-to-date symlink: /home/loq/roboracer_ws/install/roboracer_description/share/roboracer_description/models/aws_robomaker_residential_DeskPortraitB_02/materials/textures/aws_DeskPortraitB_01.png
[0.693s] -- Up-to-date symlink: /home/loq/roboracer_ws/install/roboracer_description/share/roboracer_description/models/aws_robomaker_residential_DeskPortraitB_02/materials/textures/aws_DeskPortraitB_02.png
[0.693s] -- Up-to-date symlink: /home/loq/roboracer_ws/install/roboracer_description/share/roboracer_description/models/aws_robomaker_residential_DeskPortraitB_02/meshes/aws_DeskPortraitB_01_collision.DAE
[0.693s] -- Up-to-date symlink: /home/loq/roboracer_ws/install/roboracer_description/share/roboracer_description/models/aws_robomaker_residential_DeskPortraitB_02/meshes/aws_DeskPortraitB_01_visual.DAE
[0.693s] -- Up-to-date symlink: /home/loq/roboracer_ws/install/roboracer_description/share/roboracer_description/models/aws_robomaker_residential_DeskPortraitB_02/model.config
[0.693s] -- Up-to-date symlink: /home/loq/roboracer_ws/install/roboracer_description/share/roboracer_description/models/aws_robomaker_residential_DeskPortraitB_02/model.sdf
[0.693s] -- Up-to-date symlink: /home/loq/roboracer_ws/install/roboracer_description/share/roboracer_description/models/aws_robomaker_residential_DeskPortraitC_01/materials/textures/aws_DeskPortraitC_01.png
[0.693s] -- Up-to-date symlink: /home/loq/roboracer_ws/install/roboracer_description/share/roboracer_description/models/aws_robomaker_residential_DeskPortraitC_01/materials/textures/aws_DeskPortraitC_02.png
[0.694s] -- Up-to-date symlink: /home/loq/roboracer_ws/install/roboracer_description/share/roboracer_description/models/aws_robomaker_residential_DeskPortraitC_01/meshes/aws_DeskPortraitC_01_collision.DAE
[0.694s] -- Up-to-date symlink: /home/loq/roboracer_ws/install/roboracer_description/share/roboracer_description/models/aws_robomaker_residential_DeskPortraitC_01/meshes/aws_DeskPortraitC_01_visual.DAE
[0.694s] -- Up-to-date symlink: /home/loq/roboracer_ws/install/roboracer_description/share/roboracer_description/models/aws_robomaker_residential_DeskPortraitC_01/model.config
[0.694s] -- Up-to-date symlink: /home/loq/roboracer_ws/install/roboracer_description/share/roboracer_description/models/aws_robomaker_residential_DeskPortraitC_01/model.sdf
[0.694s] -- Up-to-date symlink: /home/loq/roboracer_ws/install/roboracer_description/share/roboracer_description/models/aws_robomaker_residential_DeskPortraitC_02/materials/textures/aws_DeskPortraitC_01.png
[0.694s] -- Up-to-date symlink: /home/loq/roboracer_ws/install/roboracer_description/share/roboracer_description/models/aws_robomaker_residential_DeskPortraitC_02/materials/textures/aws_DeskPortraitC_02.png
[0.694s] -- Up-to-date symlink: /home/loq/roboracer_ws/install/roboracer_description/share/roboracer_description/models/aws_robomaker_residential_DeskPortraitC_02/meshes/aws_DeskPortraitC_01_collision.DAE
[0.694s] -- Up-to-date symlink: /home/loq/roboracer_ws/install/roboracer_description/share/roboracer_description/models/aws_robomaker_residential_DeskPortraitC_02/meshes/aws_DeskPortraitC_01_visual.DAE
[0.694s] -- Up-to-date symlink: /home/loq/roboracer_ws/install/roboracer_description/share/roboracer_description/models/aws_robomaker_residential_DeskPortraitC_02/model.config
[0.694s] -- Up-to-date symlink: /home/loq/roboracer_ws/install/roboracer_description/share/roboracer_description/models/aws_robomaker_residential_DeskPortraitC_02/model.sdf
[0.694s] -- Up-to-date symlink: /home/loq/roboracer_ws/install/roboracer_description/share/roboracer_description/models/aws_robomaker_residential_DeskPortraitD_01/materials/textures/aws_DeskPortraitD_01.png
[0.694s] -- Up-to-date symlink: /home/loq/roboracer_ws/install/roboracer_description/share/roboracer_description/models/aws_robomaker_residential_DeskPortraitD_01/materials/textures/aws_DeskPortraitD_02.png
[0.694s] -- Up-to-date symlink: /home/loq/roboracer_ws/install/roboracer_description/share/roboracer_description/models/aws_robomaker_residential_DeskPortraitD_01/meshes/aws_DeskPortraitD_01_collision.DAE
[0.695s] -- Up-to-date symlink: /home/loq/roboracer_ws/install/roboracer_description/share/roboracer_description/models/aws_robomaker_residential_DeskPortraitD_01/meshes/aws_DeskPortraitD_01_visual.DAE
[0.695s] -- Up-to-date symlink: /home/loq/roboracer_ws/install/roboracer_description/share/roboracer_description/models/aws_robomaker_residential_DeskPortraitD_01/model.config
[0.695s] -- Up-to-date symlink: /home/loq/roboracer_ws/install/roboracer_description/share/roboracer_description/models/aws_robomaker_residential_DeskPortraitD_01/model.sdf
[0.695s] -- Up-to-date symlink: /home/loq/roboracer_ws/install/roboracer_description/share/roboracer_description/models/aws_robomaker_residential_DeskPortraitD_02/materials/textures/aws_DeskPortraitD_01.png
[0.695s] -- Up-to-date symlink: /home/loq/roboracer_ws/install/roboracer_description/share/roboracer_description/models/aws_robomaker_residential_DeskPortraitD_02/materials/textures/aws_DeskPortraitD_02.png
[0.695s] -- Up-to-date symlink: /home/loq/roboracer_ws/install/roboracer_description/share/roboracer_description/models/aws_robomaker_residential_DeskPortraitD_02/meshes/aws_DeskPortraitD_01_collision.DAE
[0.695s] -- Up-to-date symlink: /home/loq/roboracer_ws/install/roboracer_description/share/roboracer_description/models/aws_robomaker_residential_DeskPortraitD_02/meshes/aws_DeskPortraitD_01_visual.DAE
[0.695s] -- Up-to-date symlink: /home/loq/roboracer_ws/install/roboracer_description/share/roboracer_description/models/aws_robomaker_residential_DeskPortraitD_02/model.config
[0.695s] -- Up-to-date symlink: /home/loq/roboracer_ws/install/roboracer_description/share/roboracer_description/models/aws_robomaker_residential_DeskPortraitD_02/model.sdf
[0.695s] -- Up-to-date symlink: /home/loq/roboracer_ws/install/roboracer_description/share/roboracer_description/models/aws_robomaker_residential_DeskPortraitD_03/materials/textures/aws_DeskPortraitD_01.png
[0.696s] -- Up-to-date symlink: /home/loq/roboracer_ws/install/roboracer_description/share/roboracer_description/models/aws_robomaker_residential_DeskPortraitD_03/materials/textures/aws_DeskPortraitD_02.png
[0.696s] -- Up-to-date symlink: /home/loq/roboracer_ws/install/roboracer_description/share/roboracer_description/models/aws_robomaker_residential_DeskPortraitD_03/meshes/aws_DeskPortraitD_01_collision.DAE
[0.696s] -- Up-to-date symlink: /home/loq/roboracer_ws/install/roboracer_description/share/roboracer_description/models/aws_robomaker_residential_DeskPortraitD_03/meshes/aws_DeskPortraitD_01_visual.DAE
[0.696s] -- Up-to-date symlink: /home/loq/roboracer_ws/install/roboracer_description/share/roboracer_description/models/aws_robomaker_residential_DeskPortraitD_03/model.config
[0.696s] -- Up-to-date symlink: /home/loq/roboracer_ws/install/roboracer_description/share/roboracer_description/models/aws_robomaker_residential_DeskPortraitD_03/model.sdf
[0.696s] -- Up-to-date symlink: /home/loq/roboracer_ws/install/roboracer_description/share/roboracer_description/models/aws_robomaker_residential_DeskPortraitD_04/materials/textures/aws_DeskPortraitD_01.png
[0.696s] -- Up-to-date symlink: /home/loq/roboracer_ws/install/roboracer_description/share/roboracer_description/models/aws_robomaker_residential_DeskPortraitD_04/materials/textures/aws_DeskPortraitD_02.png
[0.697s] -- Up-to-date symlink: /home/loq/roboracer_ws/install/roboracer_description/share/roboracer_description/models/aws_robomaker_residential_DeskPortraitD_04/meshes/aws_DeskPortraitD_01_collision.DAE
[0.697s] -- Up-to-date symlink: /home/loq/roboracer_ws/install/roboracer_description/share/roboracer_description/models/aws_robomaker_residential_DeskPortraitD_04/meshes/aws_DeskPortraitD_01_visual.DAE
[0.697s] -- Up-to-date symlink: /home/loq/roboracer_ws/install/roboracer_description/share/roboracer_description/models/aws_robomaker_residential_DeskPortraitD_04/model.config
[0.697s] -- Up-to-date symlink: /home/loq/roboracer_ws/install/roboracer_description/share/roboracer_description/models/aws_robomaker_residential_DeskPortraitD_04/model.sdf
[0.697s] -- Up-to-date symlink: /home/loq/roboracer_ws/install/roboracer_description/share/roboracer_description/models/aws_robomaker_residential_Door_01/materials/textures/aws_Door_01.png
[0.697s] -- Up-to-date symlink: /home/loq/roboracer_ws/install/roboracer_description/share/roboracer_description/models/aws_robomaker_residential_Door_01/meshes/aws_Door_01_collision.DAE
[0.697s] -- Up-to-date symlink: /home/loq/roboracer_ws/install/roboracer_description/share/roboracer_description/models/aws_robomaker_residential_Door_01/meshes/aws_Door_01_visual.DAE
[0.697s] -- Up-to-date symlink: /home/loq/roboracer_ws/install/roboracer_description/share/roboracer_description/models/aws_robomaker_residential_Door_01/model.config
[0.697s] -- Up-to-date symlink: /home/loq/roboracer_ws/install/roboracer_description/share/roboracer_description/models/aws_robomaker_residential_Door_01/model.sdf
[0.697s] -- Up-to-date symlink: /home/loq/roboracer_ws/install/roboracer_description/share/roboracer_description/models/aws_robomaker_residential_Dumbbell_01/materials/textures/aws_Dumbbell_01.png
[0.697s] -- Up-to-date symlink: /home/loq/roboracer_ws/install/roboracer_description/share/roboracer_description/models/aws_robomaker_residential_Dumbbell_01/meshes/aws_Dumbbell_01_collision.DAE
[0.697s] -- Up-to-date symlink: /home/loq/roboracer_ws/install/roboracer_description/share/roboracer_description/models/aws_robomaker_residential_Dumbbell_01/meshes/aws_Dumbbell_01_visual.DAE
[0.697s] -- Up-to-date symlink: /home/loq/roboracer_ws/install/roboracer_description/share/roboracer_description/models/aws_robomaker_residential_Dumbbell_01/model.config
[0.698s] -- Up-to-date symlink: /home/loq/roboracer_ws/install/roboracer_description/share/roboracer_description/models/aws_robomaker_residential_Dumbbell_01/model.sdf
[0.698s] -- Up-to-date symlink: /home/loq/roboracer_ws/install/roboracer_description/share/roboracer_description/models/aws_robomaker_residential_FitnessEquipment_01/materials/textures/aws_FitnessEquipment_01.png
[0.698s] -- Up-to-date symlink: /home/loq/roboracer_ws/install/roboracer_description/share/roboracer_description/models/aws_robomaker_residential_FitnessEquipment_01/meshes/aws_FitnessEquipment_01_collision.DAE
[0.698s] -- Up-to-date symlink: /home/loq/roboracer_ws/install/roboracer_description/share/roboracer_description/models/aws_robomaker_residential_FitnessEquipment_01/meshes/aws_FitnessEquipment_01_visual.DAE
[0.698s] -- Up-to-date symlink: /home/loq/roboracer_ws/install/roboracer_description/share/roboracer_description/models/aws_robomaker_residential_FitnessEquipment_01/model.config
[0.699s] -- Up-to-date symlink: /home/loq/roboracer_ws/install/roboracer_description/share/roboracer_description/models/aws_robomaker_residential_FitnessEquipment_01/model.sdf
[0.699s] -- Up-to-date symlink: /home/loq/roboracer_ws/install/roboracer_description/share/roboracer_description/models/aws_robomaker_residential_FloorB_01/materials/textures/aws_FloorB_01.png
[0.699s] -- Up-to-date symlink: /home/loq/roboracer_ws/install/roboracer_description/share/roboracer_description/models/aws_robomaker_residential_FloorB_01/meshes/aws_FloorB_01_collision.DAE
[0.699s] -- Up-to-date symlink: /home/loq/roboracer_ws/install/roboracer_description/share/roboracer_description/models/aws_robomaker_residential_FloorB_01/meshes/aws_FloorB_01_visual.DAE
[0.699s] -- Up-to-date symlink: /home/loq/roboracer_ws/install/roboracer_description/share/roboracer_description/models/aws_robomaker_residential_FloorB_01/model.config
[0.699s] -- Up-to-date symlink: /home/loq/roboracer_ws/install/roboracer_description/share/roboracer_description/models/aws_robomaker_residential_FloorB_01/model.sdf
[0.699s] -- Up-to-date symlink: /home/loq/roboracer_ws/install/roboracer_description/share/roboracer_description/models/aws_robomaker_residential_FoldingDoor_01/materials/textures/aws_FoldingDoor_01.png
[0.699s] -- Up-to-date symlink: /home/loq/roboracer_ws/install/roboracer_description/share/roboracer_description/models/aws_robomaker_residential_FoldingDoor_01/meshes/aws_FoldingDoor_01_collision.DAE
[0.699s] -- Up-to-date symlink: /home/loq/roboracer_ws/install/roboracer_description/share/roboracer_description/models/aws_robomaker_residential_FoldingDoor_01/meshes/aws_FoldingDoor_01_visual.DAE
[0.699s] -- Up-to-date symlink: /home/loq/roboracer_ws/install/roboracer_description/share/roboracer_description/models/aws_robomaker_residential_FoldingDoor_01/model.config
[0.699s] -- Up-to-date symlink: /home/loq/roboracer_ws/install/roboracer_description/share/roboracer_description/models/aws_robomaker_residential_FoldingDoor_01/model.sdf
[0.700s] -- Up-to-date symlink: /home/loq/roboracer_ws/install/roboracer_description/share/roboracer_description/models/aws_robomaker_residential_FoldingDoor_02/materials/textures/aws_FoldingDoor_02.png
[0.700s] -- Up-to-date symlink: /home/loq/roboracer_ws/install/roboracer_description/share/roboracer_description/models/aws_robomaker_residential_FoldingDoor_02/meshes/aws_FoldingDoor_02_collision.DAE
[0.700s] -- Up-to-date symlink: /home/loq/roboracer_ws/install/roboracer_description/share/roboracer_description/models/aws_robomaker_residential_FoldingDoor_02/meshes/aws_FoldingDoor_02_visual.DAE
[0.700s] -- Up-to-date symlink: /home/loq/roboracer_ws/install/roboracer_description/share/roboracer_description/models/aws_robomaker_residential_FoldingDoor_02/model.config
[0.700s] -- Up-to-date symlink: /home/loq/roboracer_ws/install/roboracer_description/share/roboracer_description/models/aws_robomaker_residential_FoldingDoor_02/model.sdf
[0.700s] -- Up-to-date symlink: /home/loq/roboracer_ws/install/roboracer_description/share/roboracer_description/models/aws_robomaker_residential_Handle_01/materials/textures/aws_Handle_01.png
[0.700s] -- Up-to-date symlink: /home/loq/roboracer_ws/install/roboracer_description/share/roboracer_description/models/aws_robomaker_residential_Handle_01/meshes/aws_ handle_01_collision.DAE
[0.700s] -- Up-to-date symlink: /home/loq/roboracer_ws/install/roboracer_description/share/roboracer_description/models/aws_robomaker_residential_Handle_01/meshes/aws_Handle_01_collision.DAE
[0.701s] -- Up-to-date symlink: /home/loq/roboracer_ws/install/roboracer_description/share/roboracer_description/models/aws_robomaker_residential_Handle_01/meshes/aws_Handle_01_visual.DAE
[0.701s] -- Up-to-date symlink: /home/loq/roboracer_ws/install/roboracer_description/share/roboracer_description/models/aws_robomaker_residential_Handle_01/model.config
[0.701s] -- Up-to-date symlink: /home/loq/roboracer_ws/install/roboracer_description/share/roboracer_description/models/aws_robomaker_residential_Handle_01/model.sdf
[0.701s] -- Up-to-date symlink: /home/loq/roboracer_ws/install/roboracer_description/share/roboracer_description/models/aws_robomaker_residential_HouseWallB_01/materials/textures/aws_HouseWallB_01.png
[0.701s] -- Up-to-date symlink: /home/loq/roboracer_ws/install/roboracer_description/share/roboracer_description/models/aws_robomaker_residential_HouseWallB_01/meshes/aws_HouseWallB_01_collision.DAE
[0.701s] -- Up-to-date symlink: /home/loq/roboracer_ws/install/roboracer_description/share/roboracer_description/models/aws_robomaker_residential_HouseWallB_01/meshes/aws_HouseWallB_01_visual.DAE
[0.701s] -- Up-to-date symlink: /home/loq/roboracer_ws/install/roboracer_description/share/roboracer_description/models/aws_robomaker_residential_HouseWallB_01/model.config
[0.701s] -- Up-to-date symlink: /home/loq/roboracer_ws/install/roboracer_description/share/roboracer_description/models/aws_robomaker_residential_HouseWallB_01/model.sdf
[0.701s] -- Up-to-date symlink: /home/loq/roboracer_ws/install/roboracer_description/share/roboracer_description/models/aws_robomaker_residential_KitchenCabinet_01/materials/textures/aws_KitchenCabinet_01.png
[0.701s] -- Up-to-date symlink: /home/loq/roboracer_ws/install/roboracer_description/share/roboracer_description/models/aws_robomaker_residential_KitchenCabinet_01/meshes/aws_KitchenCabinet_01_collision.DAE
[0.702s] -- Up-to-date symlink: /home/loq/roboracer_ws/install/roboracer_description/share/roboracer_description/models/aws_robomaker_residential_KitchenCabinet_01/meshes/aws_KitchenCabinet_01_visual.DAE
[0.702s] -- Up-to-date symlink: /home/loq/roboracer_ws/install/roboracer_description/share/roboracer_description/models/aws_robomaker_residential_KitchenCabinet_01/model.config
[0.702s] -- Up-to-date symlink: /home/loq/roboracer_ws/install/roboracer_description/share/roboracer_description/models/aws_robomaker_residential_KitchenCabinet_01/model.sdf
[0.702s] -- Up-to-date symlink: /home/loq/roboracer_ws/install/roboracer_description/share/roboracer_description/models/aws_robomaker_residential_KitchenTable_01/materials/textures/aws_KitchenTable_01.png
[0.703s] -- Up-to-date symlink: /home/loq/roboracer_ws/install/roboracer_description/share/roboracer_description/models/aws_robomaker_residential_KitchenTable_01/meshes/aws_KitchenTable_01_collision.DAE
[0.703s] -- Up-to-date symlink: /home/loq/roboracer_ws/install/roboracer_description/share/roboracer_description/models/aws_robomaker_residential_KitchenTable_01/meshes/aws_KitchenTable_01_visual.DAE
[0.703s] -- Up-to-date symlink: /home/loq/roboracer_ws/install/roboracer_description/share/roboracer_description/models/aws_robomaker_residential_KitchenTable_01/model.config
[0.703s] -- Up-to-date symlink: /home/loq/roboracer_ws/install/roboracer_description/share/roboracer_description/models/aws_robomaker_residential_KitchenTable_01/model.sdf
[0.704s] -- Up-to-date symlink: /home/loq/roboracer_ws/install/roboracer_description/share/roboracer_description/models/aws_robomaker_residential_KitchenUtensils_01/materials/textures/aws_KitchenUtensils_01.png
[0.704s] -- Up-to-date symlink: /home/loq/roboracer_ws/install/roboracer_description/share/roboracer_description/models/aws_robomaker_residential_KitchenUtensils_01/meshes/aws_KitchenUtensils_01_collision.DAE
[0.704s] -- Up-to-date symlink: /home/loq/roboracer_ws/install/roboracer_description/share/roboracer_description/models/aws_robomaker_residential_KitchenUtensils_01/meshes/aws_KitchenUtensils_01_visual.DAE
[0.704s] -- Up-to-date symlink: /home/loq/roboracer_ws/install/roboracer_description/share/roboracer_description/models/aws_robomaker_residential_KitchenUtensils_01/model.config
[0.705s] -- Up-to-date symlink: /home/loq/roboracer_ws/install/roboracer_description/share/roboracer_description/models/aws_robomaker_residential_KitchenUtensils_01/model.sdf
[0.705s] -- Up-to-date symlink: /home/loq/roboracer_ws/install/roboracer_description/share/roboracer_description/models/aws_robomaker_residential_LightC_01/materials/textures/aws_LightC_01.png
[0.705s] -- Up-to-date symlink: /home/loq/roboracer_ws/install/roboracer_description/share/roboracer_description/models/aws_robomaker_residential_LightC_01/meshes/aws_LightC_01_collision.DAE
[0.705s] -- Up-to-date symlink: /home/loq/roboracer_ws/install/roboracer_description/share/roboracer_description/models/aws_robomaker_residential_LightC_01/meshes/aws_LightC_01_visual.DAE
[0.705s] -- Up-to-date symlink: /home/loq/roboracer_ws/install/roboracer_description/share/roboracer_description/models/aws_robomaker_residential_LightC_01/model.config
[0.705s] -- Up-to-date symlink: /home/loq/roboracer_ws/install/roboracer_description/share/roboracer_description/models/aws_robomaker_residential_LightC_01/model.sdf
[0.705s] -- Up-to-date symlink: /home/loq/roboracer_ws/install/roboracer_description/share/roboracer_description/models/aws_robomaker_residential_NightStand_01/materials/textures/aws_NightStand_01.png
[0.705s] -- Up-to-date symlink: /home/loq/roboracer_ws/install/roboracer_description/share/roboracer_description/models/aws_robomaker_residential_NightStand_01/meshes/aws_NightStand_01_collision.DAE
[0.705s] -- Up-to-date symlink: /home/loq/roboracer_ws/install/roboracer_description/share/roboracer_description/models/aws_robomaker_residential_NightStand_01/meshes/aws_NightStand_01_visual.DAE
[0.706s] -- Up-to-date symlink: /home/loq/roboracer_ws/install/roboracer_description/share/roboracer_description/models/aws_robomaker_residential_NightStand_01/model.config
[0.706s] -- Up-to-date symlink: /home/loq/roboracer_ws/install/roboracer_description/share/roboracer_description/models/aws_robomaker_residential_NightStand_01/model.sdf
[0.706s] -- Up-to-date symlink: /home/loq/roboracer_ws/install/roboracer_description/share/roboracer_description/models/aws_robomaker_residential_Pillow_01/materials/textures/aws_Pillow_01.png
[0.706s] -- Up-to-date symlink: /home/loq/roboracer_ws/install/roboracer_description/share/roboracer_description/models/aws_robomaker_residential_Pillow_01/meshes/aws_Pillow_01_collision.DAE
[0.706s] -- Up-to-date symlink: /home/loq/roboracer_ws/install/roboracer_description/share/roboracer_description/models/aws_robomaker_residential_Pillow_01/meshes/aws_Pillow_01_visual.DAE
[0.706s] -- Up-to-date symlink: /home/loq/roboracer_ws/install/roboracer_description/share/roboracer_description/models/aws_robomaker_residential_Pillow_01/model.config
[0.706s] -- Up-to-date symlink: /home/loq/roboracer_ws/install/roboracer_description/share/roboracer_description/models/aws_robomaker_residential_Pillow_01/model.sdf
[0.706s] -- Up-to-date symlink: /home/loq/roboracer_ws/install/roboracer_description/share/roboracer_description/models/aws_robomaker_residential_PortraitA_01/materials/textures/aws_PortraitA_01.png
[0.706s] -- Up-to-date symlink: /home/loq/roboracer_ws/install/roboracer_description/share/roboracer_description/models/aws_robomaker_residential_PortraitA_01/materials/textures/aws_PortraitA_02.png
[0.707s] -- Up-to-date symlink: /home/loq/roboracer_ws/install/roboracer_description/share/roboracer_description/models/aws_robomaker_residential_PortraitA_01/meshes/aws_PortraitA_01_collision.DAE
[0.707s] -- Up-to-date symlink: /home/loq/roboracer_ws/install/roboracer_description/share/roboracer_description/models/aws_robomaker_residential_PortraitA_01/meshes/aws_PortraitA_01_visual.DAE
[0.707s] -- Up-to-date symlink: /home/loq/roboracer_ws/install/roboracer_description/share/roboracer_description/models/aws_robomaker_residential_PortraitA_01/model.config
[0.707s] -- Up-to-date symlink: /home/loq/roboracer_ws/install/roboracer_description/share/roboracer_description/models/aws_robomaker_residential_PortraitA_01/model.sdf
[0.707s] -- Up-to-date symlink: /home/loq/roboracer_ws/install/roboracer_description/share/roboracer_description/models/aws_robomaker_residential_PortraitA_02/materials/textures/aws_PortraitA_01.png
[0.707s] -- Up-to-date symlink: /home/loq/roboracer_ws/install/roboracer_description/share/roboracer_description/models/aws_robomaker_residential_PortraitA_02/materials/textures/aws_PortraitA_02.png
[0.707s] -- Up-to-date symlink: /home/loq/roboracer_ws/install/roboracer_description/share/roboracer_description/models/aws_robomaker_residential_PortraitA_02/meshes/aws_PortraitA_01_collision.DAE
[0.708s] -- Up-to-date symlink: /home/loq/roboracer_ws/install/roboracer_description/share/roboracer_description/models/aws_robomaker_residential_PortraitA_02/meshes/aws_PortraitA_01_visual.DAE
[0.708s] -- Up-to-date symlink: /home/loq/roboracer_ws/install/roboracer_description/share/roboracer_description/models/aws_robomaker_residential_PortraitA_02/model.config
[0.708s] -- Up-to-date symlink: /home/loq/roboracer_ws/install/roboracer_description/share/roboracer_description/models/aws_robomaker_residential_PortraitA_02/model.sdf
[0.708s] -- Up-to-date symlink: /home/loq/roboracer_ws/install/roboracer_description/share/roboracer_description/models/aws_robomaker_residential_PortraitB_01/materials/textures/aws_PortraitB_01.png
[0.708s] -- Up-to-date symlink: /home/loq/roboracer_ws/install/roboracer_description/share/roboracer_description/models/aws_robomaker_residential_PortraitB_01/materials/textures/aws_PortraitB_02.png
[0.708s] -- Up-to-date symlink: /home/loq/roboracer_ws/install/roboracer_description/share/roboracer_description/models/aws_robomaker_residential_PortraitB_01/meshes/aws_PortraitB_01_collision.DAE
[0.708s] -- Up-to-date symlink: /home/loq/roboracer_ws/install/roboracer_description/share/roboracer_description/models/aws_robomaker_residential_PortraitB_01/meshes/aws_PortraitB_01_visual.DAE
[0.708s] -- Up-to-date symlink: /home/loq/roboracer_ws/install/roboracer_description/share/roboracer_description/models/aws_robomaker_residential_PortraitB_01/model.config
[0.708s] -- Up-to-date symlink: /home/loq/roboracer_ws/install/roboracer_description/share/roboracer_description/models/aws_robomaker_residential_PortraitB_01/model.sdf
[0.708s] -- Up-to-date symlink: /home/loq/roboracer_ws/install/roboracer_description/share/roboracer_description/models/aws_robomaker_residential_PortraitB_02/materials/textures/aws_PortraitB_01.png
[0.708s] -- Up-to-date symlink: /home/loq/roboracer_ws/install/roboracer_description/share/roboracer_description/models/aws_robomaker_residential_PortraitB_02/materials/textures/aws_PortraitB_02.png
[0.708s] -- Up-to-date symlink: /home/loq/roboracer_ws/install/roboracer_description/share/roboracer_description/models/aws_robomaker_residential_PortraitB_02/meshes/aws_PortraitB_01_collision.DAE
[0.709s] -- Up-to-date symlink: /home/loq/roboracer_ws/install/roboracer_description/share/roboracer_description/models/aws_robomaker_residential_PortraitB_02/meshes/aws_PortraitB_01_visual.DAE
[0.709s] -- Up-to-date symlink: /home/loq/roboracer_ws/install/roboracer_description/share/roboracer_description/models/aws_robomaker_residential_PortraitB_02/model.config
[0.709s] -- Up-to-date symlink: /home/loq/roboracer_ws/install/roboracer_description/share/roboracer_description/models/aws_robomaker_residential_PortraitB_02/model.sdf
[0.709s] -- Up-to-date symlink: /home/loq/roboracer_ws/install/roboracer_description/share/roboracer_description/models/aws_robomaker_residential_PortraitB_03/materials/textures/aws_PortraitB_01.png
[0.709s] -- Up-to-date symlink: /home/loq/roboracer_ws/install/roboracer_description/share/roboracer_description/models/aws_robomaker_residential_PortraitB_03/materials/textures/aws_PortraitB_02.png
[0.709s] -- Up-to-date symlink: /home/loq/roboracer_ws/install/roboracer_description/share/roboracer_description/models/aws_robomaker_residential_PortraitB_03/meshes/aws_PortraitB_01_collision.DAE
[0.710s] -- Up-to-date symlink: /home/loq/roboracer_ws/install/roboracer_description/share/roboracer_description/models/aws_robomaker_residential_PortraitB_03/meshes/aws_PortraitB_01_visual.DAE
[0.711s] -- Up-to-date symlink: /home/loq/roboracer_ws/install/roboracer_description/share/roboracer_description/models/aws_robomaker_residential_PortraitB_03/model.config
[0.712s] -- Up-to-date symlink: /home/loq/roboracer_ws/install/roboracer_description/share/roboracer_description/models/aws_robomaker_residential_PortraitB_03/model.sdf
[0.712s] -- Up-to-date symlink: /home/loq/roboracer_ws/install/roboracer_description/share/roboracer_description/models/aws_robomaker_residential_PortraitC_01/materials/textures/aws_PortraitC_01.png
[0.712s] -- Up-to-date symlink: /home/loq/roboracer_ws/install/roboracer_description/share/roboracer_description/models/aws_robomaker_residential_PortraitC_01/materials/textures/aws_PortraitC_02.png
[0.713s] -- Up-to-date symlink: /home/loq/roboracer_ws/install/roboracer_description/share/roboracer_description/models/aws_robomaker_residential_PortraitC_01/meshes/aws_PortraitC_01_collision.DAE
[0.713s] -- Up-to-date symlink: /home/loq/roboracer_ws/install/roboracer_description/share/roboracer_description/models/aws_robomaker_residential_PortraitC_01/meshes/aws_PortraitC_01_visual.DAE
[0.713s] -- Up-to-date symlink: /home/loq/roboracer_ws/install/roboracer_description/share/roboracer_description/models/aws_robomaker_residential_PortraitC_01/model.config
[0.713s] -- Up-to-date symlink: /home/loq/roboracer_ws/install/roboracer_description/share/roboracer_description/models/aws_robomaker_residential_PortraitC_01/model.sdf
[0.713s] -- Up-to-date symlink: /home/loq/roboracer_ws/install/roboracer_description/share/roboracer_description/models/aws_robomaker_residential_PortraitD_01/materials/textures/aws_PortraitD_01.png
[0.713s] -- Up-to-date symlink: /home/loq/roboracer_ws/install/roboracer_description/share/roboracer_description/models/aws_robomaker_residential_PortraitD_01/materials/textures/aws_PortraitD_02.png
[0.713s] -- Up-to-date symlink: /home/loq/roboracer_ws/install/roboracer_description/share/roboracer_description/models/aws_robomaker_residential_PortraitD_01/meshes/aws_PortraitD_01_collision.DAE
[0.713s] -- Up-to-date symlink: /home/loq/roboracer_ws/install/roboracer_description/share/roboracer_description/models/aws_robomaker_residential_PortraitD_01/meshes/aws_PortraitD_01_visual.DAE
[0.713s] -- Up-to-date symlink: /home/loq/roboracer_ws/install/roboracer_description/share/roboracer_description/models/aws_robomaker_residential_PortraitD_01/model.config
[0.713s] -- Up-to-date symlink: /home/loq/roboracer_ws/install/roboracer_description/share/roboracer_description/models/aws_robomaker_residential_PortraitD_01/model.sdf
[0.713s] -- Up-to-date symlink: /home/loq/roboracer_ws/install/roboracer_description/share/roboracer_description/models/aws_robomaker_residential_PortraitD_02/materials/textures/aws_PortraitD_01.png
[0.713s] -- Up-to-date symlink: /home/loq/roboracer_ws/install/roboracer_description/share/roboracer_description/models/aws_robomaker_residential_PortraitD_02/materials/textures/aws_PortraitD_02.png
[0.713s] -- Up-to-date symlink: /home/loq/roboracer_ws/install/roboracer_description/share/roboracer_description/models/aws_robomaker_residential_PortraitD_02/meshes/aws_PortraitD_01_collision.DAE
[0.713s] -- Up-to-date symlink: /home/loq/roboracer_ws/install/roboracer_description/share/roboracer_description/models/aws_robomaker_residential_PortraitD_02/meshes/aws_PortraitD_01_visual.DAE
[0.713s] -- Up-to-date symlink: /home/loq/roboracer_ws/install/roboracer_description/share/roboracer_description/models/aws_robomaker_residential_PortraitD_02/model.config
[0.713s] -- Up-to-date symlink: /home/loq/roboracer_ws/install/roboracer_description/share/roboracer_description/models/aws_robomaker_residential_PortraitD_02/model.sdf
[0.713s] -- Up-to-date symlink: /home/loq/roboracer_ws/install/roboracer_description/share/roboracer_description/models/aws_robomaker_residential_PortraitE_01/materials/textures/aws_PortraitE_01.png
[0.713s] -- Up-to-date symlink: /home/loq/roboracer_ws/install/roboracer_description/share/roboracer_description/models/aws_robomaker_residential_PortraitE_01/materials/textures/aws_PortraitE_02.png
[0.713s] -- Up-to-date symlink: /home/loq/roboracer_ws/install/roboracer_description/share/roboracer_description/models/aws_robomaker_residential_PortraitE_01/meshes/aws_PortraitE_01_collision.DAE
[0.713s] -- Up-to-date symlink: /home/loq/roboracer_ws/install/roboracer_description/share/roboracer_description/models/aws_robomaker_residential_PortraitE_01/meshes/aws_PortraitE_01_visual.DAE
[0.713s] -- Up-to-date symlink: /home/loq/roboracer_ws/install/roboracer_description/share/roboracer_description/models/aws_robomaker_residential_PortraitE_01/model.config
[0.714s] -- Up-to-date symlink: /home/loq/roboracer_ws/install/roboracer_description/share/roboracer_description/models/aws_robomaker_residential_PortraitE_01/model.sdf
[0.714s] -- Up-to-date symlink: /home/loq/roboracer_ws/install/roboracer_description/share/roboracer_description/models/aws_robomaker_residential_PortraitE_02/materials/textures/aws_PortraitE_01.png
[0.714s] -- Up-to-date symlink: /home/loq/roboracer_ws/install/roboracer_description/share/roboracer_description/models/aws_robomaker_residential_PortraitE_02/materials/textures/aws_PortraitE_02.png
[0.714s] -- Up-to-date symlink: /home/loq/roboracer_ws/install/roboracer_description/share/roboracer_description/models/aws_robomaker_residential_PortraitE_02/meshes/aws_PortraitE_01_collision.DAE
[0.714s] -- Up-to-date symlink: /home/loq/roboracer_ws/install/roboracer_description/share/roboracer_description/models/aws_robomaker_residential_PortraitE_02/meshes/aws_PortraitE_01_visual.DAE
[0.714s] -- Up-to-date symlink: /home/loq/roboracer_ws/install/roboracer_description/share/roboracer_description/models/aws_robomaker_residential_PortraitE_02/model.config
[0.714s] -- Up-to-date symlink: /home/loq/roboracer_ws/install/roboracer_description/share/roboracer_description/models/aws_robomaker_residential_PortraitE_02/model.sdf
[0.714s] -- Up-to-date symlink: /home/loq/roboracer_ws/install/roboracer_description/share/roboracer_description/models/aws_robomaker_residential_Quilt_01/materials/textures/aws_Quilt_01.png
[0.714s] -- Up-to-date symlink: /home/loq/roboracer_ws/install/roboracer_description/share/roboracer_description/models/aws_robomaker_residential_Quilt_01/meshes/aws_Quilt_01_collision.DAE
[0.714s] -- Up-to-date symlink: /home/loq/roboracer_ws/install/roboracer_description/share/roboracer_description/models/aws_robomaker_residential_Quilt_01/meshes/aws_Quilt_01_visual.DAE
[0.714s] -- Up-to-date symlink: /home/loq/roboracer_ws/install/roboracer_description/share/roboracer_description/models/aws_robomaker_residential_Quilt_01/model.config
[0.714s] -- Up-to-date symlink: /home/loq/roboracer_ws/install/roboracer_description/share/roboracer_description/models/aws_robomaker_residential_Quilt_01/model.sdf
[0.714s] -- Up-to-date symlink: /home/loq/roboracer_ws/install/roboracer_description/share/roboracer_description/models/aws_robomaker_residential_Rangehood_01/materials/textures/aws_Rangehood_01.png
[0.714s] -- Up-to-date symlink: /home/loq/roboracer_ws/install/roboracer_description/share/roboracer_description/models/aws_robomaker_residential_Rangehood_01/meshes/aws_Rangehood_01_collision.DAE
[0.714s] -- Up-to-date symlink: /home/loq/roboracer_ws/install/roboracer_description/share/roboracer_description/models/aws_robomaker_residential_Rangehood_01/meshes/aws_Rangehood_01_visual.DAE
[0.714s] -- Up-to-date symlink: /home/loq/roboracer_ws/install/roboracer_description/share/roboracer_description/models/aws_robomaker_residential_Rangehood_01/model.config
[0.714s] -- Up-to-date symlink: /home/loq/roboracer_ws/install/roboracer_description/share/roboracer_description/models/aws_robomaker_residential_Rangehood_01/model.sdf
[0.714s] -- Up-to-date symlink: /home/loq/roboracer_ws/install/roboracer_description/share/roboracer_description/models/aws_robomaker_residential_ReadingDesk_01/materials/textures/aws_ReadingDesk_01.png
[0.714s] -- Up-to-date symlink: /home/loq/roboracer_ws/install/roboracer_description/share/roboracer_description/models/aws_robomaker_residential_ReadingDesk_01/meshes/aws_ReadingDesk_01_collision.DAE
[0.714s] -- Up-to-date symlink: /home/loq/roboracer_ws/install/roboracer_description/share/roboracer_description/models/aws_robomaker_residential_ReadingDesk_01/meshes/aws_ReadingDesk_01_visual.DAE
[0.715s] -- Up-to-date symlink: /home/loq/roboracer_ws/install/roboracer_description/share/roboracer_description/models/aws_robomaker_residential_ReadingDesk_01/model.config
[0.715s] -- Up-to-date symlink: /home/loq/roboracer_ws/install/roboracer_description/share/roboracer_description/models/aws_robomaker_residential_ReadingDesk_01/model.sdf
[0.715s] -- Up-to-date symlink: /home/loq/roboracer_ws/install/roboracer_description/share/roboracer_description/models/aws_robomaker_residential_Refrigerator_01/materials/textures/aws_Refrigerator_01.png
[0.715s] -- Up-to-date symlink: /home/loq/roboracer_ws/install/roboracer_description/share/roboracer_description/models/aws_robomaker_residential_Refrigerator_01/materials/textures/aws_Refrigerator_02.png
[0.715s] -- Up-to-date symlink: /home/loq/roboracer_ws/install/roboracer_description/share/roboracer_description/models/aws_robomaker_residential_Refrigerator_01/meshes/aws_Refrigerator_01.DAE
[0.715s] -- Up-to-date symlink: /home/loq/roboracer_ws/install/roboracer_description/share/roboracer_description/models/aws_robomaker_residential_Refrigerator_01/meshes/aws_Refrigerator_01_collision.DAE
[0.715s] -- Up-to-date symlink: /home/loq/roboracer_ws/install/roboracer_description/share/roboracer_description/models/aws_robomaker_residential_Refrigerator_01/meshes/aws_Refrigerator_01_visual.DAE
[0.715s] -- Up-to-date symlink: /home/loq/roboracer_ws/install/roboracer_description/share/roboracer_description/models/aws_robomaker_residential_Refrigerator_01/model.config
[0.715s] -- Up-to-date symlink: /home/loq/roboracer_ws/install/roboracer_description/share/roboracer_description/models/aws_robomaker_residential_Refrigerator_01/model.sdf
[0.715s] -- Up-to-date symlink: /home/loq/roboracer_ws/install/roboracer_description/share/roboracer_description/models/aws_robomaker_residential_RoomCeiling_01/materials/textures/aws_RoomCeiling_01.png
[0.715s] -- Up-to-date symlink: /home/loq/roboracer_ws/install/roboracer_description/share/roboracer_description/models/aws_robomaker_residential_RoomCeiling_01/meshes/aws_RoomCeiling_01_collision.DAE
[0.715s] -- Up-to-date symlink: /home/loq/roboracer_ws/install/roboracer_description/share/roboracer_description/models/aws_robomaker_residential_RoomCeiling_01/meshes/aws_RoomCeiling_01_visual.DAE
[0.715s] -- Up-to-date symlink: /home/loq/roboracer_ws/install/roboracer_description/share/roboracer_description/models/aws_robomaker_residential_RoomCeiling_01/model.config
[0.715s] -- Up-to-date symlink: /home/loq/roboracer_ws/install/roboracer_description/share/roboracer_description/models/aws_robomaker_residential_RoomCeiling_01/model.sdf
[0.715s] -- Up-to-date symlink: /home/loq/roboracer_ws/install/roboracer_description/share/roboracer_description/models/aws_robomaker_residential_RoomWall_01/materials/textures/aws_RoomWall_01.png
[0.715s] -- Up-to-date symlink: /home/loq/roboracer_ws/install/roboracer_description/share/roboracer_description/models/aws_robomaker_residential_RoomWall_01/meshes/aws_RoomWall_01_collision.DAE
[0.715s] -- Up-to-date symlink: /home/loq/roboracer_ws/install/roboracer_description/share/roboracer_description/models/aws_robomaker_residential_RoomWall_01/meshes/aws_RoomWall_01_visual.DAE
[0.715s] -- Up-to-date symlink: /home/loq/roboracer_ws/install/roboracer_description/share/roboracer_description/models/aws_robomaker_residential_RoomWall_01/model.config
[0.715s] -- Up-to-date symlink: /home/loq/roboracer_ws/install/roboracer_description/share/roboracer_description/models/aws_robomaker_residential_RoomWall_01/model.sdf
[0.715s] -- Up-to-date symlink: /home/loq/roboracer_ws/install/roboracer_description/share/roboracer_description/models/aws_robomaker_residential_RoomWindow_01/materials/textures/aws_RoomWindow_01.png
[0.715s] -- Up-to-date symlink: /home/loq/roboracer_ws/install/roboracer_description/share/roboracer_description/models/aws_robomaker_residential_RoomWindow_01/meshes/aws_RoomWindow_01_collision.DAE
[0.716s] -- Up-to-date symlink: /home/loq/roboracer_ws/install/roboracer_description/share/roboracer_description/models/aws_robomaker_residential_RoomWindow_01/meshes/aws_RoomWindow_01_visual.DAE
[0.716s] -- Up-to-date symlink: /home/loq/roboracer_ws/install/roboracer_description/share/roboracer_description/models/aws_robomaker_residential_RoomWindow_01/model.config
[0.716s] -- Up-to-date symlink: /home/loq/roboracer_ws/install/roboracer_description/share/roboracer_description/models/aws_robomaker_residential_RoomWindow_01/model.sdf
[0.716s] -- Up-to-date symlink: /home/loq/roboracer_ws/install/roboracer_description/share/roboracer_description/models/aws_robomaker_residential_SeasoningBox_01/materials/textures/aws_SeasoningBox_01.png
[0.716s] -- Up-to-date symlink: /home/loq/roboracer_ws/install/roboracer_description/share/roboracer_description/models/aws_robomaker_residential_SeasoningBox_01/meshes/aws_SeasoningBox_01_collision.DAE
[0.716s] -- Up-to-date symlink: /home/loq/roboracer_ws/install/roboracer_description/share/roboracer_description/models/aws_robomaker_residential_SeasoningBox_01/meshes/aws_SeasoningBox_01_visual.DAE
[0.716s] -- Up-to-date symlink: /home/loq/roboracer_ws/install/roboracer_description/share/roboracer_description/models/aws_robomaker_residential_SeasoningBox_01/model.config
[0.716s] -- Up-to-date symlink: /home/loq/roboracer_ws/install/roboracer_description/share/roboracer_description/models/aws_robomaker_residential_SeasoningBox_01/model.sdf
[0.716s] -- Up-to-date symlink: /home/loq/roboracer_ws/install/roboracer_description/share/roboracer_description/models/aws_robomaker_residential_SecurityCamera_01/materials/textures/aws_SecurityCamera_01.png
[0.716s] -- Up-to-date symlink: /home/loq/roboracer_ws/install/roboracer_description/share/roboracer_description/models/aws_robomaker_residential_SecurityCamera_01/meshes/aws_SecurityCamera_01_collision.DAE
[0.716s] -- Up-to-date symlink: /home/loq/roboracer_ws/install/roboracer_description/share/roboracer_description/models/aws_robomaker_residential_SecurityCamera_01/meshes/aws_SecurityCamera_01_visual.DAE
[0.716s] -- Up-to-date symlink: /home/loq/roboracer_ws/install/roboracer_description/share/roboracer_description/models/aws_robomaker_residential_SecurityCamera_01/model.config
[0.716s] -- Up-to-date symlink: /home/loq/roboracer_ws/install/roboracer_description/share/roboracer_description/models/aws_robomaker_residential_SecurityCamera_01/model.sdf
[0.716s] -- Up-to-date symlink: /home/loq/roboracer_ws/install/roboracer_description/share/roboracer_description/models/aws_robomaker_residential_ShoeRack_01/materials/textures/aws_ShoeRack_01.png
[0.716s] -- Up-to-date symlink: /home/loq/roboracer_ws/install/roboracer_description/share/roboracer_description/models/aws_robomaker_residential_ShoeRack_01/meshes/aws_ShoeRack_01_collision.DAE
[0.716s] -- Up-to-date symlink: /home/loq/roboracer_ws/install/roboracer_description/share/roboracer_description/models/aws_robomaker_residential_ShoeRack_01/meshes/aws_ShoeRack_01_visual.DAE
[0.716s] -- Up-to-date symlink: /home/loq/roboracer_ws/install/roboracer_description/share/roboracer_description/models/aws_robomaker_residential_ShoeRack_01/model.config
[0.716s] -- Up-to-date symlink: /home/loq/roboracer_ws/install/roboracer_description/share/roboracer_description/models/aws_robomaker_residential_ShoeRack_01/model.sdf
[0.716s] -- Up-to-date symlink: /home/loq/roboracer_ws/install/roboracer_description/share/roboracer_description/models/aws_robomaker_residential_SofaB_01/materials/textures/aws_SofaB_01.png
[0.716s] -- Up-to-date symlink: /home/loq/roboracer_ws/install/roboracer_description/share/roboracer_description/models/aws_robomaker_residential_SofaB_01/meshes/aws_SofaB_01_collision.DAE
[0.716s] -- Up-to-date symlink: /home/loq/roboracer_ws/install/roboracer_description/share/roboracer_description/models/aws_robomaker_residential_SofaB_01/meshes/aws_SofaB_01_visual.DAE
[0.717s] -- Up-to-date symlink: /home/loq/roboracer_ws/install/roboracer_description/share/roboracer_description/models/aws_robomaker_residential_SofaB_01/model.config
[0.717s] -- Up-to-date symlink: /home/loq/roboracer_ws/install/roboracer_description/share/roboracer_description/models/aws_robomaker_residential_SofaB_01/model.sdf
[0.717s] -- Up-to-date symlink: /home/loq/roboracer_ws/install/roboracer_description/share/roboracer_description/models/aws_robomaker_residential_SofaC_01/materials/textures/aws_SofaC_01.png
[0.717s] -- Up-to-date symlink: /home/loq/roboracer_ws/install/roboracer_description/share/roboracer_description/models/aws_robomaker_residential_SofaC_01/meshes/aws_SofaC_01_collision.DAE
[0.717s] -- Up-to-date symlink: /home/loq/roboracer_ws/install/roboracer_description/share/roboracer_description/models/aws_robomaker_residential_SofaC_01/meshes/aws_SofaC_01_visual.DAE
[0.717s] -- Up-to-date symlink: /home/loq/roboracer_ws/install/roboracer_description/share/roboracer_description/models/aws_robomaker_residential_SofaC_01/model.config
[0.717s] -- Up-to-date symlink: /home/loq/roboracer_ws/install/roboracer_description/share/roboracer_description/models/aws_robomaker_residential_SofaC_01/model.sdf
[0.717s] -- Up-to-date symlink: /home/loq/roboracer_ws/install/roboracer_description/share/roboracer_description/models/aws_robomaker_residential_Sofa_01/materials/textures/aws_Sofa_01.png
[0.717s] -- Up-to-date symlink: /home/loq/roboracer_ws/install/roboracer_description/share/roboracer_description/models/aws_robomaker_residential_Sofa_01/meshes/aws_Sofa_01.DAE
[0.717s] -- Up-to-date symlink: /home/loq/roboracer_ws/install/roboracer_description/share/roboracer_description/models/aws_robomaker_residential_Sofa_01/meshes/aws_Sofa_01_collision.DAE
[0.717s] -- Up-to-date symlink: /home/loq/roboracer_ws/install/roboracer_description/share/roboracer_description/models/aws_robomaker_residential_Sofa_01/meshes/aws_Sofa_01_visual.DAE
[0.717s] -- Up-to-date symlink: /home/loq/roboracer_ws/install/roboracer_description/share/roboracer_description/models/aws_robomaker_residential_Sofa_01/model.config
[0.717s] -- Up-to-date symlink: /home/loq/roboracer_ws/install/roboracer_description/share/roboracer_description/models/aws_robomaker_residential_Sofa_01/model.sdf
[0.717s] -- Up-to-date symlink: /home/loq/roboracer_ws/install/roboracer_description/share/roboracer_description/models/aws_robomaker_residential_TVCabinet_01/materials/textures/aws_TVCabinet_01.png
[0.718s] -- Up-to-date symlink: /home/loq/roboracer_ws/install/roboracer_description/share/roboracer_description/models/aws_robomaker_residential_TVCabinet_01/meshes/aws_TVCabinet_01_collision.DAE
[0.718s] -- Up-to-date symlink: /home/loq/roboracer_ws/install/roboracer_description/share/roboracer_description/models/aws_robomaker_residential_TVCabinet_01/meshes/aws_TVCabinet_01_visual.DAE
[0.718s] -- Up-to-date symlink: /home/loq/roboracer_ws/install/roboracer_description/share/roboracer_description/models/aws_robomaker_residential_TVCabinet_01/model.config
[0.718s] -- Up-to-date symlink: /home/loq/roboracer_ws/install/roboracer_description/share/roboracer_description/models/aws_robomaker_residential_TVCabinet_01/model.sdf
[0.718s] -- Up-to-date symlink: /home/loq/roboracer_ws/install/roboracer_description/share/roboracer_description/models/aws_robomaker_residential_TV_01/materials/textures/aws_TV_01.png
[0.718s] -- Up-to-date symlink: /home/loq/roboracer_ws/install/roboracer_description/share/roboracer_description/models/aws_robomaker_residential_TV_01/meshes/aws_TV_01_collision.DAE
[0.718s] -- Up-to-date symlink: /home/loq/roboracer_ws/install/roboracer_description/share/roboracer_description/models/aws_robomaker_residential_TV_01/meshes/aws_TV_01_visual.DAE
[0.718s] -- Up-to-date symlink: /home/loq/roboracer_ws/install/roboracer_description/share/roboracer_description/models/aws_robomaker_residential_TV_01/model.config
[0.718s] -- Up-to-date symlink: /home/loq/roboracer_ws/install/roboracer_description/share/roboracer_description/models/aws_robomaker_residential_TV_01/model.sdf
[0.718s] -- Up-to-date symlink: /home/loq/roboracer_ws/install/roboracer_description/share/roboracer_description/models/aws_robomaker_residential_TV_02/materials/textures/aws_TV_01.png
[0.718s] -- Up-to-date symlink: /home/loq/roboracer_ws/install/roboracer_description/share/roboracer_description/models/aws_robomaker_residential_TV_02/meshes/aws_TV_01_collision.DAE
[0.718s] -- Up-to-date symlink: /home/loq/roboracer_ws/install/roboracer_description/share/roboracer_description/models/aws_robomaker_residential_TV_02/meshes/aws_TV_01_visual.DAE
[0.718s] -- Up-to-date symlink: /home/loq/roboracer_ws/install/roboracer_description/share/roboracer_description/models/aws_robomaker_residential_TV_02/model.config
[0.718s] -- Up-to-date symlink: /home/loq/roboracer_ws/install/roboracer_description/share/roboracer_description/models/aws_robomaker_residential_TV_02/model.sdf
[0.719s] -- Up-to-date symlink: /home/loq/roboracer_ws/install/roboracer_description/share/roboracer_description/models/aws_robomaker_residential_Tablet_01/materials/textures/aws_Tablet_01_nologo.png
[0.719s] -- Up-to-date symlink: /home/loq/roboracer_ws/install/roboracer_description/share/roboracer_description/models/aws_robomaker_residential_Tablet_01/meshes/aws_Tablet_01_collision.DAE
[0.719s] -- Up-to-date symlink: /home/loq/roboracer_ws/install/roboracer_description/share/roboracer_description/models/aws_robomaker_residential_Tablet_01/meshes/aws_Tablet_01_visual.DAE
[0.719s] -- Up-to-date symlink: /home/loq/roboracer_ws/install/roboracer_description/share/roboracer_description/models/aws_robomaker_residential_Tablet_01/model.config
[0.719s] -- Up-to-date symlink: /home/loq/roboracer_ws/install/roboracer_description/share/roboracer_description/models/aws_robomaker_residential_Tablet_01/model.sdf
[0.719s] -- Up-to-date symlink: /home/loq/roboracer_ws/install/roboracer_description/share/roboracer_description/models/aws_robomaker_residential_Tableware_01/materials/textures/aws_Tableware_01.png
[0.719s] -- Up-to-date symlink: /home/loq/roboracer_ws/install/roboracer_description/share/roboracer_description/models/aws_robomaker_residential_Tableware_01/meshes/aws_Tableware_01_collision.DAE
[0.719s] -- Up-to-date symlink: /home/loq/roboracer_ws/install/roboracer_description/share/roboracer_description/models/aws_robomaker_residential_Tableware_01/meshes/aws_Tableware_01_visual.DAE
[0.719s] -- Up-to-date symlink: /home/loq/roboracer_ws/install/roboracer_description/share/roboracer_description/models/aws_robomaker_residential_Tableware_01/model.config
[0.719s] -- Up-to-date symlink: /home/loq/roboracer_ws/install/roboracer_description/share/roboracer_description/models/aws_robomaker_residential_Tableware_01/model.sdf
[0.719s] -- Up-to-date symlink: /home/loq/roboracer_ws/install/roboracer_description/share/roboracer_description/models/aws_robomaker_residential_Trash_01/materials/textures/aws_Trash_01.png
[0.719s] -- Up-to-date symlink: /home/loq/roboracer_ws/install/roboracer_description/share/roboracer_description/models/aws_robomaker_residential_Trash_01/meshes/aws_Trash_01_collision.DAE
[0.719s] -- Up-to-date symlink: /home/loq/roboracer_ws/install/roboracer_description/share/roboracer_description/models/aws_robomaker_residential_Trash_01/meshes/aws_Trash_01_visual.DAE
[0.719s] -- Up-to-date symlink: /home/loq/roboracer_ws/install/roboracer_description/share/roboracer_description/models/aws_robomaker_residential_Trash_01/model.config
[0.719s] -- Up-to-date symlink: /home/loq/roboracer_ws/install/roboracer_description/share/roboracer_description/models/aws_robomaker_residential_Trash_01/model.sdf
[0.719s] -- Up-to-date symlink: /home/loq/roboracer_ws/install/roboracer_description/share/roboracer_description/models/aws_robomaker_residential_Vase_01/materials/textures/aws_Vase_01.png
[0.719s] -- Up-to-date symlink: /home/loq/roboracer_ws/install/roboracer_description/share/roboracer_description/models/aws_robomaker_residential_Vase_01/meshes/aws_Vase_01_collision.DAE
[0.720s] -- Up-to-date symlink: /home/loq/roboracer_ws/install/roboracer_description/share/roboracer_description/models/aws_robomaker_residential_Vase_01/meshes/aws_Vase_01_visual.DAE
[0.720s] -- Up-to-date symlink: /home/loq/roboracer_ws/install/roboracer_description/share/roboracer_description/models/aws_robomaker_residential_Vase_01/model.config
[0.720s] -- Up-to-date symlink: /home/loq/roboracer_ws/install/roboracer_description/share/roboracer_description/models/aws_robomaker_residential_Vase_01/model.sdf
[0.720s] -- Up-to-date symlink: /home/loq/roboracer_ws/install/roboracer_description/share/roboracer_description/models/aws_robomaker_residential_Wardrobe_01/materials/textures/aws_Wardrobe_01.png
[0.720s] -- Up-to-date symlink: /home/loq/roboracer_ws/install/roboracer_description/share/roboracer_description/models/aws_robomaker_residential_Wardrobe_01/meshes/aws_Wardrobe_01_collision.DAE
[0.720s] -- Up-to-date symlink: /home/loq/roboracer_ws/install/roboracer_description/share/roboracer_description/models/aws_robomaker_residential_Wardrobe_01/meshes/aws_Wardrobe_01_visual.DAE
[0.720s] -- Up-to-date symlink: /home/loq/roboracer_ws/install/roboracer_description/share/roboracer_description/models/aws_robomaker_residential_Wardrobe_01/model.config
[0.720s] -- Up-to-date symlink: /home/loq/roboracer_ws/install/roboracer_description/share/roboracer_description/models/aws_robomaker_residential_Wardrobe_01/model.sdf
[0.720s] -- Up-to-date symlink: /home/loq/roboracer_ws/install/roboracer_description/share/roboracer_description/models/aws_robomaker_warehouse_Bucket_01/.DS_Store
[0.720s] -- Up-to-date symlink: /home/loq/roboracer_ws/install/roboracer_description/share/roboracer_description/models/aws_robomaker_warehouse_Bucket_01/materials/.DS_Store
[0.720s] -- Up-to-date symlink: /home/loq/roboracer_ws/install/roboracer_description/share/roboracer_description/models/aws_robomaker_warehouse_Bucket_01/materials/textures/aws_robomaker_warehouse_Bucket_01.png
[0.720s] -- Up-to-date symlink: /home/loq/roboracer_ws/install/roboracer_description/share/roboracer_description/models/aws_robomaker_warehouse_Bucket_01/meshes/aws_robomaker_warehouse_Bucket_01_collision.DAE
[0.720s] -- Up-to-date symlink: /home/loq/roboracer_ws/install/roboracer_description/share/roboracer_description/models/aws_robomaker_warehouse_Bucket_01/meshes/aws_robomaker_warehouse_Bucket_01_visual.DAE
[0.720s] -- Up-to-date symlink: /home/loq/roboracer_ws/install/roboracer_description/share/roboracer_description/models/aws_robomaker_warehouse_Bucket_01/model.config
[0.721s] -- Up-to-date symlink: /home/loq/roboracer_ws/install/roboracer_description/share/roboracer_description/models/aws_robomaker_warehouse_Bucket_01/model.sdf
[0.721s] -- Up-to-date symlink: /home/loq/roboracer_ws/install/roboracer_description/share/roboracer_description/models/aws_robomaker_warehouse_ClutteringA_01/.DS_Store
[0.721s] -- Up-to-date symlink: /home/loq/roboracer_ws/install/roboracer_description/share/roboracer_description/models/aws_robomaker_warehouse_ClutteringA_01/materials/.DS_Store
[0.721s] -- Up-to-date symlink: /home/loq/roboracer_ws/install/roboracer_description/share/roboracer_description/models/aws_robomaker_warehouse_ClutteringA_01/materials/textures/.DS_Store
[0.721s] -- Up-to-date symlink: /home/loq/roboracer_ws/install/roboracer_description/share/roboracer_description/models/aws_robomaker_warehouse_ClutteringA_01/materials/textures/aws_robomaker_warehouse_ClutteringA_01.png
[0.721s] -- Up-to-date symlink: /home/loq/roboracer_ws/install/roboracer_description/share/roboracer_description/models/aws_robomaker_warehouse_ClutteringA_01/materials/textures/aws_robomaker_warehouse_ClutteringA_02.png
[0.721s] -- Up-to-date symlink: /home/loq/roboracer_ws/install/roboracer_description/share/roboracer_description/models/aws_robomaker_warehouse_ClutteringA_01/materials/textures/aws_robomaker_warehouse_ClutteringA_03.png
[0.721s] -- Up-to-date symlink: /home/loq/roboracer_ws/install/roboracer_description/share/roboracer_description/models/aws_robomaker_warehouse_ClutteringA_01/meshes/aws_robomaker_warehouse_ClutteringA_01_collision.DAE
[0.721s] -- Up-to-date symlink: /home/loq/roboracer_ws/install/roboracer_description/share/roboracer_description/models/aws_robomaker_warehouse_ClutteringA_01/meshes/aws_robomaker_warehouse_ClutteringA_01_visual.DAE
[0.721s] -- Up-to-date symlink: /home/loq/roboracer_ws/install/roboracer_description/share/roboracer_description/models/aws_robomaker_warehouse_ClutteringA_01/model.config
[0.721s] -- Up-to-date symlink: /home/loq/roboracer_ws/install/roboracer_description/share/roboracer_description/models/aws_robomaker_warehouse_ClutteringA_01/model.sdf
[0.721s] -- Up-to-date symlink: /home/loq/roboracer_ws/install/roboracer_description/share/roboracer_description/models/aws_robomaker_warehouse_ClutteringC_01/materials/textures/aws_robomaker_warehouse_ClutteringC_01.png
[0.721s] -- Up-to-date symlink: /home/loq/roboracer_ws/install/roboracer_description/share/roboracer_description/models/aws_robomaker_warehouse_ClutteringC_01/materials/textures/aws_robomaker_warehouse_ClutteringC_02.png
[0.721s] -- Up-to-date symlink: /home/loq/roboracer_ws/install/roboracer_description/share/roboracer_description/models/aws_robomaker_warehouse_ClutteringC_01/meshes/aws_robomaker_warehouse_ClutteringC_01_collision.DAE
[0.721s] -- Up-to-date symlink: /home/loq/roboracer_ws/install/roboracer_description/share/roboracer_description/models/aws_robomaker_warehouse_ClutteringC_01/meshes/aws_robomaker_warehouse_ClutteringC_01_visual.DAE
[0.722s] -- Up-to-date symlink: /home/loq/roboracer_ws/install/roboracer_description/share/roboracer_description/models/aws_robomaker_warehouse_ClutteringC_01/model.config
[0.722s] -- Up-to-date symlink: /home/loq/roboracer_ws/install/roboracer_description/share/roboracer_description/models/aws_robomaker_warehouse_ClutteringC_01/model.sdf
[0.722s] -- Up-to-date symlink: /home/loq/roboracer_ws/install/roboracer_description/share/roboracer_description/models/aws_robomaker_warehouse_ClutteringD_01/materials/textures/aws_robomaker_warehouse_ClutteringD_01.png
[0.722s] -- Up-to-date symlink: /home/loq/roboracer_ws/install/roboracer_description/share/roboracer_description/models/aws_robomaker_warehouse_ClutteringD_01/materials/textures/aws_robomaker_warehouse_ClutteringD_02.png
[0.722s] -- Up-to-date symlink: /home/loq/roboracer_ws/install/roboracer_description/share/roboracer_description/models/aws_robomaker_warehouse_ClutteringD_01/meshes/aws_robomaker_warehouse_ClutteringD_01_collision.DAE
[0.722s] -- Up-to-date symlink: /home/loq/roboracer_ws/install/roboracer_description/share/roboracer_description/models/aws_robomaker_warehouse_ClutteringD_01/meshes/aws_robomaker_warehouse_ClutteringD_01_visual.DAE
[0.722s] -- Up-to-date symlink: /home/loq/roboracer_ws/install/roboracer_description/share/roboracer_description/models/aws_robomaker_warehouse_ClutteringD_01/model.config
[0.722s] -- Up-to-date symlink: /home/loq/roboracer_ws/install/roboracer_description/share/roboracer_description/models/aws_robomaker_warehouse_ClutteringD_01/model.sdf
[0.722s] -- Up-to-date symlink: /home/loq/roboracer_ws/install/roboracer_description/share/roboracer_description/models/aws_robomaker_warehouse_DeskC_01/materials/.DS_Store
[0.723s] -- Up-to-date symlink: /home/loq/roboracer_ws/install/roboracer_description/share/roboracer_description/models/aws_robomaker_warehouse_DeskC_01/materials/textures/aws_robomaker_warehouse_DeskC_01.png
[0.723s] -- Up-to-date symlink: /home/loq/roboracer_ws/install/roboracer_description/share/roboracer_description/models/aws_robomaker_warehouse_DeskC_01/materials/textures/aws_robomaker_warehouse_DeskC_02.png
[0.723s] -- Up-to-date symlink: /home/loq/roboracer_ws/install/roboracer_description/share/roboracer_description/models/aws_robomaker_warehouse_DeskC_01/materials/textures/aws_robomaker_warehouse_DeskC_03.png
[0.723s] -- Up-to-date symlink: /home/loq/roboracer_ws/install/roboracer_description/share/roboracer_description/models/aws_robomaker_warehouse_DeskC_01/materials/textures/aws_robomaker_warehouse_DeskC_03.psd
[0.723s] -- Up-to-date symlink: /home/loq/roboracer_ws/install/roboracer_description/share/roboracer_description/models/aws_robomaker_warehouse_DeskC_01/materials/textures/aws_robomaker_warehouse_DeskC_04.png
[0.723s] -- Up-to-date symlink: /home/loq/roboracer_ws/install/roboracer_description/share/roboracer_description/models/aws_robomaker_warehouse_DeskC_01/meshes/aws_robomaker_warehouse_DeskC_01_collision.DAE
[0.723s] -- Up-to-date symlink: /home/loq/roboracer_ws/install/roboracer_description/share/roboracer_description/models/aws_robomaker_warehouse_DeskC_01/meshes/aws_robomaker_warehouse_DeskC_01_visual.DAE
[0.724s] -- Up-to-date symlink: /home/loq/roboracer_ws/install/roboracer_description/share/roboracer_description/models/aws_robomaker_warehouse_DeskC_01/model.config
[0.724s] -- Up-to-date symlink: /home/loq/roboracer_ws/install/roboracer_description/share/roboracer_description/models/aws_robomaker_warehouse_DeskC_01/model.sdf
[0.724s] -- Up-to-date symlink: /home/loq/roboracer_ws/install/roboracer_description/share/roboracer_description/models/aws_robomaker_warehouse_GroundB_01/materials/textures/aws_robomaker_warehouse_GroundB_01.png
[0.724s] -- Up-to-date symlink: /home/loq/roboracer_ws/install/roboracer_description/share/roboracer_description/models/aws_robomaker_warehouse_GroundB_01/materials/textures/aws_robomaker_warehouse_GroundB_02.png
[0.724s] -- Up-to-date symlink: /home/loq/roboracer_ws/install/roboracer_description/share/roboracer_description/models/aws_robomaker_warehouse_GroundB_01/meshes/aws_robomaker_warehouse_GroundB_01_collision.DAE
[0.725s] -- Up-to-date symlink: /home/loq/roboracer_ws/install/roboracer_description/share/roboracer_description/models/aws_robomaker_warehouse_GroundB_01/meshes/aws_robomaker_warehouse_GroundB_01_visual.DAE
[0.725s] -- Up-to-date symlink: /home/loq/roboracer_ws/install/roboracer_description/share/roboracer_description/models/aws_robomaker_warehouse_GroundB_01/model.config
[0.725s] -- Up-to-date symlink: /home/loq/roboracer_ws/install/roboracer_description/share/roboracer_description/models/aws_robomaker_warehouse_GroundB_01/model.sdf
[0.725s] -- Up-to-date symlink: /home/loq/roboracer_ws/install/roboracer_description/share/roboracer_description/models/aws_robomaker_warehouse_Lamp_01/materials/textures/aws_robomaker_warehouse_Lamp_01.png
[0.725s] -- Up-to-date symlink: /home/loq/roboracer_ws/install/roboracer_description/share/roboracer_description/models/aws_robomaker_warehouse_Lamp_01/meshes/aws_robomaker_warehouse_Lamp_01_collision.DAE
[0.725s] -- Up-to-date symlink: /home/loq/roboracer_ws/install/roboracer_description/share/roboracer_description/models/aws_robomaker_warehouse_Lamp_01/meshes/aws_robomaker_warehouse_Lamp_01_visual.DAE
[0.725s] -- Up-to-date symlink: /home/loq/roboracer_ws/install/roboracer_description/share/roboracer_description/models/aws_robomaker_warehouse_Lamp_01/model.config
[0.725s] -- Up-to-date symlink: /home/loq/roboracer_ws/install/roboracer_description/share/roboracer_description/models/aws_robomaker_warehouse_Lamp_01/model.sdf
[0.726s] -- Up-to-date symlink: /home/loq/roboracer_ws/install/roboracer_description/share/roboracer_description/models/aws_robomaker_warehouse_PalletJackB_01/.DS_Store
[0.726s] -- Up-to-date symlink: /home/loq/roboracer_ws/install/roboracer_description/share/roboracer_description/models/aws_robomaker_warehouse_PalletJackB_01/materials/.DS_Store
[0.726s] -- Up-to-date symlink: /home/loq/roboracer_ws/install/roboracer_description/share/roboracer_description/models/aws_robomaker_warehouse_PalletJackB_01/materials/textures/aws_robomaker_warehouse_PalletJackB_01.png
[0.726s] -- Up-to-date symlink: /home/loq/roboracer_ws/install/roboracer_description/share/roboracer_description/models/aws_robomaker_warehouse_PalletJackB_01/materials/textures/aws_robomaker_warehouse_PalletJackB_02.png
[0.726s] -- Up-to-date symlink: /home/loq/roboracer_ws/install/roboracer_description/share/roboracer_description/models/aws_robomaker_warehouse_PalletJackB_01/meshes/aws_robomaker_warehouse_PalletJackB_01_collision.DAE
[0.726s] -- Up-to-date symlink: /home/loq/roboracer_ws/install/roboracer_description/share/roboracer_description/models/aws_robomaker_warehouse_PalletJackB_01/meshes/aws_robomaker_warehouse_PalletJackB_01_visual.DAE
[0.726s] -- Up-to-date symlink: /home/loq/roboracer_ws/install/roboracer_description/share/roboracer_description/models/aws_robomaker_warehouse_PalletJackB_01/model.config
[0.726s] -- Up-to-date symlink: /home/loq/roboracer_ws/install/roboracer_description/share/roboracer_description/models/aws_robomaker_warehouse_PalletJackB_01/model.sdf
[0.727s] -- Up-to-date symlink: /home/loq/roboracer_ws/install/roboracer_description/share/roboracer_description/models/aws_robomaker_warehouse_RoofB_01/materials/textures/aws_robomaker_warehouse_RoofB_01.png
[0.727s] -- Up-to-date symlink: /home/loq/roboracer_ws/install/roboracer_description/share/roboracer_description/models/aws_robomaker_warehouse_RoofB_01/meshes/aws_robomaker_warehouse_RoofB_01_collision.DAE
[0.727s] -- Up-to-date symlink: /home/loq/roboracer_ws/install/roboracer_description/share/roboracer_description/models/aws_robomaker_warehouse_RoofB_01/meshes/aws_robomaker_warehouse_RoofB_01_visual.DAE
[0.727s] -- Up-to-date symlink: /home/loq/roboracer_ws/install/roboracer_description/share/roboracer_description/models/aws_robomaker_warehouse_RoofB_01/model.config
[0.727s] -- Up-to-date symlink: /home/loq/roboracer_ws/install/roboracer_description/share/roboracer_description/models/aws_robomaker_warehouse_RoofB_01/model.sdf
[0.727s] -- Up-to-date symlink: /home/loq/roboracer_ws/install/roboracer_description/share/roboracer_description/models/aws_robomaker_warehouse_ShelfD_01/materials/textures/aws_robomaker_warehouse_ShelfD_01.png
[0.727s] -- Up-to-date symlink: /home/loq/roboracer_ws/install/roboracer_description/share/roboracer_description/models/aws_robomaker_warehouse_ShelfD_01/materials/textures/aws_robomaker_warehouse_ShelfD_02.png
[0.727s] -- Up-to-date symlink: /home/loq/roboracer_ws/install/roboracer_description/share/roboracer_description/models/aws_robomaker_warehouse_ShelfD_01/materials/textures/aws_robomaker_warehouse_ShelfD_03.png
[0.728s] -- Up-to-date symlink: /home/loq/roboracer_ws/install/roboracer_description/share/roboracer_description/models/aws_robomaker_warehouse_ShelfD_01/materials/textures/aws_robomaker_warehouse_ShelfD_04.png
[0.729s] -- Up-to-date symlink: /home/loq/roboracer_ws/install/roboracer_description/share/roboracer_description/models/aws_robomaker_warehouse_ShelfD_01/meshes/aws_robomaker_warehouse_ShelfD_01_collision.DAE
[0.729s] -- Up-to-date symlink: /home/loq/roboracer_ws/install/roboracer_description/share/roboracer_description/models/aws_robomaker_warehouse_ShelfD_01/meshes/aws_robomaker_warehouse_ShelfD_01_visual.DAE
[0.729s] -- Up-to-date symlink: /home/loq/roboracer_ws/install/roboracer_description/share/roboracer_description/models/aws_robomaker_warehouse_ShelfD_01/model.config
[0.729s] -- Up-to-date symlink: /home/loq/roboracer_ws/install/roboracer_description/share/roboracer_description/models/aws_robomaker_warehouse_ShelfD_01/model.sdf
[0.729s] -- Up-to-date symlink: /home/loq/roboracer_ws/install/roboracer_description/share/roboracer_description/models/aws_robomaker_warehouse_ShelfE_01/.DS_Store
[0.729s] -- Up-to-date symlink: /home/loq/roboracer_ws/install/roboracer_description/share/roboracer_description/models/aws_robomaker_warehouse_ShelfE_01/materials/.DS_Store
[0.730s] -- Up-to-date symlink: /home/loq/roboracer_ws/install/roboracer_description/share/roboracer_description/models/aws_robomaker_warehouse_ShelfE_01/materials/textures/aws_robomaker_warehouse_ShelfE_01.png
[0.730s] -- Up-to-date symlink: /home/loq/roboracer_ws/install/roboracer_description/share/roboracer_description/models/aws_robomaker_warehouse_ShelfE_01/materials/textures/aws_robomaker_warehouse_ShelfE_02.png
[0.730s] -- Up-to-date symlink: /home/loq/roboracer_ws/install/roboracer_description/share/roboracer_description/models/aws_robomaker_warehouse_ShelfE_01/materials/textures/aws_robomaker_warehouse_ShelfE_03.png
[0.730s] -- Up-to-date symlink: /home/loq/roboracer_ws/install/roboracer_description/share/roboracer_description/models/aws_robomaker_warehouse_ShelfE_01/materials/textures/aws_robomaker_warehouse_ShelfE_04.png
[0.730s] -- Up-to-date symlink: /home/loq/roboracer_ws/install/roboracer_description/share/roboracer_description/models/aws_robomaker_warehouse_ShelfE_01/meshes/aws_robomaker_warehouse_ShelfE_01_collision.DAE
[0.731s] -- Up-to-date symlink: /home/loq/roboracer_ws/install/roboracer_description/share/roboracer_description/models/aws_robomaker_warehouse_ShelfE_01/meshes/aws_robomaker_warehouse_ShelfE_01_visual.DAE
[0.731s] -- Up-to-date symlink: /home/loq/roboracer_ws/install/roboracer_description/share/roboracer_description/models/aws_robomaker_warehouse_ShelfE_01/model.config
[0.731s] -- Up-to-date symlink: /home/loq/roboracer_ws/install/roboracer_description/share/roboracer_description/models/aws_robomaker_warehouse_ShelfE_01/model.sdf
[0.731s] -- Up-to-date symlink: /home/loq/roboracer_ws/install/roboracer_description/share/roboracer_description/models/aws_robomaker_warehouse_ShelfF_01/materials/textures/aws_robomaker_warehouse_ShelfF_01.png
[0.731s] -- Up-to-date symlink: /home/loq/roboracer_ws/install/roboracer_description/share/roboracer_description/models/aws_robomaker_warehouse_ShelfF_01/materials/textures/aws_robomaker_warehouse_ShelfF_02.png
[0.731s] -- Up-to-date symlink: /home/loq/roboracer_ws/install/roboracer_description/share/roboracer_description/models/aws_robomaker_warehouse_ShelfF_01/materials/textures/aws_robomaker_warehouse_ShelfF_03.png
[0.732s] -- Up-to-date symlink: /home/loq/roboracer_ws/install/roboracer_description/share/roboracer_description/models/aws_robomaker_warehouse_ShelfF_01/meshes/aws_robomaker_warehouse_ShelfF_01_collision.DAE
[0.732s] -- Up-to-date symlink: /home/loq/roboracer_ws/install/roboracer_description/share/roboracer_description/models/aws_robomaker_warehouse_ShelfF_01/meshes/aws_robomaker_warehouse_ShelfF_01_visual.DAE
[0.732s] -- Up-to-date symlink: /home/loq/roboracer_ws/install/roboracer_description/share/roboracer_description/models/aws_robomaker_warehouse_ShelfF_01/model.config
[0.732s] -- Up-to-date symlink: /home/loq/roboracer_ws/install/roboracer_description/share/roboracer_description/models/aws_robomaker_warehouse_ShelfF_01/model.sdf
[0.732s] -- Up-to-date symlink: /home/loq/roboracer_ws/install/roboracer_description/share/roboracer_description/models/aws_robomaker_warehouse_TrashCanC_01/materials/textures/aws_robomaker_warehouse_TrashCanC_01.png
[0.732s] -- Up-to-date symlink: /home/loq/roboracer_ws/install/roboracer_description/share/roboracer_description/models/aws_robomaker_warehouse_TrashCanC_01/meshes/aws_robomaker_warehouse_TrashCanC_01_collision.DAE
[0.732s] -- Up-to-date symlink: /home/loq/roboracer_ws/install/roboracer_description/share/roboracer_description/models/aws_robomaker_warehouse_TrashCanC_01/meshes/aws_robomaker_warehouse_TrashCanC_01_visual.DAE
[0.732s] -- Up-to-date symlink: /home/loq/roboracer_ws/install/roboracer_description/share/roboracer_description/models/aws_robomaker_warehouse_TrashCanC_01/model.config
[0.733s] -- Up-to-date symlink: /home/loq/roboracer_ws/install/roboracer_description/share/roboracer_description/models/aws_robomaker_warehouse_TrashCanC_01/model.sdf
[0.733s] -- Up-to-date symlink: /home/loq/roboracer_ws/install/roboracer_description/share/roboracer_description/models/aws_robomaker_warehouse_WallB_01/materials/textures/aws_robomaker_warehouse_WallB_01.png
[0.733s] -- Up-to-date symlink: /home/loq/roboracer_ws/install/roboracer_description/share/roboracer_description/models/aws_robomaker_warehouse_WallB_01/meshes/aws_robomaker_warehouse_WallB_01_collision.DAE
[0.733s] -- Up-to-date symlink: /home/loq/roboracer_ws/install/roboracer_description/share/roboracer_description/models/aws_robomaker_warehouse_WallB_01/meshes/aws_robomaker_warehouse_WallB_01_visual.DAE
[0.733s] -- Up-to-date symlink: /home/loq/roboracer_ws/install/roboracer_description/share/roboracer_description/models/aws_robomaker_warehouse_WallB_01/model.config
[0.733s] -- Up-to-date symlink: /home/loq/roboracer_ws/install/roboracer_description/share/roboracer_description/models/aws_robomaker_warehouse_WallB_01/model.sdf
[0.733s] -- Up-to-date symlink: /home/loq/roboracer_ws/install/roboracer_description/share/roboracer_description/models/barca_track/model.config
[0.733s] -- Up-to-date symlink: /home/loq/roboracer_ws/install/roboracer_description/share/roboracer_description/models/barca_track/model.sdf
[0.733s] -- Up-to-date symlink: /home/loq/roboracer_ws/install/roboracer_description/share/roboracer_description/models/cone/model.config
[0.734s] -- Up-to-date symlink: /home/loq/roboracer_ws/install/roboracer_description/share/roboracer_description/models/cone/model.sdf
[0.734s] -- Up-to-date symlink: /home/loq/roboracer_ws/install/roboracer_description/share/roboracer_description/models/parking_1/model.config
[0.734s] -- Up-to-date symlink: /home/loq/roboracer_ws/install/roboracer_description/share/roboracer_description/models/parking_1/model.sdf
[0.734s] -- Up-to-date symlink: /home/loq/roboracer_ws/install/roboracer_description/share/roboracer_description/models/porto_track/model.config
[0.734s] -- Up-to-date symlink: /home/loq/roboracer_ws/install/roboracer_description/share/roboracer_description/models/porto_track/model.sdf
[0.734s] -- Up-to-date symlink: /home/loq/roboracer_ws/install/roboracer_description/share/roboracer_description/models/walker_racecourse/model.config
[0.734s] -- Up-to-date symlink: /home/loq/roboracer_ws/install/roboracer_description/share/roboracer_description/models/walker_racecourse/model.sdf
[0.734s] -- Up-to-date symlink: /home/loq/roboracer_ws/install/roboracer_description/share/roboracer_description/launch/display.launch.py
[0.734s] -- Up-to-date symlink: /home/loq/roboracer_ws/install/roboracer_description/share/roboracer_description/launch/gazebo.launch.py
[0.734s] -- Up-to-date symlink: /home/loq/roboracer_ws/install/roboracer_description/share/roboracer_description/launch/slam.launch.py
[0.734s] -- Up-to-date symlink: /home/loq/roboracer_ws/install/roboracer_description/share/roboracer_description/launch/wall_follow.launch.py
[0.735s] -- Up-to-date symlink: /home/loq/roboracer_ws/install/roboracer_description/share/roboracer_description/rviz/display.rviz
[0.735s] -- Up-to-date symlink: /home/loq/roboracer_ws/install/roboracer_description/share/roboracer_description/world/empty.world
[0.735s] -- Up-to-date symlink: /home/loq/roboracer_ws/install/roboracer_description/share/roboracer_description/world/levine_loop.world
[0.735s] -- Up-to-date symlink: /home/loq/roboracer_ws/install/roboracer_description/share/roboracer_description/world/small_house.world
[0.735s] -- Up-to-date symlink: /home/loq/roboracer_ws/install/roboracer_description/share/roboracer_description/world/small_warehouse.world
[0.735s] -- Up-to-date symlink: /home/loq/roboracer_ws/install/roboracer_description/share/roboracer_description/urdf/f1tenth_chassis.urdf
[0.736s] -- Up-to-date symlink: /home/loq/roboracer_ws/install/roboracer_description/share/roboracer_description/urdf/f1tenth_chassis_update.sdf
[0.736s] -- Up-to-date symlink: /home/loq/roboracer_ws/install/roboracer_description/share/roboracer_description/urdf/roborace_control.xacro
[0.736s] -- Up-to-date symlink: /home/loq/roboracer_ws/install/roboracer_description/share/roboracer_description/urdf/roborace_gazebo.xacro
[0.736s] -- Up-to-date symlink: /home/loq/roboracer_ws/install/roboracer_description/share/roboracer_description/urdf/roboracer_robot.sdf
[0.736s] -- Up-to-date symlink: /home/loq/roboracer_ws/install/roboracer_description/share/roboracer_description/photos/DeskPortraitA_01.jpg
[0.736s] -- Up-to-date symlink: /home/loq/roboracer_ws/install/roboracer_description/share/roboracer_description/photos/DeskPortraitA_02.jpg
[0.736s] -- Up-to-date symlink: /home/loq/roboracer_ws/install/roboracer_description/share/roboracer_description/photos/DeskPortraitB_01.jpg
[0.736s] -- Up-to-date symlink: /home/loq/roboracer_ws/install/roboracer_description/share/roboracer_description/photos/DeskPortraitB_02.jpg
[0.736s] -- Up-to-date symlink: /home/loq/roboracer_ws/install/roboracer_description/share/roboracer_description/photos/DeskPortraitC_01.jpg
[0.736s] -- Up-to-date symlink: /home/loq/roboracer_ws/install/roboracer_description/share/roboracer_description/photos/DeskPortraitC_02.jpg
[0.737s] -- Up-to-date symlink: /home/loq/roboracer_ws/install/roboracer_description/share/roboracer_description/photos/DeskPortraitD_01.jpg
[0.737s] -- Up-to-date symlink: /home/loq/roboracer_ws/install/roboracer_description/share/roboracer_description/photos/DeskPortraitD_02.jpg
[0.738s] -- Up-to-date symlink: /home/loq/roboracer_ws/install/roboracer_description/share/roboracer_description/photos/DeskPortraitD_03.jpg
[0.738s] -- Up-to-date symlink: /home/loq/roboracer_ws/install/roboracer_description/share/roboracer_description/photos/DeskPortraitD_04.jpg
[0.738s] -- Up-to-date symlink: /home/loq/roboracer_ws/install/roboracer_description/share/roboracer_description/photos/PortraitA_01.jpg
[0.739s] -- Up-to-date symlink: /home/loq/roboracer_ws/install/roboracer_description/share/roboracer_description/photos/PortraitA_02.jpg
[0.739s] -- Up-to-date symlink: /home/loq/roboracer_ws/install/roboracer_description/share/roboracer_description/photos/PortraitB_01.jpg
[0.739s] -- Up-to-date symlink: /home/loq/roboracer_ws/install/roboracer_description/share/roboracer_description/photos/PortraitB_02.jpg
[0.739s] -- Up-to-date symlink: /home/loq/roboracer_ws/install/roboracer_description/share/roboracer_description/photos/PortraitB_03.jpg
[0.739s] -- Up-to-date symlink: /home/loq/roboracer_ws/install/roboracer_description/share/roboracer_description/photos/PortraitC_01.jpg
[0.740s] -- Up-to-date symlink: /home/loq/roboracer_ws/install/roboracer_description/share/roboracer_description/photos/PortraitD_01.jpg
[0.740s] -- Up-to-date symlink: /home/loq/roboracer_ws/install/roboracer_description/share/roboracer_description/photos/PortraitD_02.jpg
[0.740s] -- Up-to-date symlink: /home/loq/roboracer_ws/install/roboracer_description/share/roboracer_description/photos/PortraitE_01.jpg
[0.740s] -- Up-to-date symlink: /home/loq/roboracer_ws/install/roboracer_description/share/roboracer_description/photos/PortraitE_02.jpg
[0.740s] -- Up-to-date symlink: /home/loq/roboracer_ws/install/roboracer_description/share/roboracer_description/maps/costmap_common_params.yaml
[0.740s] -- Up-to-date symlink: /home/loq/roboracer_ws/install/roboracer_description/share/roboracer_description/maps/levine.png
[0.740s] -- Up-to-date symlink: /home/loq/roboracer_ws/install/roboracer_description/share/roboracer_description/maps/levine.yaml
[0.740s] -- Up-to-date symlink: /home/loq/roboracer_ws/install/roboracer_description/share/roboracer_description/config/camera_configuration.yaml
[0.740s] -- Up-to-date symlink: /home/loq/roboracer_ws/install/roboracer_description/share/roboracer_description/config/camera_settings.yaml
[0.740s] -- Up-to-date symlink: /home/loq/roboracer_ws/install/roboracer_description/share/roboracer_description/config/orb_slam3_settings.yaml
[0.740s] -- Up-to-date symlink: /home/loq/roboracer_ws/install/roboracer_description/share/roboracer_description/config/slam_toolbox.yaml
[0.741s] -- Up-to-date symlink: /home/loq/roboracer_ws/install/roboracer_description/share/ament_index/resource_index/package_run_dependencies/roboracer_description
[0.741s] -- Up-to-date symlink: /home/loq/roboracer_ws/install/roboracer_description/share/ament_index/resource_index/parent_prefix_path/roboracer_description
[0.741s] -- Up-to-date symlink: /home/loq/roboracer_ws/install/roboracer_description/share/roboracer_description/environment/ament_prefix_path.sh
[0.741s] -- Up-to-date symlink: /home/loq/roboracer_ws/install/roboracer_description/share/roboracer_description/environment/ament_prefix_path.dsv
[0.741s] -- Up-to-date symlink: /home/loq/roboracer_ws/install/roboracer_description/share/roboracer_description/environment/path.sh
[0.741s] -- Up-to-date symlink: /home/loq/roboracer_ws/install/roboracer_description/share/roboracer_description/environment/path.dsv
[0.742s] -- Up-to-date symlink: /home/loq/roboracer_ws/install/roboracer_description/share/roboracer_description/local_setup.bash
[0.742s] -- Up-to-date symlink: /home/loq/roboracer_ws/install/roboracer_description/share/roboracer_description/local_setup.sh
[0.742s] -- Up-to-date symlink: /home/loq/roboracer_ws/install/roboracer_description/share/roboracer_description/local_setup.zsh
[0.742s] -- Up-to-date symlink: /home/loq/roboracer_ws/install/roboracer_description/share/roboracer_description/local_setup.dsv
[0.742s] -- Symlinking: /home/loq/roboracer_ws/install/roboracer_description/share/roboracer_description/package.dsv
[0.744s] -- Up-to-date symlink: /home/loq/roboracer_ws/install/roboracer_description/share/ament_index/resource_index/packages/roboracer_description
[0.744s] -- Up-to-date symlink: /home/loq/roboracer_ws/install/roboracer_description/share/roboracer_description/cmake/roboracer_descriptionConfig.cmake
[0.744s] -- Up-to-date symlink: /home/loq/roboracer_ws/install/roboracer_description/share/roboracer_description/cmake/roboracer_descriptionConfig-version.cmake
[0.745s] -- Up-to-date symlink: /home/loq/roboracer_ws/install/roboracer_description/share/roboracer_description/package.xml
[0.760s] Invoked command in '/home/loq/roboracer_ws/build/roboracer_description' returned '0': CMAKE_PREFIX_PATH=${CMAKE_PREFIX_PATH}:/home/loq/drivingcar_ws/install/self_driving_car_pkg:/home/loq/bumperbot_ws/install/bumperbot_py_example:/home/loq/roboracer_ws/install/roboracer_yolov8_detector:/home/loq/roboracer_ws/install/roboracer_py:/home/loq/ros2_action_ws/install/lifecycle_py:/home/loq/ros2_action_ws/install/action_py:/opt/ros/humble /usr/bin/cmake --install /home/loq/roboracer_ws/build/roboracer_description
