[0.096s] Invoking command in '/home/loq/roboracer_ws/build/roboracer_description': CMAKE_PREFIX_PATH=${CMAKE_PREFIX_PATH}:/home/loq/drivingcar_ws/install/self_driving_car_pkg:/home/loq/bumperbot_ws/install/bumperbot_py_example:/home/loq/roboracer_ws/install/roboracer_yolov8_detector:/home/loq/roboracer_ws/install/roboracer_py:/home/loq/ros2_action_ws/install/lifecycle_py:/home/loq/ros2_action_ws/install/action_py:/opt/ros/humble /usr/bin/cmake --build /home/loq/roboracer_ws/build/roboracer_description -- -j8 -l8
[1.006s] Invoked command in '/home/loq/roboracer_ws/build/roboracer_description' returned '0': CMAKE_PREFIX_PATH=${CMAKE_PREFIX_PATH}:/home/loq/drivingcar_ws/install/self_driving_car_pkg:/home/loq/bumperbot_ws/install/bumperbot_py_example:/home/loq/roboracer_ws/install/roboracer_yolov8_detector:/home/loq/roboracer_ws/install/roboracer_py:/home/loq/ros2_action_ws/install/lifecycle_py:/home/loq/ros2_action_ws/install/action_py:/opt/ros/humble /usr/bin/cmake --build /home/loq/roboracer_ws/build/roboracer_description -- -j8 -l8
[1.009s] Invoking command in '/home/loq/roboracer_ws/build/roboracer_description': CMAKE_PREFIX_PATH=${CMAKE_PREFIX_PATH}:/home/loq/drivingcar_ws/install/self_driving_car_pkg:/home/loq/bumperbot_ws/install/bumperbot_py_example:/home/loq/roboracer_ws/install/roboracer_yolov8_detector:/home/loq/roboracer_ws/install/roboracer_py:/home/loq/ros2_action_ws/install/lifecycle_py:/home/loq/ros2_action_ws/install/action_py:/opt/ros/humble /usr/bin/cmake --install /home/loq/roboracer_ws/build/roboracer_description
[1.045s] -- Install configuration: ""
[1.045s] -- Execute custom install script
[1.045s] -- Up-to-date symlink: /home/loq/roboracer_ws/install/roboracer_description/share/roboracer_description/meshes/chassis.stl
[1.045s] -- Up-to-date symlink: /home/loq/roboracer_ws/install/roboracer_description/share/roboracer_description/meshes/hinge.stl
[1.045s] -- Up-to-date symlink: /home/loq/roboracer_ws/install/roboracer_description/share/roboracer_description/meshes/hokuyo.stl
[1.045s] -- Up-to-date symlink: /home/loq/roboracer_ws/install/roboracer_description/share/roboracer_description/meshes/laser_link.STL
[1.045s] -- Up-to-date symlink: /home/loq/roboracer_ws/install/roboracer_description/share/roboracer_description/meshes/left_wheel.stl
[1.046s] -- Up-to-date symlink: /home/loq/roboracer_ws/install/roboracer_description/share/roboracer_description/meshes/parking_1.dae
[1.046s] -- Up-to-date symlink: /home/loq/roboracer_ws/install/roboracer_description/share/roboracer_description/meshes/right_wheel.stl
[1.046s] -- Up-to-date symlink: /home/loq/roboracer_ws/install/roboracer_description/share/roboracer_description/meshes/world.obj
[1.057s] -- Up-to-date symlink: /home/loq/roboracer_ws/install/roboracer_description/share/roboracer_description/models/MIT_Tunnel/model.config
[1.057s] -- Up-to-date symlink: /home/loq/roboracer_ws/install/roboracer_description/share/roboracer_description/models/MIT_Tunnel/model.sdf
[1.057s] -- Up-to-date symlink: /home/loq/roboracer_ws/install/roboracer_description/share/roboracer_description/models/ar_tags/marker0/marker0/marker0/model-1_5.sdf
[1.062s] -- Up-to-date symlink: /home/loq/roboracer_ws/install/roboracer_description/share/roboracer_description/models/ar_tags/marker0/marker0/marker0/model.config
[1.062s] -- Up-to-date symlink: /home/loq/roboracer_ws/install/roboracer_description/share/roboracer_description/models/ar_tags/marker0/marker0/model-1_5.sdf
[1.062s] -- Up-to-date symlink: /home/loq/roboracer_ws/install/roboracer_description/share/roboracer_description/models/ar_tags/marker0/marker0/model.config
[1.063s] -- Up-to-date symlink: /home/loq/roboracer_ws/install/roboracer_description/share/roboracer_description/models/ar_tags/marker0/materials/textures/Marker0.png
[1.064s] -- Up-to-date symlink: /home/loq/roboracer_ws/install/roboracer_description/share/roboracer_description/models/ar_tags/marker0/meshes/Marker0.dae
[1.064s] -- Up-to-date symlink: /home/loq/roboracer_ws/install/roboracer_description/share/roboracer_description/models/ar_tags/marker0/model-1_4.sdf
[1.065s] -- Up-to-date symlink: /home/loq/roboracer_ws/install/roboracer_description/share/roboracer_description/models/ar_tags/marker0/model-1_5.sdf
[1.065s] -- Up-to-date symlink: /home/loq/roboracer_ws/install/roboracer_description/share/roboracer_description/models/ar_tags/marker0/model.config
[1.065s] -- Up-to-date symlink: /home/loq/roboracer_ws/install/roboracer_description/share/roboracer_description/models/ar_tags/marker0/model.sdf
[1.065s] -- Up-to-date symlink: /home/loq/roboracer_ws/install/roboracer_description/share/roboracer_description/models/ar_tags/marker1/marker0/marker0/model-1_5.sdf
[1.065s] -- Up-to-date symlink: /home/loq/roboracer_ws/install/roboracer_description/share/roboracer_description/models/ar_tags/marker1/marker0/marker0/model.config
[1.065s] -- Up-to-date symlink: /home/loq/roboracer_ws/install/roboracer_description/share/roboracer_description/models/ar_tags/marker1/marker0/model-1_5.sdf
[1.066s] -- Up-to-date symlink: /home/loq/roboracer_ws/install/roboracer_description/share/roboracer_description/models/ar_tags/marker1/marker0/model.config
[1.066s] -- Up-to-date symlink: /home/loq/roboracer_ws/install/roboracer_description/share/roboracer_description/models/ar_tags/marker1/materials/textures/Marker1.png
[1.066s] -- Up-to-date symlink: /home/loq/roboracer_ws/install/roboracer_description/share/roboracer_description/models/ar_tags/marker1/meshes/Marker1.dae
[1.066s] -- Up-to-date symlink: /home/loq/roboracer_ws/install/roboracer_description/share/roboracer_description/models/ar_tags/marker1/model-1_4.sdf
[1.066s] -- Up-to-date symlink: /home/loq/roboracer_ws/install/roboracer_description/share/roboracer_description/models/ar_tags/marker1/model-1_5.sdf
[1.066s] -- Up-to-date symlink: /home/loq/roboracer_ws/install/roboracer_description/share/roboracer_description/models/ar_tags/marker1/model.config
[1.068s] -- Up-to-date symlink: /home/loq/roboracer_ws/install/roboracer_description/share/roboracer_description/models/ar_tags/marker1/model.sdf
[1.068s] -- Up-to-date symlink: /home/loq/roboracer_ws/install/roboracer_description/share/roboracer_description/models/ar_tags/marker10/marker0/marker0/model-1_5.sdf
[1.068s] -- Up-to-date symlink: /home/loq/roboracer_ws/install/roboracer_description/share/roboracer_description/models/ar_tags/marker10/marker0/marker0/model.config
[1.068s] -- Up-to-date symlink: /home/loq/roboracer_ws/install/roboracer_description/share/roboracer_description/models/ar_tags/marker10/marker0/model-1_5.sdf
[1.068s] -- Up-to-date symlink: /home/loq/roboracer_ws/install/roboracer_description/share/roboracer_description/models/ar_tags/marker10/marker0/model.config
[1.068s] -- Up-to-date symlink: /home/loq/roboracer_ws/install/roboracer_description/share/roboracer_description/models/ar_tags/marker10/materials/textures/Marker10.png
[1.069s] -- Up-to-date symlink: /home/loq/roboracer_ws/install/roboracer_description/share/roboracer_description/models/ar_tags/marker10/meshes/Marker10.dae
[1.069s] -- Up-to-date symlink: /home/loq/roboracer_ws/install/roboracer_description/share/roboracer_description/models/ar_tags/marker10/model-1_4.sdf
[1.069s] -- Up-to-date symlink: /home/loq/roboracer_ws/install/roboracer_description/share/roboracer_description/models/ar_tags/marker10/model-1_5.sdf
[1.069s] -- Up-to-date symlink: /home/loq/roboracer_ws/install/roboracer_description/share/roboracer_description/models/ar_tags/marker10/model.config
[1.070s] -- Up-to-date symlink: /home/loq/roboracer_ws/install/roboracer_description/share/roboracer_description/models/ar_tags/marker10/model.sdf
[1.074s] -- Up-to-date symlink: /home/loq/roboracer_ws/install/roboracer_description/share/roboracer_description/models/ar_tags/marker11/marker0/marker0/model-1_5.sdf
[1.074s] -- Up-to-date symlink: /home/loq/roboracer_ws/install/roboracer_description/share/roboracer_description/models/ar_tags/marker11/marker0/marker0/model.config
[1.074s] -- Up-to-date symlink: /home/loq/roboracer_ws/install/roboracer_description/share/roboracer_description/models/ar_tags/marker11/marker0/model-1_5.sdf
[1.075s] -- Up-to-date symlink: /home/loq/roboracer_ws/install/roboracer_description/share/roboracer_description/models/ar_tags/marker11/marker0/model.config
[1.075s] -- Up-to-date symlink: /home/loq/roboracer_ws/install/roboracer_description/share/roboracer_description/models/ar_tags/marker11/materials/textures/Marker11.png
[1.075s] -- Up-to-date symlink: /home/loq/roboracer_ws/install/roboracer_description/share/roboracer_description/models/ar_tags/marker11/meshes/Marker11.dae
[1.075s] -- Up-to-date symlink: /home/loq/roboracer_ws/install/roboracer_description/share/roboracer_description/models/ar_tags/marker11/model-1_4.sdf
[1.075s] -- Up-to-date symlink: /home/loq/roboracer_ws/install/roboracer_description/share/roboracer_description/models/ar_tags/marker11/model-1_5.sdf
[1.075s] -- Up-to-date symlink: /home/loq/roboracer_ws/install/roboracer_description/share/roboracer_description/models/ar_tags/marker11/model.config
[1.084s] -- Up-to-date symlink: /home/loq/roboracer_ws/install/roboracer_description/share/roboracer_description/models/ar_tags/marker11/model.sdf
[1.084s] -- Up-to-date symlink: /home/loq/roboracer_ws/install/roboracer_description/share/roboracer_description/models/ar_tags/marker12/marker0/marker0/model-1_5.sdf
[1.084s] -- Up-to-date symlink: /home/loq/roboracer_ws/install/roboracer_description/share/roboracer_description/models/ar_tags/marker12/marker0/marker0/model.config
[1.084s] -- Up-to-date symlink: /home/loq/roboracer_ws/install/roboracer_description/share/roboracer_description/models/ar_tags/marker12/marker0/model-1_5.sdf
[1.084s] -- Up-to-date symlink: /home/loq/roboracer_ws/install/roboracer_description/share/roboracer_description/models/ar_tags/marker12/marker0/model.config
[1.084s] -- Up-to-date symlink: /home/loq/roboracer_ws/install/roboracer_description/share/roboracer_description/models/ar_tags/marker12/materials/textures/Marker12.png
[1.084s] -- Up-to-date symlink: /home/loq/roboracer_ws/install/roboracer_description/share/roboracer_description/models/ar_tags/marker12/meshes/Marker12.dae
[1.084s] -- Up-to-date symlink: /home/loq/roboracer_ws/install/roboracer_description/share/roboracer_description/models/ar_tags/marker12/model-1_4.sdf
[1.084s] -- Up-to-date symlink: /home/loq/roboracer_ws/install/roboracer_description/share/roboracer_description/models/ar_tags/marker12/model-1_5.sdf
[1.084s] -- Up-to-date symlink: /home/loq/roboracer_ws/install/roboracer_description/share/roboracer_description/models/ar_tags/marker12/model.config
[1.084s] -- Up-to-date symlink: /home/loq/roboracer_ws/install/roboracer_description/share/roboracer_description/models/ar_tags/marker12/model.sdf
[1.084s] -- Up-to-date symlink: /home/loq/roboracer_ws/install/roboracer_description/share/roboracer_description/models/ar_tags/marker13/marker0/marker0/model-1_5.sdf
[1.085s] -- Up-to-date symlink: /home/loq/roboracer_ws/install/roboracer_description/share/roboracer_description/models/ar_tags/marker13/marker0/marker0/model.config
[1.085s] -- Up-to-date symlink: /home/loq/roboracer_ws/install/roboracer_description/share/roboracer_description/models/ar_tags/marker13/marker0/model-1_5.sdf
[1.085s] -- Up-to-date symlink: /home/loq/roboracer_ws/install/roboracer_description/share/roboracer_description/models/ar_tags/marker13/marker0/model.config
[1.089s] -- Up-to-date symlink: /home/loq/roboracer_ws/install/roboracer_description/share/roboracer_description/models/ar_tags/marker13/materials/textures/Marker13.png
[1.090s] -- Up-to-date symlink: /home/loq/roboracer_ws/install/roboracer_description/share/roboracer_description/models/ar_tags/marker13/meshes/Marker13.dae
[1.090s] -- Up-to-date symlink: /home/loq/roboracer_ws/install/roboracer_description/share/roboracer_description/models/ar_tags/marker13/model-1_4.sdf
[1.090s] -- Up-to-date symlink: /home/loq/roboracer_ws/install/roboracer_description/share/roboracer_description/models/ar_tags/marker13/model-1_5.sdf
[1.090s] -- Up-to-date symlink: /home/loq/roboracer_ws/install/roboracer_description/share/roboracer_description/models/ar_tags/marker13/model.config
[1.090s] -- Up-to-date symlink: /home/loq/roboracer_ws/install/roboracer_description/share/roboracer_description/models/ar_tags/marker13/model.sdf
[1.090s] -- Up-to-date symlink: /home/loq/roboracer_ws/install/roboracer_description/share/roboracer_description/models/ar_tags/marker14/marker0/marker0/model-1_5.sdf
[1.090s] -- Up-to-date symlink: /home/loq/roboracer_ws/install/roboracer_description/share/roboracer_description/models/ar_tags/marker14/marker0/marker0/model.config
[1.090s] -- Up-to-date symlink: /home/loq/roboracer_ws/install/roboracer_description/share/roboracer_description/models/ar_tags/marker14/marker0/model-1_5.sdf
[1.090s] -- Up-to-date symlink: /home/loq/roboracer_ws/install/roboracer_description/share/roboracer_description/models/ar_tags/marker14/marker0/model.config
[1.090s] -- Up-to-date symlink: /home/loq/roboracer_ws/install/roboracer_description/share/roboracer_description/models/ar_tags/marker14/materials/textures/Marker14.png
[1.091s] -- Up-to-date symlink: /home/loq/roboracer_ws/install/roboracer_description/share/roboracer_description/models/ar_tags/marker14/meshes/Marker14.dae
[1.093s] -- Up-to-date symlink: /home/loq/roboracer_ws/install/roboracer_description/share/roboracer_description/models/ar_tags/marker14/model-1_4.sdf
[1.093s] -- Up-to-date symlink: /home/loq/roboracer_ws/install/roboracer_description/share/roboracer_description/models/ar_tags/marker14/model-1_5.sdf
[1.093s] -- Up-to-date symlink: /home/loq/roboracer_ws/install/roboracer_description/share/roboracer_description/models/ar_tags/marker14/model.config
[1.099s] -- Up-to-date symlink: /home/loq/roboracer_ws/install/roboracer_description/share/roboracer_description/models/ar_tags/marker14/model.sdf
[1.099s] -- Up-to-date symlink: /home/loq/roboracer_ws/install/roboracer_description/share/roboracer_description/models/ar_tags/marker15/marker0/marker0/model-1_5.sdf
[1.101s] -- Up-to-date symlink: /home/loq/roboracer_ws/install/roboracer_description/share/roboracer_description/models/ar_tags/marker15/marker0/marker0/model.config
[1.101s] -- Up-to-date symlink: /home/loq/roboracer_ws/install/roboracer_description/share/roboracer_description/models/ar_tags/marker15/marker0/model-1_5.sdf
[1.101s] -- Up-to-date symlink: /home/loq/roboracer_ws/install/roboracer_description/share/roboracer_description/models/ar_tags/marker15/marker0/model.config
[1.101s] -- Up-to-date symlink: /home/loq/roboracer_ws/install/roboracer_description/share/roboracer_description/models/ar_tags/marker15/materials/textures/Marker15.png
[1.101s] -- Up-to-date symlink: /home/loq/roboracer_ws/install/roboracer_description/share/roboracer_description/models/ar_tags/marker15/meshes/Marker15.dae
[1.101s] -- Up-to-date symlink: /home/loq/roboracer_ws/install/roboracer_description/share/roboracer_description/models/ar_tags/marker15/model-1_4.sdf
[1.101s] -- Up-to-date symlink: /home/loq/roboracer_ws/install/roboracer_description/share/roboracer_description/models/ar_tags/marker15/model-1_5.sdf
[1.101s] -- Up-to-date symlink: /home/loq/roboracer_ws/install/roboracer_description/share/roboracer_description/models/ar_tags/marker15/model.config
[1.101s] -- Up-to-date symlink: /home/loq/roboracer_ws/install/roboracer_description/share/roboracer_description/models/ar_tags/marker15/model.sdf
[1.101s] -- Up-to-date symlink: /home/loq/roboracer_ws/install/roboracer_description/share/roboracer_description/models/ar_tags/marker16/marker0/marker0/model-1_5.sdf
[1.101s] -- Up-to-date symlink: /home/loq/roboracer_ws/install/roboracer_description/share/roboracer_description/models/ar_tags/marker16/marker0/marker0/model.config
[1.101s] -- Up-to-date symlink: /home/loq/roboracer_ws/install/roboracer_description/share/roboracer_description/models/ar_tags/marker16/marker0/model-1_5.sdf
[1.101s] -- Up-to-date symlink: /home/loq/roboracer_ws/install/roboracer_description/share/roboracer_description/models/ar_tags/marker16/marker0/model.config
[1.101s] -- Up-to-date symlink: /home/loq/roboracer_ws/install/roboracer_description/share/roboracer_description/models/ar_tags/marker16/materials/textures/Marker16.png
[1.102s] -- Up-to-date symlink: /home/loq/roboracer_ws/install/roboracer_description/share/roboracer_description/models/ar_tags/marker16/meshes/Marker16.dae
[1.102s] -- Up-to-date symlink: /home/loq/roboracer_ws/install/roboracer_description/share/roboracer_description/models/ar_tags/marker16/model-1_4.sdf
[1.102s] -- Up-to-date symlink: /home/loq/roboracer_ws/install/roboracer_description/share/roboracer_description/models/ar_tags/marker16/model-1_5.sdf
[1.102s] -- Up-to-date symlink: /home/loq/roboracer_ws/install/roboracer_description/share/roboracer_description/models/ar_tags/marker16/model.config
[1.102s] -- Up-to-date symlink: /home/loq/roboracer_ws/install/roboracer_description/share/roboracer_description/models/ar_tags/marker16/model.sdf
[1.102s] -- Up-to-date symlink: /home/loq/roboracer_ws/install/roboracer_description/share/roboracer_description/models/ar_tags/marker17/marker0/marker0/model-1_5.sdf
[1.102s] -- Up-to-date symlink: /home/loq/roboracer_ws/install/roboracer_description/share/roboracer_description/models/ar_tags/marker17/marker0/marker0/model.config
[1.102s] -- Up-to-date symlink: /home/loq/roboracer_ws/install/roboracer_description/share/roboracer_description/models/ar_tags/marker17/marker0/model-1_5.sdf
[1.102s] -- Up-to-date symlink: /home/loq/roboracer_ws/install/roboracer_description/share/roboracer_description/models/ar_tags/marker17/marker0/model.config
[1.102s] -- Up-to-date symlink: /home/loq/roboracer_ws/install/roboracer_description/share/roboracer_description/models/ar_tags/marker17/materials/textures/Marker17.png
[1.103s] -- Up-to-date symlink: /home/loq/roboracer_ws/install/roboracer_description/share/roboracer_description/models/ar_tags/marker17/meshes/Marker17.dae
[1.103s] -- Up-to-date symlink: /home/loq/roboracer_ws/install/roboracer_description/share/roboracer_description/models/ar_tags/marker17/model-1_4.sdf
[1.103s] -- Up-to-date symlink: /home/loq/roboracer_ws/install/roboracer_description/share/roboracer_description/models/ar_tags/marker17/model-1_5.sdf
[1.103s] -- Up-to-date symlink: /home/loq/roboracer_ws/install/roboracer_description/share/roboracer_description/models/ar_tags/marker17/model.config
[1.103s] -- Up-to-date symlink: /home/loq/roboracer_ws/install/roboracer_description/share/roboracer_description/models/ar_tags/marker17/model.sdf
[1.103s] -- Up-to-date symlink: /home/loq/roboracer_ws/install/roboracer_description/share/roboracer_description/models/ar_tags/marker2/marker0/marker0/model-1_5.sdf
[1.103s] -- Up-to-date symlink: /home/loq/roboracer_ws/install/roboracer_description/share/roboracer_description/models/ar_tags/marker2/marker0/marker0/model.config
[1.103s] -- Up-to-date symlink: /home/loq/roboracer_ws/install/roboracer_description/share/roboracer_description/models/ar_tags/marker2/marker0/model-1_5.sdf
[1.103s] -- Up-to-date symlink: /home/loq/roboracer_ws/install/roboracer_description/share/roboracer_description/models/ar_tags/marker2/marker0/model.config
[1.103s] -- Up-to-date symlink: /home/loq/roboracer_ws/install/roboracer_description/share/roboracer_description/models/ar_tags/marker2/materials/textures/Marker2.png
[1.103s] -- Up-to-date symlink: /home/loq/roboracer_ws/install/roboracer_description/share/roboracer_description/models/ar_tags/marker2/meshes/Marker2.dae
[1.103s] -- Up-to-date symlink: /home/loq/roboracer_ws/install/roboracer_description/share/roboracer_description/models/ar_tags/marker2/model-1_4.sdf
[1.103s] -- Up-to-date symlink: /home/loq/roboracer_ws/install/roboracer_description/share/roboracer_description/models/ar_tags/marker2/model-1_5.sdf
[1.103s] -- Up-to-date symlink: /home/loq/roboracer_ws/install/roboracer_description/share/roboracer_description/models/ar_tags/marker2/model.config
[1.103s] -- Up-to-date symlink: /home/loq/roboracer_ws/install/roboracer_description/share/roboracer_description/models/ar_tags/marker2/model.sdf
[1.108s] -- Up-to-date symlink: /home/loq/roboracer_ws/install/roboracer_description/share/roboracer_description/models/ar_tags/marker3/marker0/marker0/model-1_5.sdf
[1.108s] -- Up-to-date symlink: /home/loq/roboracer_ws/install/roboracer_description/share/roboracer_description/models/ar_tags/marker3/marker0/marker0/model.config
[1.108s] -- Up-to-date symlink: /home/loq/roboracer_ws/install/roboracer_description/share/roboracer_description/models/ar_tags/marker3/marker0/model-1_5.sdf
[1.108s] -- Up-to-date symlink: /home/loq/roboracer_ws/install/roboracer_description/share/roboracer_description/models/ar_tags/marker3/marker0/model.config
[1.108s] -- Up-to-date symlink: /home/loq/roboracer_ws/install/roboracer_description/share/roboracer_description/models/ar_tags/marker3/materials/textures/Marker3.png
[1.108s] -- Up-to-date symlink: /home/loq/roboracer_ws/install/roboracer_description/share/roboracer_description/models/ar_tags/marker3/meshes/Marker3.dae
[1.108s] -- Up-to-date symlink: /home/loq/roboracer_ws/install/roboracer_description/share/roboracer_description/models/ar_tags/marker3/model-1_4.sdf
[1.108s] -- Up-to-date symlink: /home/loq/roboracer_ws/install/roboracer_description/share/roboracer_description/models/ar_tags/marker3/model-1_5.sdf
[1.109s] -- Up-to-date symlink: /home/loq/roboracer_ws/install/roboracer_description/share/roboracer_description/models/ar_tags/marker3/model.config
[1.109s] -- Up-to-date symlink: /home/loq/roboracer_ws/install/roboracer_description/share/roboracer_description/models/ar_tags/marker3/model.sdf
[1.109s] -- Up-to-date symlink: /home/loq/roboracer_ws/install/roboracer_description/share/roboracer_description/models/ar_tags/marker4/marker0/marker0/model-1_5.sdf
[1.109s] -- Up-to-date symlink: /home/loq/roboracer_ws/install/roboracer_description/share/roboracer_description/models/ar_tags/marker4/marker0/marker0/model.config
[1.109s] -- Up-to-date symlink: /home/loq/roboracer_ws/install/roboracer_description/share/roboracer_description/models/ar_tags/marker4/marker0/model-1_5.sdf
[1.110s] -- Up-to-date symlink: /home/loq/roboracer_ws/install/roboracer_description/share/roboracer_description/models/ar_tags/marker4/marker0/model.config
[1.110s] -- Up-to-date symlink: /home/loq/roboracer_ws/install/roboracer_description/share/roboracer_description/models/ar_tags/marker4/materials/textures/Marker4.png
[1.110s] -- Up-to-date symlink: /home/loq/roboracer_ws/install/roboracer_description/share/roboracer_description/models/ar_tags/marker4/meshes/Marker4.dae
[1.110s] -- Up-to-date symlink: /home/loq/roboracer_ws/install/roboracer_description/share/roboracer_description/models/ar_tags/marker4/model-1_4.sdf
[1.113s] -- Up-to-date symlink: /home/loq/roboracer_ws/install/roboracer_description/share/roboracer_description/models/ar_tags/marker4/model-1_5.sdf
[1.116s] -- Up-to-date symlink: /home/loq/roboracer_ws/install/roboracer_description/share/roboracer_description/models/ar_tags/marker4/model.config
[1.116s] -- Up-to-date symlink: /home/loq/roboracer_ws/install/roboracer_description/share/roboracer_description/models/ar_tags/marker4/model.sdf
[1.116s] -- Up-to-date symlink: /home/loq/roboracer_ws/install/roboracer_description/share/roboracer_description/models/ar_tags/marker5/marker0/marker0/model-1_5.sdf
[1.116s] -- Up-to-date symlink: /home/loq/roboracer_ws/install/roboracer_description/share/roboracer_description/models/ar_tags/marker5/marker0/marker0/model.config
[1.116s] -- Up-to-date symlink: /home/loq/roboracer_ws/install/roboracer_description/share/roboracer_description/models/ar_tags/marker5/marker0/model-1_5.sdf
[1.116s] -- Up-to-date symlink: /home/loq/roboracer_ws/install/roboracer_description/share/roboracer_description/models/ar_tags/marker5/marker0/model.config
[1.118s] -- Up-to-date symlink: /home/loq/roboracer_ws/install/roboracer_description/share/roboracer_description/models/ar_tags/marker5/materials/textures/Marker5.png
[1.119s] -- Up-to-date symlink: /home/loq/roboracer_ws/install/roboracer_description/share/roboracer_description/models/ar_tags/marker5/meshes/Marker5.dae
[1.120s] -- Up-to-date symlink: /home/loq/roboracer_ws/install/roboracer_description/share/roboracer_description/models/ar_tags/marker5/model-1_4.sdf
[1.121s] -- Up-to-date symlink: /home/loq/roboracer_ws/install/roboracer_description/share/roboracer_description/models/ar_tags/marker5/model-1_5.sdf
[1.121s] -- Up-to-date symlink: /home/loq/roboracer_ws/install/roboracer_description/share/roboracer_description/models/ar_tags/marker5/model.config
[1.121s] -- Up-to-date symlink: /home/loq/roboracer_ws/install/roboracer_description/share/roboracer_description/models/ar_tags/marker5/model.sdf
[1.121s] -- Up-to-date symlink: /home/loq/roboracer_ws/install/roboracer_description/share/roboracer_description/models/ar_tags/marker6/marker0/marker0/model-1_5.sdf
[1.121s] -- Up-to-date symlink: /home/loq/roboracer_ws/install/roboracer_description/share/roboracer_description/models/ar_tags/marker6/marker0/marker0/model.config
[1.122s] -- Up-to-date symlink: /home/loq/roboracer_ws/install/roboracer_description/share/roboracer_description/models/ar_tags/marker6/marker0/model-1_5.sdf
[1.122s] -- Up-to-date symlink: /home/loq/roboracer_ws/install/roboracer_description/share/roboracer_description/models/ar_tags/marker6/marker0/model.config
[1.122s] -- Up-to-date symlink: /home/loq/roboracer_ws/install/roboracer_description/share/roboracer_description/models/ar_tags/marker6/materials/textures/Marker6.png
[1.122s] -- Up-to-date symlink: /home/loq/roboracer_ws/install/roboracer_description/share/roboracer_description/models/ar_tags/marker6/meshes/Marker6.dae
[1.122s] -- Up-to-date symlink: /home/loq/roboracer_ws/install/roboracer_description/share/roboracer_description/models/ar_tags/marker6/model-1_4.sdf
[1.122s] -- Up-to-date symlink: /home/loq/roboracer_ws/install/roboracer_description/share/roboracer_description/models/ar_tags/marker6/model-1_5.sdf
[1.122s] -- Up-to-date symlink: /home/loq/roboracer_ws/install/roboracer_description/share/roboracer_description/models/ar_tags/marker6/model.config
[1.122s] -- Up-to-date symlink: /home/loq/roboracer_ws/install/roboracer_description/share/roboracer_description/models/ar_tags/marker6/model.sdf
[1.122s] -- Up-to-date symlink: /home/loq/roboracer_ws/install/roboracer_description/share/roboracer_description/models/ar_tags/marker7/marker0/marker0/model-1_5.sdf
[1.122s] -- Up-to-date symlink: /home/loq/roboracer_ws/install/roboracer_description/share/roboracer_description/models/ar_tags/marker7/marker0/marker0/model.config
[1.122s] -- Up-to-date symlink: /home/loq/roboracer_ws/install/roboracer_description/share/roboracer_description/models/ar_tags/marker7/marker0/model-1_5.sdf
[1.122s] -- Up-to-date symlink: /home/loq/roboracer_ws/install/roboracer_description/share/roboracer_description/models/ar_tags/marker7/marker0/model.config
[1.122s] -- Up-to-date symlink: /home/loq/roboracer_ws/install/roboracer_description/share/roboracer_description/models/ar_tags/marker7/materials/textures/Marker7.png
[1.122s] -- Up-to-date symlink: /home/loq/roboracer_ws/install/roboracer_description/share/roboracer_description/models/ar_tags/marker7/meshes/Marker7.dae
[1.122s] -- Up-to-date symlink: /home/loq/roboracer_ws/install/roboracer_description/share/roboracer_description/models/ar_tags/marker7/model-1_4.sdf
[1.123s] -- Up-to-date symlink: /home/loq/roboracer_ws/install/roboracer_description/share/roboracer_description/models/ar_tags/marker7/model-1_5.sdf
[1.123s] -- Up-to-date symlink: /home/loq/roboracer_ws/install/roboracer_description/share/roboracer_description/models/ar_tags/marker7/model.config
[1.123s] -- Up-to-date symlink: /home/loq/roboracer_ws/install/roboracer_description/share/roboracer_description/models/ar_tags/marker7/model.sdf
[1.123s] -- Up-to-date symlink: /home/loq/roboracer_ws/install/roboracer_description/share/roboracer_description/models/ar_tags/marker8/marker0/marker0/model-1_5.sdf
[1.123s] -- Up-to-date symlink: /home/loq/roboracer_ws/install/roboracer_description/share/roboracer_description/models/ar_tags/marker8/marker0/marker0/model.config
[1.123s] -- Up-to-date symlink: /home/loq/roboracer_ws/install/roboracer_description/share/roboracer_description/models/ar_tags/marker8/marker0/model-1_5.sdf
[1.123s] -- Up-to-date symlink: /home/loq/roboracer_ws/install/roboracer_description/share/roboracer_description/models/ar_tags/marker8/marker0/model.config
[1.123s] -- Up-to-date symlink: /home/loq/roboracer_ws/install/roboracer_description/share/roboracer_description/models/ar_tags/marker8/materials/textures/Marker8.png
[1.123s] -- Up-to-date symlink: /home/loq/roboracer_ws/install/roboracer_description/share/roboracer_description/models/ar_tags/marker8/meshes/Marker8.dae
[1.123s] -- Up-to-date symlink: /home/loq/roboracer_ws/install/roboracer_description/share/roboracer_description/models/ar_tags/marker8/model-1_4.sdf
[1.123s] -- Up-to-date symlink: /home/loq/roboracer_ws/install/roboracer_description/share/roboracer_description/models/ar_tags/marker8/model-1_5.sdf
[1.123s] -- Up-to-date symlink: /home/loq/roboracer_ws/install/roboracer_description/share/roboracer_description/models/ar_tags/marker8/model.config
[1.123s] -- Up-to-date symlink: /home/loq/roboracer_ws/install/roboracer_description/share/roboracer_description/models/ar_tags/marker8/model.sdf
[1.123s] -- Up-to-date symlink: /home/loq/roboracer_ws/install/roboracer_description/share/roboracer_description/models/ar_tags/marker9/marker0/marker0/model-1_5.sdf
[1.124s] -- Up-to-date symlink: /home/loq/roboracer_ws/install/roboracer_description/share/roboracer_description/models/ar_tags/marker9/marker0/marker0/model.config
[1.124s] -- Up-to-date symlink: /home/loq/roboracer_ws/install/roboracer_description/share/roboracer_description/models/ar_tags/marker9/marker0/model-1_5.sdf
[1.124s] -- Up-to-date symlink: /home/loq/roboracer_ws/install/roboracer_description/share/roboracer_description/models/ar_tags/marker9/marker0/model.config
[1.124s] -- Up-to-date symlink: /home/loq/roboracer_ws/install/roboracer_description/share/roboracer_description/models/ar_tags/marker9/materials/textures/Marker9.png
[1.124s] -- Up-to-date symlink: /home/loq/roboracer_ws/install/roboracer_description/share/roboracer_description/models/ar_tags/marker9/meshes/Marker9.dae
[1.124s] -- Up-to-date symlink: /home/loq/roboracer_ws/install/roboracer_description/share/roboracer_description/models/ar_tags/marker9/model-1_4.sdf
[1.124s] -- Up-to-date symlink: /home/loq/roboracer_ws/install/roboracer_description/share/roboracer_description/models/ar_tags/marker9/model-1_5.sdf
[1.124s] -- Up-to-date symlink: /home/loq/roboracer_ws/install/roboracer_description/share/roboracer_description/models/ar_tags/marker9/model.config
[1.124s] -- Up-to-date symlink: /home/loq/roboracer_ws/install/roboracer_description/share/roboracer_description/models/ar_tags/marker9/model.sdf
[1.124s] -- Up-to-date symlink: /home/loq/roboracer_ws/install/roboracer_description/share/roboracer_description/models/aws_robomaker_residential_AirconditionerA_01/materials/textures/aws_AirconditionerA_01.png
[1.124s] -- Up-to-date symlink: /home/loq/roboracer_ws/install/roboracer_description/share/roboracer_description/models/aws_robomaker_residential_AirconditionerA_01/meshes/aws_AirconditionerA_01_collision.DAE
[1.124s] -- Up-to-date symlink: /home/loq/roboracer_ws/install/roboracer_description/share/roboracer_description/models/aws_robomaker_residential_AirconditionerA_01/meshes/aws_AirconditionerA_01_visual.DAE
[1.124s] -- Up-to-date symlink: /home/loq/roboracer_ws/install/roboracer_description/share/roboracer_description/models/aws_robomaker_residential_AirconditionerA_01/meshes/aws__Air conditioner_01.DAE
[1.124s] -- Up-to-date symlink: /home/loq/roboracer_ws/install/roboracer_description/share/roboracer_description/models/aws_robomaker_residential_AirconditionerA_01/model.config
[1.124s] -- Up-to-date symlink: /home/loq/roboracer_ws/install/roboracer_description/share/roboracer_description/models/aws_robomaker_residential_AirconditionerA_01/model.sdf
[1.125s] -- Up-to-date symlink: /home/loq/roboracer_ws/install/roboracer_description/share/roboracer_description/models/aws_robomaker_residential_AirconditionerB_01/materials/textures/aws_AirconditionerB_01.png
[1.126s] -- Up-to-date symlink: /home/loq/roboracer_ws/install/roboracer_description/share/roboracer_description/models/aws_robomaker_residential_AirconditionerB_01/meshes/aws_AirconditionerB_01_collision.DAE
[1.127s] -- Up-to-date symlink: /home/loq/roboracer_ws/install/roboracer_description/share/roboracer_description/models/aws_robomaker_residential_AirconditionerB_01/meshes/aws_AirconditionerB_01_visual.DAE
[1.131s] -- Up-to-date symlink: /home/loq/roboracer_ws/install/roboracer_description/share/roboracer_description/models/aws_robomaker_residential_AirconditionerB_01/model.config
[1.131s] -- Up-to-date symlink: /home/loq/roboracer_ws/install/roboracer_description/share/roboracer_description/models/aws_robomaker_residential_AirconditionerB_01/model.sdf
[1.131s] -- Up-to-date symlink: /home/loq/roboracer_ws/install/roboracer_description/share/roboracer_description/models/aws_robomaker_residential_BalconyTable_01/materials/textures/aws_BalconyTable_01.png
[1.131s] -- Up-to-date symlink: /home/loq/roboracer_ws/install/roboracer_description/share/roboracer_description/models/aws_robomaker_residential_BalconyTable_01/meshes/aws_BalconyTable_01_collision.DAE
[1.131s] -- Up-to-date symlink: /home/loq/roboracer_ws/install/roboracer_description/share/roboracer_description/models/aws_robomaker_residential_BalconyTable_01/meshes/aws_BalconyTable_01_visual.DAE
[1.131s] -- Up-to-date symlink: /home/loq/roboracer_ws/install/roboracer_description/share/roboracer_description/models/aws_robomaker_residential_BalconyTable_01/model.config
[1.131s] -- Up-to-date symlink: /home/loq/roboracer_ws/install/roboracer_description/share/roboracer_description/models/aws_robomaker_residential_BalconyTable_01/model.sdf
[1.131s] -- Up-to-date symlink: /home/loq/roboracer_ws/install/roboracer_description/share/roboracer_description/models/aws_robomaker_residential_Ball_01/materials/textures/aws_Ball_01.png
[1.131s] -- Up-to-date symlink: /home/loq/roboracer_ws/install/roboracer_description/share/roboracer_description/models/aws_robomaker_residential_Ball_01/meshes/aws_Ball_01_collision.DAE
[1.132s] -- Up-to-date symlink: /home/loq/roboracer_ws/install/roboracer_description/share/roboracer_description/models/aws_robomaker_residential_Ball_01/meshes/aws_Ball_01_visual.DAE
[1.132s] -- Up-to-date symlink: /home/loq/roboracer_ws/install/roboracer_description/share/roboracer_description/models/aws_robomaker_residential_Ball_01/model.config
[1.132s] -- Up-to-date symlink: /home/loq/roboracer_ws/install/roboracer_description/share/roboracer_description/models/aws_robomaker_residential_Ball_01/model.sdf
[1.132s] -- Up-to-date symlink: /home/loq/roboracer_ws/install/roboracer_description/share/roboracer_description/models/aws_robomaker_residential_Bed_01/materials/textures/aws_BedA_01.png
[1.132s] -- Up-to-date symlink: /home/loq/roboracer_ws/install/roboracer_description/share/roboracer_description/models/aws_robomaker_residential_Bed_01/materials/textures/aws_BedB_01.png
[1.132s] -- Up-to-date symlink: /home/loq/roboracer_ws/install/roboracer_description/share/roboracer_description/models/aws_robomaker_residential_Bed_01/materials/textures/aws_BedC_01.png
[1.132s] -- Up-to-date symlink: /home/loq/roboracer_ws/install/roboracer_description/share/roboracer_description/models/aws_robomaker_residential_Bed_01/materials/textures/aws_Bed_01.png
[1.132s] -- Up-to-date symlink: /home/loq/roboracer_ws/install/roboracer_description/share/roboracer_description/models/aws_robomaker_residential_Bed_01/meshes/aws_Bed_01_collision.DAE
[1.132s] -- Up-to-date symlink: /home/loq/roboracer_ws/install/roboracer_description/share/roboracer_description/models/aws_robomaker_residential_Bed_01/meshes/aws_Bed_01_visual.DAE
[1.132s] -- Up-to-date symlink: /home/loq/roboracer_ws/install/roboracer_description/share/roboracer_description/models/aws_robomaker_residential_Bed_01/model.config
[1.132s] -- Up-to-date symlink: /home/loq/roboracer_ws/install/roboracer_description/share/roboracer_description/models/aws_robomaker_residential_Bed_01/model.sdf
[1.132s] -- Up-to-date symlink: /home/loq/roboracer_ws/install/roboracer_description/share/roboracer_description/models/aws_robomaker_residential_Board_01/materials/textures/aws_Board_01.png
[1.132s] -- Up-to-date symlink: /home/loq/roboracer_ws/install/roboracer_description/share/roboracer_description/models/aws_robomaker_residential_Board_01/meshes/aws_Board_01_collision.DAE
[1.132s] -- Up-to-date symlink: /home/loq/roboracer_ws/install/roboracer_description/share/roboracer_description/models/aws_robomaker_residential_Board_01/meshes/aws_Board_01_visual.DAE
[1.132s] -- Up-to-date symlink: /home/loq/roboracer_ws/install/roboracer_description/share/roboracer_description/models/aws_robomaker_residential_Board_01/model.config
[1.132s] -- Up-to-date symlink: /home/loq/roboracer_ws/install/roboracer_description/share/roboracer_description/models/aws_robomaker_residential_Board_01/model.sdf
[1.132s] -- Up-to-date symlink: /home/loq/roboracer_ws/install/roboracer_description/share/roboracer_description/models/aws_robomaker_residential_Carpet_01/materials/textures/aws_Carpet_01.png
[1.133s] -- Up-to-date symlink: /home/loq/roboracer_ws/install/roboracer_description/share/roboracer_description/models/aws_robomaker_residential_Carpet_01/meshes/aws_Carpet_01_collision.DAE
[1.133s] -- Up-to-date symlink: /home/loq/roboracer_ws/install/roboracer_description/share/roboracer_description/models/aws_robomaker_residential_Carpet_01/meshes/aws_Carpet_01_visual.DAE
[1.133s] -- Up-to-date symlink: /home/loq/roboracer_ws/install/roboracer_description/share/roboracer_description/models/aws_robomaker_residential_Carpet_01/model.config
[1.133s] -- Up-to-date symlink: /home/loq/roboracer_ws/install/roboracer_description/share/roboracer_description/models/aws_robomaker_residential_Carpet_01/model.sdf
[1.133s] -- Up-to-date symlink: /home/loq/roboracer_ws/install/roboracer_description/share/roboracer_description/models/aws_robomaker_residential_ChairA_01/materials/textures/aws_ChairA_01.png
[1.133s] -- Up-to-date symlink: /home/loq/roboracer_ws/install/roboracer_description/share/roboracer_description/models/aws_robomaker_residential_ChairA_01/meshes/aws_ChairA_01_collision.DAE
[1.133s] -- Up-to-date symlink: /home/loq/roboracer_ws/install/roboracer_description/share/roboracer_description/models/aws_robomaker_residential_ChairA_01/meshes/aws_ChairA_01_visual.DAE
[1.133s] -- Up-to-date symlink: /home/loq/roboracer_ws/install/roboracer_description/share/roboracer_description/models/aws_robomaker_residential_ChairA_01/model.config
[1.133s] -- Up-to-date symlink: /home/loq/roboracer_ws/install/roboracer_description/share/roboracer_description/models/aws_robomaker_residential_ChairA_01/model.sdf
[1.133s] -- Up-to-date symlink: /home/loq/roboracer_ws/install/roboracer_description/share/roboracer_description/models/aws_robomaker_residential_ChairD_01/materials/textures/aws_ChairD_01.png
[1.133s] -- Up-to-date symlink: /home/loq/roboracer_ws/install/roboracer_description/share/roboracer_description/models/aws_robomaker_residential_ChairD_01/meshes/aws_ChairD_01_collision.DAE
[1.134s] -- Up-to-date symlink: /home/loq/roboracer_ws/install/roboracer_description/share/roboracer_description/models/aws_robomaker_residential_ChairD_01/meshes/aws_ChairD_01_visual.DAE
[1.134s] -- Up-to-date symlink: /home/loq/roboracer_ws/install/roboracer_description/share/roboracer_description/models/aws_robomaker_residential_ChairD_01/model.config
[1.134s] -- Up-to-date symlink: /home/loq/roboracer_ws/install/roboracer_description/share/roboracer_description/models/aws_robomaker_residential_ChairD_01/model.sdf
[1.134s] -- Up-to-date symlink: /home/loq/roboracer_ws/install/roboracer_description/share/roboracer_description/models/aws_robomaker_residential_Chandelier_01/materials/textures/aws_Chandelier_01.png
[1.135s] -- Up-to-date symlink: /home/loq/roboracer_ws/install/roboracer_description/share/roboracer_description/models/aws_robomaker_residential_Chandelier_01/meshes/aws_Chandelier_01.DAE
[1.135s] -- Up-to-date symlink: /home/loq/roboracer_ws/install/roboracer_description/share/roboracer_description/models/aws_robomaker_residential_Chandelier_01/meshes/aws_Chandelier_01_collision.DAE
[1.135s] -- Up-to-date symlink: /home/loq/roboracer_ws/install/roboracer_description/share/roboracer_description/models/aws_robomaker_residential_Chandelier_01/meshes/aws_Chandelier_01_visual.DAE
[1.135s] -- Up-to-date symlink: /home/loq/roboracer_ws/install/roboracer_description/share/roboracer_description/models/aws_robomaker_residential_Chandelier_01/model.config
[1.135s] -- Up-to-date symlink: /home/loq/roboracer_ws/install/roboracer_description/share/roboracer_description/models/aws_robomaker_residential_Chandelier_01/model.sdf
[1.135s] -- Up-to-date symlink: /home/loq/roboracer_ws/install/roboracer_description/share/roboracer_description/models/aws_robomaker_residential_CoffeeTable_01/materials/textures/aws_CoffeeTable_01.png
[1.135s] -- Up-to-date symlink: /home/loq/roboracer_ws/install/roboracer_description/share/roboracer_description/models/aws_robomaker_residential_CoffeeTable_01/meshes/aws_CoffeeTable_01_collision.DAE
[1.135s] -- Up-to-date symlink: /home/loq/roboracer_ws/install/roboracer_description/share/roboracer_description/models/aws_robomaker_residential_CoffeeTable_01/meshes/aws_CoffeeTable_01_visual.DAE
[1.135s] -- Up-to-date symlink: /home/loq/roboracer_ws/install/roboracer_description/share/roboracer_description/models/aws_robomaker_residential_CoffeeTable_01/model.config
[1.136s] -- Up-to-date symlink: /home/loq/roboracer_ws/install/roboracer_description/share/roboracer_description/models/aws_robomaker_residential_CoffeeTable_01/model.sdf
[1.136s] -- Up-to-date symlink: /home/loq/roboracer_ws/install/roboracer_description/share/roboracer_description/models/aws_robomaker_residential_CookingBench_01/materials/textures/aws_CookingBench_01.png
[1.136s] -- Up-to-date symlink: /home/loq/roboracer_ws/install/roboracer_description/share/roboracer_description/models/aws_robomaker_residential_CookingBench_01/meshes/aws_CookingBench_01.DAE
[1.136s] -- Up-to-date symlink: /home/loq/roboracer_ws/install/roboracer_description/share/roboracer_description/models/aws_robomaker_residential_CookingBench_01/meshes/aws_CookingBench_01_collision.DAE
[1.136s] -- Up-to-date symlink: /home/loq/roboracer_ws/install/roboracer_description/share/roboracer_description/models/aws_robomaker_residential_CookingBench_01/meshes/aws_CookingBench_01_visual.DAE
[1.138s] -- Up-to-date symlink: /home/loq/roboracer_ws/install/roboracer_description/share/roboracer_description/models/aws_robomaker_residential_CookingBench_01/model.config
[1.138s] -- Up-to-date symlink: /home/loq/roboracer_ws/install/roboracer_description/share/roboracer_description/models/aws_robomaker_residential_CookingBench_01/model.sdf
[1.138s] -- Up-to-date symlink: /home/loq/roboracer_ws/install/roboracer_description/share/roboracer_description/models/aws_robomaker_residential_Curtain_01/materials/textures/aws_Curtain_01.png
[1.138s] -- Up-to-date symlink: /home/loq/roboracer_ws/install/roboracer_description/share/roboracer_description/models/aws_robomaker_residential_Curtain_01/meshes/aws_Curtain_01_collision.DAE
[1.138s] -- Up-to-date symlink: /home/loq/roboracer_ws/install/roboracer_description/share/roboracer_description/models/aws_robomaker_residential_Curtain_01/meshes/aws_Curtain_01_visual.DAE
[1.138s] -- Up-to-date symlink: /home/loq/roboracer_ws/install/roboracer_description/share/roboracer_description/models/aws_robomaker_residential_Curtain_01/model.config
[1.139s] -- Up-to-date symlink: /home/loq/roboracer_ws/install/roboracer_description/share/roboracer_description/models/aws_robomaker_residential_Curtain_01/model.sdf
[1.139s] -- Up-to-date symlink: /home/loq/roboracer_ws/install/roboracer_description/share/roboracer_description/models/aws_robomaker_residential_DeskPortraitA_01/materials/textures/aws_DeskPortraitA_01.png
[1.139s] -- Up-to-date symlink: /home/loq/roboracer_ws/install/roboracer_description/share/roboracer_description/models/aws_robomaker_residential_DeskPortraitA_01/materials/textures/aws_DeskPortraitA_02.png
[1.139s] -- Up-to-date symlink: /home/loq/roboracer_ws/install/roboracer_description/share/roboracer_description/models/aws_robomaker_residential_DeskPortraitA_01/meshes/aws_DeskPortraitA_01_collision.DAE
[1.139s] -- Up-to-date symlink: /home/loq/roboracer_ws/install/roboracer_description/share/roboracer_description/models/aws_robomaker_residential_DeskPortraitA_01/meshes/aws_DeskPortraitA_01_visual.DAE
[1.139s] -- Up-to-date symlink: /home/loq/roboracer_ws/install/roboracer_description/share/roboracer_description/models/aws_robomaker_residential_DeskPortraitA_01/model.config
[1.139s] -- Up-to-date symlink: /home/loq/roboracer_ws/install/roboracer_description/share/roboracer_description/models/aws_robomaker_residential_DeskPortraitA_01/model.sdf
[1.139s] -- Up-to-date symlink: /home/loq/roboracer_ws/install/roboracer_description/share/roboracer_description/models/aws_robomaker_residential_DeskPortraitA_02/materials/textures/aws_DeskPortraitA_01.png
[1.141s] -- Up-to-date symlink: /home/loq/roboracer_ws/install/roboracer_description/share/roboracer_description/models/aws_robomaker_residential_DeskPortraitA_02/materials/textures/aws_DeskPortraitA_02.png
[1.141s] -- Up-to-date symlink: /home/loq/roboracer_ws/install/roboracer_description/share/roboracer_description/models/aws_robomaker_residential_DeskPortraitA_02/meshes/aws_DeskPortraitA_01_collision.DAE
[1.141s] -- Up-to-date symlink: /home/loq/roboracer_ws/install/roboracer_description/share/roboracer_description/models/aws_robomaker_residential_DeskPortraitA_02/meshes/aws_DeskPortraitA_01_visual.DAE
[1.141s] -- Up-to-date symlink: /home/loq/roboracer_ws/install/roboracer_description/share/roboracer_description/models/aws_robomaker_residential_DeskPortraitA_02/model.config
[1.141s] -- Up-to-date symlink: /home/loq/roboracer_ws/install/roboracer_description/share/roboracer_description/models/aws_robomaker_residential_DeskPortraitA_02/model.sdf
[1.141s] -- Up-to-date symlink: /home/loq/roboracer_ws/install/roboracer_description/share/roboracer_description/models/aws_robomaker_residential_DeskPortraitB_01/materials/textures/aws_DeskPortraitB_01.png
[1.141s] -- Up-to-date symlink: /home/loq/roboracer_ws/install/roboracer_description/share/roboracer_description/models/aws_robomaker_residential_DeskPortraitB_01/materials/textures/aws_DeskPortraitB_02.png
[1.141s] -- Up-to-date symlink: /home/loq/roboracer_ws/install/roboracer_description/share/roboracer_description/models/aws_robomaker_residential_DeskPortraitB_01/meshes/aws_DeskPortraitB_01_collision.DAE
[1.141s] -- Up-to-date symlink: /home/loq/roboracer_ws/install/roboracer_description/share/roboracer_description/models/aws_robomaker_residential_DeskPortraitB_01/meshes/aws_DeskPortraitB_01_visual.DAE
[1.142s] -- Up-to-date symlink: /home/loq/roboracer_ws/install/roboracer_description/share/roboracer_description/models/aws_robomaker_residential_DeskPortraitB_01/model.config
[1.142s] -- Up-to-date symlink: /home/loq/roboracer_ws/install/roboracer_description/share/roboracer_description/models/aws_robomaker_residential_DeskPortraitB_01/model.sdf
[1.143s] -- Up-to-date symlink: /home/loq/roboracer_ws/install/roboracer_description/share/roboracer_description/models/aws_robomaker_residential_DeskPortraitB_02/materials/textures/aws_DeskPortraitB_01.png
[1.143s] -- Up-to-date symlink: /home/loq/roboracer_ws/install/roboracer_description/share/roboracer_description/models/aws_robomaker_residential_DeskPortraitB_02/materials/textures/aws_DeskPortraitB_02.png
[1.143s] -- Up-to-date symlink: /home/loq/roboracer_ws/install/roboracer_description/share/roboracer_description/models/aws_robomaker_residential_DeskPortraitB_02/meshes/aws_DeskPortraitB_01_collision.DAE
[1.143s] -- Up-to-date symlink: /home/loq/roboracer_ws/install/roboracer_description/share/roboracer_description/models/aws_robomaker_residential_DeskPortraitB_02/meshes/aws_DeskPortraitB_01_visual.DAE
[1.143s] -- Up-to-date symlink: /home/loq/roboracer_ws/install/roboracer_description/share/roboracer_description/models/aws_robomaker_residential_DeskPortraitB_02/model.config
[1.143s] -- Up-to-date symlink: /home/loq/roboracer_ws/install/roboracer_description/share/roboracer_description/models/aws_robomaker_residential_DeskPortraitB_02/model.sdf
[1.143s] -- Up-to-date symlink: /home/loq/roboracer_ws/install/roboracer_description/share/roboracer_description/models/aws_robomaker_residential_DeskPortraitC_01/materials/textures/aws_DeskPortraitC_01.png
[1.143s] -- Up-to-date symlink: /home/loq/roboracer_ws/install/roboracer_description/share/roboracer_description/models/aws_robomaker_residential_DeskPortraitC_01/materials/textures/aws_DeskPortraitC_02.png
[1.143s] -- Up-to-date symlink: /home/loq/roboracer_ws/install/roboracer_description/share/roboracer_description/models/aws_robomaker_residential_DeskPortraitC_01/meshes/aws_DeskPortraitC_01_collision.DAE
[1.143s] -- Up-to-date symlink: /home/loq/roboracer_ws/install/roboracer_description/share/roboracer_description/models/aws_robomaker_residential_DeskPortraitC_01/meshes/aws_DeskPortraitC_01_visual.DAE
[1.144s] -- Up-to-date symlink: /home/loq/roboracer_ws/install/roboracer_description/share/roboracer_description/models/aws_robomaker_residential_DeskPortraitC_01/model.config
[1.144s] -- Up-to-date symlink: /home/loq/roboracer_ws/install/roboracer_description/share/roboracer_description/models/aws_robomaker_residential_DeskPortraitC_01/model.sdf
[1.144s] -- Up-to-date symlink: /home/loq/roboracer_ws/install/roboracer_description/share/roboracer_description/models/aws_robomaker_residential_DeskPortraitC_02/materials/textures/aws_DeskPortraitC_01.png
[1.144s] -- Up-to-date symlink: /home/loq/roboracer_ws/install/roboracer_description/share/roboracer_description/models/aws_robomaker_residential_DeskPortraitC_02/materials/textures/aws_DeskPortraitC_02.png
[1.144s] -- Up-to-date symlink: /home/loq/roboracer_ws/install/roboracer_description/share/roboracer_description/models/aws_robomaker_residential_DeskPortraitC_02/meshes/aws_DeskPortraitC_01_collision.DAE
[1.144s] -- Up-to-date symlink: /home/loq/roboracer_ws/install/roboracer_description/share/roboracer_description/models/aws_robomaker_residential_DeskPortraitC_02/meshes/aws_DeskPortraitC_01_visual.DAE
[1.145s] -- Up-to-date symlink: /home/loq/roboracer_ws/install/roboracer_description/share/roboracer_description/models/aws_robomaker_residential_DeskPortraitC_02/model.config
[1.145s] -- Up-to-date symlink: /home/loq/roboracer_ws/install/roboracer_description/share/roboracer_description/models/aws_robomaker_residential_DeskPortraitC_02/model.sdf
[1.145s] -- Up-to-date symlink: /home/loq/roboracer_ws/install/roboracer_description/share/roboracer_description/models/aws_robomaker_residential_DeskPortraitD_01/materials/textures/aws_DeskPortraitD_01.png
[1.145s] -- Up-to-date symlink: /home/loq/roboracer_ws/install/roboracer_description/share/roboracer_description/models/aws_robomaker_residential_DeskPortraitD_01/materials/textures/aws_DeskPortraitD_02.png
[1.145s] -- Up-to-date symlink: /home/loq/roboracer_ws/install/roboracer_description/share/roboracer_description/models/aws_robomaker_residential_DeskPortraitD_01/meshes/aws_DeskPortraitD_01_collision.DAE
[1.146s] -- Up-to-date symlink: /home/loq/roboracer_ws/install/roboracer_description/share/roboracer_description/models/aws_robomaker_residential_DeskPortraitD_01/meshes/aws_DeskPortraitD_01_visual.DAE
[1.146s] -- Up-to-date symlink: /home/loq/roboracer_ws/install/roboracer_description/share/roboracer_description/models/aws_robomaker_residential_DeskPortraitD_01/model.config
[1.146s] -- Up-to-date symlink: /home/loq/roboracer_ws/install/roboracer_description/share/roboracer_description/models/aws_robomaker_residential_DeskPortraitD_01/model.sdf
[1.146s] -- Up-to-date symlink: /home/loq/roboracer_ws/install/roboracer_description/share/roboracer_description/models/aws_robomaker_residential_DeskPortraitD_02/materials/textures/aws_DeskPortraitD_01.png
[1.146s] -- Up-to-date symlink: /home/loq/roboracer_ws/install/roboracer_description/share/roboracer_description/models/aws_robomaker_residential_DeskPortraitD_02/materials/textures/aws_DeskPortraitD_02.png
[1.146s] -- Up-to-date symlink: /home/loq/roboracer_ws/install/roboracer_description/share/roboracer_description/models/aws_robomaker_residential_DeskPortraitD_02/meshes/aws_DeskPortraitD_01_collision.DAE
[1.146s] -- Up-to-date symlink: /home/loq/roboracer_ws/install/roboracer_description/share/roboracer_description/models/aws_robomaker_residential_DeskPortraitD_02/meshes/aws_DeskPortraitD_01_visual.DAE
[1.146s] -- Up-to-date symlink: /home/loq/roboracer_ws/install/roboracer_description/share/roboracer_description/models/aws_robomaker_residential_DeskPortraitD_02/model.config
[1.147s] -- Up-to-date symlink: /home/loq/roboracer_ws/install/roboracer_description/share/roboracer_description/models/aws_robomaker_residential_DeskPortraitD_02/model.sdf
[1.147s] -- Up-to-date symlink: /home/loq/roboracer_ws/install/roboracer_description/share/roboracer_description/models/aws_robomaker_residential_DeskPortraitD_03/materials/textures/aws_DeskPortraitD_01.png
[1.147s] -- Up-to-date symlink: /home/loq/roboracer_ws/install/roboracer_description/share/roboracer_description/models/aws_robomaker_residential_DeskPortraitD_03/materials/textures/aws_DeskPortraitD_02.png
[1.147s] -- Up-to-date symlink: /home/loq/roboracer_ws/install/roboracer_description/share/roboracer_description/models/aws_robomaker_residential_DeskPortraitD_03/meshes/aws_DeskPortraitD_01_collision.DAE
[1.147s] -- Up-to-date symlink: /home/loq/roboracer_ws/install/roboracer_description/share/roboracer_description/models/aws_robomaker_residential_DeskPortraitD_03/meshes/aws_DeskPortraitD_01_visual.DAE
[1.147s] -- Up-to-date symlink: /home/loq/roboracer_ws/install/roboracer_description/share/roboracer_description/models/aws_robomaker_residential_DeskPortraitD_03/model.config
[1.147s] -- Up-to-date symlink: /home/loq/roboracer_ws/install/roboracer_description/share/roboracer_description/models/aws_robomaker_residential_DeskPortraitD_03/model.sdf
[1.147s] -- Up-to-date symlink: /home/loq/roboracer_ws/install/roboracer_description/share/roboracer_description/models/aws_robomaker_residential_DeskPortraitD_04/materials/textures/aws_DeskPortraitD_01.png
[1.147s] -- Up-to-date symlink: /home/loq/roboracer_ws/install/roboracer_description/share/roboracer_description/models/aws_robomaker_residential_DeskPortraitD_04/materials/textures/aws_DeskPortraitD_02.png
[1.147s] -- Up-to-date symlink: /home/loq/roboracer_ws/install/roboracer_description/share/roboracer_description/models/aws_robomaker_residential_DeskPortraitD_04/meshes/aws_DeskPortraitD_01_collision.DAE
[1.147s] -- Up-to-date symlink: /home/loq/roboracer_ws/install/roboracer_description/share/roboracer_description/models/aws_robomaker_residential_DeskPortraitD_04/meshes/aws_DeskPortraitD_01_visual.DAE
[1.147s] -- Up-to-date symlink: /home/loq/roboracer_ws/install/roboracer_description/share/roboracer_description/models/aws_robomaker_residential_DeskPortraitD_04/model.config
[1.147s] -- Up-to-date symlink: /home/loq/roboracer_ws/install/roboracer_description/share/roboracer_description/models/aws_robomaker_residential_DeskPortraitD_04/model.sdf
[1.147s] -- Up-to-date symlink: /home/loq/roboracer_ws/install/roboracer_description/share/roboracer_description/models/aws_robomaker_residential_Door_01/materials/textures/aws_Door_01.png
[1.147s] -- Up-to-date symlink: /home/loq/roboracer_ws/install/roboracer_description/share/roboracer_description/models/aws_robomaker_residential_Door_01/meshes/aws_Door_01_collision.DAE
[1.147s] -- Up-to-date symlink: /home/loq/roboracer_ws/install/roboracer_description/share/roboracer_description/models/aws_robomaker_residential_Door_01/meshes/aws_Door_01_visual.DAE
[1.148s] -- Up-to-date symlink: /home/loq/roboracer_ws/install/roboracer_description/share/roboracer_description/models/aws_robomaker_residential_Door_01/model.config
[1.148s] -- Up-to-date symlink: /home/loq/roboracer_ws/install/roboracer_description/share/roboracer_description/models/aws_robomaker_residential_Door_01/model.sdf
[1.148s] -- Up-to-date symlink: /home/loq/roboracer_ws/install/roboracer_description/share/roboracer_description/models/aws_robomaker_residential_Dumbbell_01/materials/textures/aws_Dumbbell_01.png
[1.148s] -- Up-to-date symlink: /home/loq/roboracer_ws/install/roboracer_description/share/roboracer_description/models/aws_robomaker_residential_Dumbbell_01/meshes/aws_Dumbbell_01_collision.DAE
[1.148s] -- Up-to-date symlink: /home/loq/roboracer_ws/install/roboracer_description/share/roboracer_description/models/aws_robomaker_residential_Dumbbell_01/meshes/aws_Dumbbell_01_visual.DAE
[1.148s] -- Up-to-date symlink: /home/loq/roboracer_ws/install/roboracer_description/share/roboracer_description/models/aws_robomaker_residential_Dumbbell_01/model.config
[1.148s] -- Up-to-date symlink: /home/loq/roboracer_ws/install/roboracer_description/share/roboracer_description/models/aws_robomaker_residential_Dumbbell_01/model.sdf
[1.148s] -- Up-to-date symlink: /home/loq/roboracer_ws/install/roboracer_description/share/roboracer_description/models/aws_robomaker_residential_FitnessEquipment_01/materials/textures/aws_FitnessEquipment_01.png
[1.148s] -- Up-to-date symlink: /home/loq/roboracer_ws/install/roboracer_description/share/roboracer_description/models/aws_robomaker_residential_FitnessEquipment_01/meshes/aws_FitnessEquipment_01_collision.DAE
[1.148s] -- Up-to-date symlink: /home/loq/roboracer_ws/install/roboracer_description/share/roboracer_description/models/aws_robomaker_residential_FitnessEquipment_01/meshes/aws_FitnessEquipment_01_visual.DAE
[1.148s] -- Up-to-date symlink: /home/loq/roboracer_ws/install/roboracer_description/share/roboracer_description/models/aws_robomaker_residential_FitnessEquipment_01/model.config
[1.148s] -- Up-to-date symlink: /home/loq/roboracer_ws/install/roboracer_description/share/roboracer_description/models/aws_robomaker_residential_FitnessEquipment_01/model.sdf
[1.148s] -- Up-to-date symlink: /home/loq/roboracer_ws/install/roboracer_description/share/roboracer_description/models/aws_robomaker_residential_FloorB_01/materials/textures/aws_FloorB_01.png
[1.148s] -- Up-to-date symlink: /home/loq/roboracer_ws/install/roboracer_description/share/roboracer_description/models/aws_robomaker_residential_FloorB_01/meshes/aws_FloorB_01_collision.DAE
[1.148s] -- Up-to-date symlink: /home/loq/roboracer_ws/install/roboracer_description/share/roboracer_description/models/aws_robomaker_residential_FloorB_01/meshes/aws_FloorB_01_visual.DAE
[1.149s] -- Up-to-date symlink: /home/loq/roboracer_ws/install/roboracer_description/share/roboracer_description/models/aws_robomaker_residential_FloorB_01/model.config
[1.149s] -- Up-to-date symlink: /home/loq/roboracer_ws/install/roboracer_description/share/roboracer_description/models/aws_robomaker_residential_FloorB_01/model.sdf
[1.149s] -- Up-to-date symlink: /home/loq/roboracer_ws/install/roboracer_description/share/roboracer_description/models/aws_robomaker_residential_FoldingDoor_01/materials/textures/aws_FoldingDoor_01.png
[1.149s] -- Up-to-date symlink: /home/loq/roboracer_ws/install/roboracer_description/share/roboracer_description/models/aws_robomaker_residential_FoldingDoor_01/meshes/aws_FoldingDoor_01_collision.DAE
[1.149s] -- Up-to-date symlink: /home/loq/roboracer_ws/install/roboracer_description/share/roboracer_description/models/aws_robomaker_residential_FoldingDoor_01/meshes/aws_FoldingDoor_01_visual.DAE
[1.149s] -- Up-to-date symlink: /home/loq/roboracer_ws/install/roboracer_description/share/roboracer_description/models/aws_robomaker_residential_FoldingDoor_01/model.config
[1.149s] -- Up-to-date symlink: /home/loq/roboracer_ws/install/roboracer_description/share/roboracer_description/models/aws_robomaker_residential_FoldingDoor_01/model.sdf
[1.149s] -- Up-to-date symlink: /home/loq/roboracer_ws/install/roboracer_description/share/roboracer_description/models/aws_robomaker_residential_FoldingDoor_02/materials/textures/aws_FoldingDoor_02.png
[1.149s] -- Up-to-date symlink: /home/loq/roboracer_ws/install/roboracer_description/share/roboracer_description/models/aws_robomaker_residential_FoldingDoor_02/meshes/aws_FoldingDoor_02_collision.DAE
[1.149s] -- Up-to-date symlink: /home/loq/roboracer_ws/install/roboracer_description/share/roboracer_description/models/aws_robomaker_residential_FoldingDoor_02/meshes/aws_FoldingDoor_02_visual.DAE
[1.149s] -- Up-to-date symlink: /home/loq/roboracer_ws/install/roboracer_description/share/roboracer_description/models/aws_robomaker_residential_FoldingDoor_02/model.config
[1.149s] -- Up-to-date symlink: /home/loq/roboracer_ws/install/roboracer_description/share/roboracer_description/models/aws_robomaker_residential_FoldingDoor_02/model.sdf
[1.149s] -- Up-to-date symlink: /home/loq/roboracer_ws/install/roboracer_description/share/roboracer_description/models/aws_robomaker_residential_Handle_01/materials/textures/aws_Handle_01.png
[1.149s] -- Up-to-date symlink: /home/loq/roboracer_ws/install/roboracer_description/share/roboracer_description/models/aws_robomaker_residential_Handle_01/meshes/aws_ handle_01_collision.DAE
[1.150s] -- Up-to-date symlink: /home/loq/roboracer_ws/install/roboracer_description/share/roboracer_description/models/aws_robomaker_residential_Handle_01/meshes/aws_Handle_01_collision.DAE
[1.154s] -- Up-to-date symlink: /home/loq/roboracer_ws/install/roboracer_description/share/roboracer_description/models/aws_robomaker_residential_Handle_01/meshes/aws_Handle_01_visual.DAE
[1.154s] -- Up-to-date symlink: /home/loq/roboracer_ws/install/roboracer_description/share/roboracer_description/models/aws_robomaker_residential_Handle_01/model.config
[1.154s] -- Up-to-date symlink: /home/loq/roboracer_ws/install/roboracer_description/share/roboracer_description/models/aws_robomaker_residential_Handle_01/model.sdf
[1.154s] -- Up-to-date symlink: /home/loq/roboracer_ws/install/roboracer_description/share/roboracer_description/models/aws_robomaker_residential_HouseWallB_01/materials/textures/aws_HouseWallB_01.png
[1.154s] -- Up-to-date symlink: /home/loq/roboracer_ws/install/roboracer_description/share/roboracer_description/models/aws_robomaker_residential_HouseWallB_01/meshes/aws_HouseWallB_01_collision.DAE
[1.154s] -- Up-to-date symlink: /home/loq/roboracer_ws/install/roboracer_description/share/roboracer_description/models/aws_robomaker_residential_HouseWallB_01/meshes/aws_HouseWallB_01_visual.DAE
[1.154s] -- Up-to-date symlink: /home/loq/roboracer_ws/install/roboracer_description/share/roboracer_description/models/aws_robomaker_residential_HouseWallB_01/model.config
[1.154s] -- Up-to-date symlink: /home/loq/roboracer_ws/install/roboracer_description/share/roboracer_description/models/aws_robomaker_residential_HouseWallB_01/model.sdf
[1.154s] -- Up-to-date symlink: /home/loq/roboracer_ws/install/roboracer_description/share/roboracer_description/models/aws_robomaker_residential_KitchenCabinet_01/materials/textures/aws_KitchenCabinet_01.png
[1.154s] -- Up-to-date symlink: /home/loq/roboracer_ws/install/roboracer_description/share/roboracer_description/models/aws_robomaker_residential_KitchenCabinet_01/meshes/aws_KitchenCabinet_01_collision.DAE
[1.154s] -- Up-to-date symlink: /home/loq/roboracer_ws/install/roboracer_description/share/roboracer_description/models/aws_robomaker_residential_KitchenCabinet_01/meshes/aws_KitchenCabinet_01_visual.DAE
[1.155s] -- Up-to-date symlink: /home/loq/roboracer_ws/install/roboracer_description/share/roboracer_description/models/aws_robomaker_residential_KitchenCabinet_01/model.config
[1.155s] -- Up-to-date symlink: /home/loq/roboracer_ws/install/roboracer_description/share/roboracer_description/models/aws_robomaker_residential_KitchenCabinet_01/model.sdf
[1.155s] -- Up-to-date symlink: /home/loq/roboracer_ws/install/roboracer_description/share/roboracer_description/models/aws_robomaker_residential_KitchenTable_01/materials/textures/aws_KitchenTable_01.png
[1.155s] -- Up-to-date symlink: /home/loq/roboracer_ws/install/roboracer_description/share/roboracer_description/models/aws_robomaker_residential_KitchenTable_01/meshes/aws_KitchenTable_01_collision.DAE
[1.155s] -- Up-to-date symlink: /home/loq/roboracer_ws/install/roboracer_description/share/roboracer_description/models/aws_robomaker_residential_KitchenTable_01/meshes/aws_KitchenTable_01_visual.DAE
[1.155s] -- Up-to-date symlink: /home/loq/roboracer_ws/install/roboracer_description/share/roboracer_description/models/aws_robomaker_residential_KitchenTable_01/model.config
[1.155s] -- Up-to-date symlink: /home/loq/roboracer_ws/install/roboracer_description/share/roboracer_description/models/aws_robomaker_residential_KitchenTable_01/model.sdf
[1.155s] -- Up-to-date symlink: /home/loq/roboracer_ws/install/roboracer_description/share/roboracer_description/models/aws_robomaker_residential_KitchenUtensils_01/materials/textures/aws_KitchenUtensils_01.png
[1.155s] -- Up-to-date symlink: /home/loq/roboracer_ws/install/roboracer_description/share/roboracer_description/models/aws_robomaker_residential_KitchenUtensils_01/meshes/aws_KitchenUtensils_01_collision.DAE
[1.155s] -- Up-to-date symlink: /home/loq/roboracer_ws/install/roboracer_description/share/roboracer_description/models/aws_robomaker_residential_KitchenUtensils_01/meshes/aws_KitchenUtensils_01_visual.DAE
[1.155s] -- Up-to-date symlink: /home/loq/roboracer_ws/install/roboracer_description/share/roboracer_description/models/aws_robomaker_residential_KitchenUtensils_01/model.config
[1.155s] -- Up-to-date symlink: /home/loq/roboracer_ws/install/roboracer_description/share/roboracer_description/models/aws_robomaker_residential_KitchenUtensils_01/model.sdf
[1.156s] -- Up-to-date symlink: /home/loq/roboracer_ws/install/roboracer_description/share/roboracer_description/models/aws_robomaker_residential_LightC_01/materials/textures/aws_LightC_01.png
[1.158s] -- Up-to-date symlink: /home/loq/roboracer_ws/install/roboracer_description/share/roboracer_description/models/aws_robomaker_residential_LightC_01/meshes/aws_LightC_01_collision.DAE
[1.158s] -- Up-to-date symlink: /home/loq/roboracer_ws/install/roboracer_description/share/roboracer_description/models/aws_robomaker_residential_LightC_01/meshes/aws_LightC_01_visual.DAE
[1.158s] -- Up-to-date symlink: /home/loq/roboracer_ws/install/roboracer_description/share/roboracer_description/models/aws_robomaker_residential_LightC_01/model.config
[1.158s] -- Up-to-date symlink: /home/loq/roboracer_ws/install/roboracer_description/share/roboracer_description/models/aws_robomaker_residential_LightC_01/model.sdf
[1.158s] -- Up-to-date symlink: /home/loq/roboracer_ws/install/roboracer_description/share/roboracer_description/models/aws_robomaker_residential_NightStand_01/materials/textures/aws_NightStand_01.png
[1.158s] -- Up-to-date symlink: /home/loq/roboracer_ws/install/roboracer_description/share/roboracer_description/models/aws_robomaker_residential_NightStand_01/meshes/aws_NightStand_01_collision.DAE
[1.158s] -- Up-to-date symlink: /home/loq/roboracer_ws/install/roboracer_description/share/roboracer_description/models/aws_robomaker_residential_NightStand_01/meshes/aws_NightStand_01_visual.DAE
[1.158s] -- Up-to-date symlink: /home/loq/roboracer_ws/install/roboracer_description/share/roboracer_description/models/aws_robomaker_residential_NightStand_01/model.config
[1.158s] -- Up-to-date symlink: /home/loq/roboracer_ws/install/roboracer_description/share/roboracer_description/models/aws_robomaker_residential_NightStand_01/model.sdf
[1.159s] -- Up-to-date symlink: /home/loq/roboracer_ws/install/roboracer_description/share/roboracer_description/models/aws_robomaker_residential_Pillow_01/materials/textures/aws_Pillow_01.png
[1.159s] -- Up-to-date symlink: /home/loq/roboracer_ws/install/roboracer_description/share/roboracer_description/models/aws_robomaker_residential_Pillow_01/meshes/aws_Pillow_01_collision.DAE
[1.159s] -- Up-to-date symlink: /home/loq/roboracer_ws/install/roboracer_description/share/roboracer_description/models/aws_robomaker_residential_Pillow_01/meshes/aws_Pillow_01_visual.DAE
[1.159s] -- Up-to-date symlink: /home/loq/roboracer_ws/install/roboracer_description/share/roboracer_description/models/aws_robomaker_residential_Pillow_01/model.config
[1.159s] -- Up-to-date symlink: /home/loq/roboracer_ws/install/roboracer_description/share/roboracer_description/models/aws_robomaker_residential_Pillow_01/model.sdf
[1.159s] -- Up-to-date symlink: /home/loq/roboracer_ws/install/roboracer_description/share/roboracer_description/models/aws_robomaker_residential_PortraitA_01/materials/textures/aws_PortraitA_01.png
[1.159s] -- Up-to-date symlink: /home/loq/roboracer_ws/install/roboracer_description/share/roboracer_description/models/aws_robomaker_residential_PortraitA_01/materials/textures/aws_PortraitA_02.png
[1.160s] -- Up-to-date symlink: /home/loq/roboracer_ws/install/roboracer_description/share/roboracer_description/models/aws_robomaker_residential_PortraitA_01/meshes/aws_PortraitA_01_collision.DAE
[1.162s] -- Up-to-date symlink: /home/loq/roboracer_ws/install/roboracer_description/share/roboracer_description/models/aws_robomaker_residential_PortraitA_01/meshes/aws_PortraitA_01_visual.DAE
[1.162s] -- Up-to-date symlink: /home/loq/roboracer_ws/install/roboracer_description/share/roboracer_description/models/aws_robomaker_residential_PortraitA_01/model.config
[1.166s] -- Up-to-date symlink: /home/loq/roboracer_ws/install/roboracer_description/share/roboracer_description/models/aws_robomaker_residential_PortraitA_01/model.sdf
[1.166s] -- Up-to-date symlink: /home/loq/roboracer_ws/install/roboracer_description/share/roboracer_description/models/aws_robomaker_residential_PortraitA_02/materials/textures/aws_PortraitA_01.png
[1.166s] -- Up-to-date symlink: /home/loq/roboracer_ws/install/roboracer_description/share/roboracer_description/models/aws_robomaker_residential_PortraitA_02/materials/textures/aws_PortraitA_02.png
[1.166s] -- Up-to-date symlink: /home/loq/roboracer_ws/install/roboracer_description/share/roboracer_description/models/aws_robomaker_residential_PortraitA_02/meshes/aws_PortraitA_01_collision.DAE
[1.166s] -- Up-to-date symlink: /home/loq/roboracer_ws/install/roboracer_description/share/roboracer_description/models/aws_robomaker_residential_PortraitA_02/meshes/aws_PortraitA_01_visual.DAE
[1.166s] -- Up-to-date symlink: /home/loq/roboracer_ws/install/roboracer_description/share/roboracer_description/models/aws_robomaker_residential_PortraitA_02/model.config
[1.166s] -- Up-to-date symlink: /home/loq/roboracer_ws/install/roboracer_description/share/roboracer_description/models/aws_robomaker_residential_PortraitA_02/model.sdf
[1.166s] -- Up-to-date symlink: /home/loq/roboracer_ws/install/roboracer_description/share/roboracer_description/models/aws_robomaker_residential_PortraitB_01/materials/textures/aws_PortraitB_01.png
[1.167s] -- Up-to-date symlink: /home/loq/roboracer_ws/install/roboracer_description/share/roboracer_description/models/aws_robomaker_residential_PortraitB_01/materials/textures/aws_PortraitB_02.png
[1.167s] -- Up-to-date symlink: /home/loq/roboracer_ws/install/roboracer_description/share/roboracer_description/models/aws_robomaker_residential_PortraitB_01/meshes/aws_PortraitB_01_collision.DAE
[1.167s] -- Up-to-date symlink: /home/loq/roboracer_ws/install/roboracer_description/share/roboracer_description/models/aws_robomaker_residential_PortraitB_01/meshes/aws_PortraitB_01_visual.DAE
[1.167s] -- Up-to-date symlink: /home/loq/roboracer_ws/install/roboracer_description/share/roboracer_description/models/aws_robomaker_residential_PortraitB_01/model.config
[1.167s] -- Up-to-date symlink: /home/loq/roboracer_ws/install/roboracer_description/share/roboracer_description/models/aws_robomaker_residential_PortraitB_01/model.sdf
[1.167s] -- Up-to-date symlink: /home/loq/roboracer_ws/install/roboracer_description/share/roboracer_description/models/aws_robomaker_residential_PortraitB_02/materials/textures/aws_PortraitB_01.png
[1.167s] -- Up-to-date symlink: /home/loq/roboracer_ws/install/roboracer_description/share/roboracer_description/models/aws_robomaker_residential_PortraitB_02/materials/textures/aws_PortraitB_02.png
[1.167s] -- Up-to-date symlink: /home/loq/roboracer_ws/install/roboracer_description/share/roboracer_description/models/aws_robomaker_residential_PortraitB_02/meshes/aws_PortraitB_01_collision.DAE
[1.167s] -- Up-to-date symlink: /home/loq/roboracer_ws/install/roboracer_description/share/roboracer_description/models/aws_robomaker_residential_PortraitB_02/meshes/aws_PortraitB_01_visual.DAE
[1.167s] -- Up-to-date symlink: /home/loq/roboracer_ws/install/roboracer_description/share/roboracer_description/models/aws_robomaker_residential_PortraitB_02/model.config
[1.167s] -- Up-to-date symlink: /home/loq/roboracer_ws/install/roboracer_description/share/roboracer_description/models/aws_robomaker_residential_PortraitB_02/model.sdf
[1.167s] -- Up-to-date symlink: /home/loq/roboracer_ws/install/roboracer_description/share/roboracer_description/models/aws_robomaker_residential_PortraitB_03/materials/textures/aws_PortraitB_01.png
[1.167s] -- Up-to-date symlink: /home/loq/roboracer_ws/install/roboracer_description/share/roboracer_description/models/aws_robomaker_residential_PortraitB_03/materials/textures/aws_PortraitB_02.png
[1.167s] -- Up-to-date symlink: /home/loq/roboracer_ws/install/roboracer_description/share/roboracer_description/models/aws_robomaker_residential_PortraitB_03/meshes/aws_PortraitB_01_collision.DAE
[1.167s] -- Up-to-date symlink: /home/loq/roboracer_ws/install/roboracer_description/share/roboracer_description/models/aws_robomaker_residential_PortraitB_03/meshes/aws_PortraitB_01_visual.DAE
[1.168s] -- Up-to-date symlink: /home/loq/roboracer_ws/install/roboracer_description/share/roboracer_description/models/aws_robomaker_residential_PortraitB_03/model.config
[1.168s] -- Up-to-date symlink: /home/loq/roboracer_ws/install/roboracer_description/share/roboracer_description/models/aws_robomaker_residential_PortraitB_03/model.sdf
[1.168s] -- Up-to-date symlink: /home/loq/roboracer_ws/install/roboracer_description/share/roboracer_description/models/aws_robomaker_residential_PortraitC_01/materials/textures/aws_PortraitC_01.png
[1.168s] -- Up-to-date symlink: /home/loq/roboracer_ws/install/roboracer_description/share/roboracer_description/models/aws_robomaker_residential_PortraitC_01/materials/textures/aws_PortraitC_02.png
[1.168s] -- Up-to-date symlink: /home/loq/roboracer_ws/install/roboracer_description/share/roboracer_description/models/aws_robomaker_residential_PortraitC_01/meshes/aws_PortraitC_01_collision.DAE
[1.168s] -- Up-to-date symlink: /home/loq/roboracer_ws/install/roboracer_description/share/roboracer_description/models/aws_robomaker_residential_PortraitC_01/meshes/aws_PortraitC_01_visual.DAE
[1.168s] -- Up-to-date symlink: /home/loq/roboracer_ws/install/roboracer_description/share/roboracer_description/models/aws_robomaker_residential_PortraitC_01/model.config
[1.168s] -- Up-to-date symlink: /home/loq/roboracer_ws/install/roboracer_description/share/roboracer_description/models/aws_robomaker_residential_PortraitC_01/model.sdf
[1.168s] -- Up-to-date symlink: /home/loq/roboracer_ws/install/roboracer_description/share/roboracer_description/models/aws_robomaker_residential_PortraitD_01/materials/textures/aws_PortraitD_01.png
[1.168s] -- Up-to-date symlink: /home/loq/roboracer_ws/install/roboracer_description/share/roboracer_description/models/aws_robomaker_residential_PortraitD_01/materials/textures/aws_PortraitD_02.png
[1.168s] -- Up-to-date symlink: /home/loq/roboracer_ws/install/roboracer_description/share/roboracer_description/models/aws_robomaker_residential_PortraitD_01/meshes/aws_PortraitD_01_collision.DAE
[1.168s] -- Up-to-date symlink: /home/loq/roboracer_ws/install/roboracer_description/share/roboracer_description/models/aws_robomaker_residential_PortraitD_01/meshes/aws_PortraitD_01_visual.DAE
[1.168s] -- Up-to-date symlink: /home/loq/roboracer_ws/install/roboracer_description/share/roboracer_description/models/aws_robomaker_residential_PortraitD_01/model.config
[1.168s] -- Up-to-date symlink: /home/loq/roboracer_ws/install/roboracer_description/share/roboracer_description/models/aws_robomaker_residential_PortraitD_01/model.sdf
[1.168s] -- Up-to-date symlink: /home/loq/roboracer_ws/install/roboracer_description/share/roboracer_description/models/aws_robomaker_residential_PortraitD_02/materials/textures/aws_PortraitD_01.png
[1.168s] -- Up-to-date symlink: /home/loq/roboracer_ws/install/roboracer_description/share/roboracer_description/models/aws_robomaker_residential_PortraitD_02/materials/textures/aws_PortraitD_02.png
[1.169s] -- Up-to-date symlink: /home/loq/roboracer_ws/install/roboracer_description/share/roboracer_description/models/aws_robomaker_residential_PortraitD_02/meshes/aws_PortraitD_01_collision.DAE
[1.169s] -- Up-to-date symlink: /home/loq/roboracer_ws/install/roboracer_description/share/roboracer_description/models/aws_robomaker_residential_PortraitD_02/meshes/aws_PortraitD_01_visual.DAE
[1.169s] -- Up-to-date symlink: /home/loq/roboracer_ws/install/roboracer_description/share/roboracer_description/models/aws_robomaker_residential_PortraitD_02/model.config
[1.169s] -- Up-to-date symlink: /home/loq/roboracer_ws/install/roboracer_description/share/roboracer_description/models/aws_robomaker_residential_PortraitD_02/model.sdf
[1.169s] -- Up-to-date symlink: /home/loq/roboracer_ws/install/roboracer_description/share/roboracer_description/models/aws_robomaker_residential_PortraitE_01/materials/textures/aws_PortraitE_01.png
[1.169s] -- Up-to-date symlink: /home/loq/roboracer_ws/install/roboracer_description/share/roboracer_description/models/aws_robomaker_residential_PortraitE_01/materials/textures/aws_PortraitE_02.png
[1.169s] -- Up-to-date symlink: /home/loq/roboracer_ws/install/roboracer_description/share/roboracer_description/models/aws_robomaker_residential_PortraitE_01/meshes/aws_PortraitE_01_collision.DAE
[1.169s] -- Up-to-date symlink: /home/loq/roboracer_ws/install/roboracer_description/share/roboracer_description/models/aws_robomaker_residential_PortraitE_01/meshes/aws_PortraitE_01_visual.DAE
[1.169s] -- Up-to-date symlink: /home/loq/roboracer_ws/install/roboracer_description/share/roboracer_description/models/aws_robomaker_residential_PortraitE_01/model.config
[1.169s] -- Up-to-date symlink: /home/loq/roboracer_ws/install/roboracer_description/share/roboracer_description/models/aws_robomaker_residential_PortraitE_01/model.sdf
[1.169s] -- Up-to-date symlink: /home/loq/roboracer_ws/install/roboracer_description/share/roboracer_description/models/aws_robomaker_residential_PortraitE_02/materials/textures/aws_PortraitE_01.png
[1.169s] -- Up-to-date symlink: /home/loq/roboracer_ws/install/roboracer_description/share/roboracer_description/models/aws_robomaker_residential_PortraitE_02/materials/textures/aws_PortraitE_02.png
[1.169s] -- Up-to-date symlink: /home/loq/roboracer_ws/install/roboracer_description/share/roboracer_description/models/aws_robomaker_residential_PortraitE_02/meshes/aws_PortraitE_01_collision.DAE
[1.169s] -- Up-to-date symlink: /home/loq/roboracer_ws/install/roboracer_description/share/roboracer_description/models/aws_robomaker_residential_PortraitE_02/meshes/aws_PortraitE_01_visual.DAE
[1.169s] -- Up-to-date symlink: /home/loq/roboracer_ws/install/roboracer_description/share/roboracer_description/models/aws_robomaker_residential_PortraitE_02/model.config
[1.170s] -- Up-to-date symlink: /home/loq/roboracer_ws/install/roboracer_description/share/roboracer_description/models/aws_robomaker_residential_PortraitE_02/model.sdf
[1.173s] -- Up-to-date symlink: /home/loq/roboracer_ws/install/roboracer_description/share/roboracer_description/models/aws_robomaker_residential_Quilt_01/materials/textures/aws_Quilt_01.png
[1.173s] -- Up-to-date symlink: /home/loq/roboracer_ws/install/roboracer_description/share/roboracer_description/models/aws_robomaker_residential_Quilt_01/meshes/aws_Quilt_01_collision.DAE
[1.174s] -- Up-to-date symlink: /home/loq/roboracer_ws/install/roboracer_description/share/roboracer_description/models/aws_robomaker_residential_Quilt_01/meshes/aws_Quilt_01_visual.DAE
[1.174s] -- Up-to-date symlink: /home/loq/roboracer_ws/install/roboracer_description/share/roboracer_description/models/aws_robomaker_residential_Quilt_01/model.config
[1.174s] -- Up-to-date symlink: /home/loq/roboracer_ws/install/roboracer_description/share/roboracer_description/models/aws_robomaker_residential_Quilt_01/model.sdf
[1.174s] -- Up-to-date symlink: /home/loq/roboracer_ws/install/roboracer_description/share/roboracer_description/models/aws_robomaker_residential_Rangehood_01/materials/textures/aws_Rangehood_01.png
[1.174s] -- Up-to-date symlink: /home/loq/roboracer_ws/install/roboracer_description/share/roboracer_description/models/aws_robomaker_residential_Rangehood_01/meshes/aws_Rangehood_01_collision.DAE
[1.174s] -- Up-to-date symlink: /home/loq/roboracer_ws/install/roboracer_description/share/roboracer_description/models/aws_robomaker_residential_Rangehood_01/meshes/aws_Rangehood_01_visual.DAE
[1.174s] -- Up-to-date symlink: /home/loq/roboracer_ws/install/roboracer_description/share/roboracer_description/models/aws_robomaker_residential_Rangehood_01/model.config
[1.174s] -- Up-to-date symlink: /home/loq/roboracer_ws/install/roboracer_description/share/roboracer_description/models/aws_robomaker_residential_Rangehood_01/model.sdf
[1.174s] -- Up-to-date symlink: /home/loq/roboracer_ws/install/roboracer_description/share/roboracer_description/models/aws_robomaker_residential_ReadingDesk_01/materials/textures/aws_ReadingDesk_01.png
[1.176s] -- Up-to-date symlink: /home/loq/roboracer_ws/install/roboracer_description/share/roboracer_description/models/aws_robomaker_residential_ReadingDesk_01/meshes/aws_ReadingDesk_01_collision.DAE
[1.176s] -- Up-to-date symlink: /home/loq/roboracer_ws/install/roboracer_description/share/roboracer_description/models/aws_robomaker_residential_ReadingDesk_01/meshes/aws_ReadingDesk_01_visual.DAE
[1.176s] -- Up-to-date symlink: /home/loq/roboracer_ws/install/roboracer_description/share/roboracer_description/models/aws_robomaker_residential_ReadingDesk_01/model.config
[1.176s] -- Up-to-date symlink: /home/loq/roboracer_ws/install/roboracer_description/share/roboracer_description/models/aws_robomaker_residential_ReadingDesk_01/model.sdf
[1.176s] -- Up-to-date symlink: /home/loq/roboracer_ws/install/roboracer_description/share/roboracer_description/models/aws_robomaker_residential_Refrigerator_01/materials/textures/aws_Refrigerator_01.png
[1.176s] -- Up-to-date symlink: /home/loq/roboracer_ws/install/roboracer_description/share/roboracer_description/models/aws_robomaker_residential_Refrigerator_01/materials/textures/aws_Refrigerator_02.png
[1.176s] -- Up-to-date symlink: /home/loq/roboracer_ws/install/roboracer_description/share/roboracer_description/models/aws_robomaker_residential_Refrigerator_01/meshes/aws_Refrigerator_01.DAE
[1.181s] -- Up-to-date symlink: /home/loq/roboracer_ws/install/roboracer_description/share/roboracer_description/models/aws_robomaker_residential_Refrigerator_01/meshes/aws_Refrigerator_01_collision.DAE
[1.181s] -- Up-to-date symlink: /home/loq/roboracer_ws/install/roboracer_description/share/roboracer_description/models/aws_robomaker_residential_Refrigerator_01/meshes/aws_Refrigerator_01_visual.DAE
[1.181s] -- Up-to-date symlink: /home/loq/roboracer_ws/install/roboracer_description/share/roboracer_description/models/aws_robomaker_residential_Refrigerator_01/model.config
[1.181s] -- Up-to-date symlink: /home/loq/roboracer_ws/install/roboracer_description/share/roboracer_description/models/aws_robomaker_residential_Refrigerator_01/model.sdf
[1.181s] -- Up-to-date symlink: /home/loq/roboracer_ws/install/roboracer_description/share/roboracer_description/models/aws_robomaker_residential_RoomCeiling_01/materials/textures/aws_RoomCeiling_01.png
[1.182s] -- Up-to-date symlink: /home/loq/roboracer_ws/install/roboracer_description/share/roboracer_description/models/aws_robomaker_residential_RoomCeiling_01/meshes/aws_RoomCeiling_01_collision.DAE
[1.182s] -- Up-to-date symlink: /home/loq/roboracer_ws/install/roboracer_description/share/roboracer_description/models/aws_robomaker_residential_RoomCeiling_01/meshes/aws_RoomCeiling_01_visual.DAE
[1.182s] -- Up-to-date symlink: /home/loq/roboracer_ws/install/roboracer_description/share/roboracer_description/models/aws_robomaker_residential_RoomCeiling_01/model.config
[1.182s] -- Up-to-date symlink: /home/loq/roboracer_ws/install/roboracer_description/share/roboracer_description/models/aws_robomaker_residential_RoomCeiling_01/model.sdf
[1.182s] -- Up-to-date symlink: /home/loq/roboracer_ws/install/roboracer_description/share/roboracer_description/models/aws_robomaker_residential_RoomWall_01/materials/textures/aws_RoomWall_01.png
[1.182s] -- Up-to-date symlink: /home/loq/roboracer_ws/install/roboracer_description/share/roboracer_description/models/aws_robomaker_residential_RoomWall_01/meshes/aws_RoomWall_01_collision.DAE
[1.185s] -- Up-to-date symlink: /home/loq/roboracer_ws/install/roboracer_description/share/roboracer_description/models/aws_robomaker_residential_RoomWall_01/meshes/aws_RoomWall_01_visual.DAE
[1.185s] -- Up-to-date symlink: /home/loq/roboracer_ws/install/roboracer_description/share/roboracer_description/models/aws_robomaker_residential_RoomWall_01/model.config
[1.185s] -- Up-to-date symlink: /home/loq/roboracer_ws/install/roboracer_description/share/roboracer_description/models/aws_robomaker_residential_RoomWall_01/model.sdf
[1.185s] -- Up-to-date symlink: /home/loq/roboracer_ws/install/roboracer_description/share/roboracer_description/models/aws_robomaker_residential_RoomWindow_01/materials/textures/aws_RoomWindow_01.png
[1.185s] -- Up-to-date symlink: /home/loq/roboracer_ws/install/roboracer_description/share/roboracer_description/models/aws_robomaker_residential_RoomWindow_01/meshes/aws_RoomWindow_01_collision.DAE
[1.185s] -- Up-to-date symlink: /home/loq/roboracer_ws/install/roboracer_description/share/roboracer_description/models/aws_robomaker_residential_RoomWindow_01/meshes/aws_RoomWindow_01_visual.DAE
[1.185s] -- Up-to-date symlink: /home/loq/roboracer_ws/install/roboracer_description/share/roboracer_description/models/aws_robomaker_residential_RoomWindow_01/model.config
[1.185s] -- Up-to-date symlink: /home/loq/roboracer_ws/install/roboracer_description/share/roboracer_description/models/aws_robomaker_residential_RoomWindow_01/model.sdf
[1.185s] -- Up-to-date symlink: /home/loq/roboracer_ws/install/roboracer_description/share/roboracer_description/models/aws_robomaker_residential_SeasoningBox_01/materials/textures/aws_SeasoningBox_01.png
[1.185s] -- Up-to-date symlink: /home/loq/roboracer_ws/install/roboracer_description/share/roboracer_description/models/aws_robomaker_residential_SeasoningBox_01/meshes/aws_SeasoningBox_01_collision.DAE
[1.185s] -- Up-to-date symlink: /home/loq/roboracer_ws/install/roboracer_description/share/roboracer_description/models/aws_robomaker_residential_SeasoningBox_01/meshes/aws_SeasoningBox_01_visual.DAE
[1.186s] -- Up-to-date symlink: /home/loq/roboracer_ws/install/roboracer_description/share/roboracer_description/models/aws_robomaker_residential_SeasoningBox_01/model.config
[1.186s] -- Up-to-date symlink: /home/loq/roboracer_ws/install/roboracer_description/share/roboracer_description/models/aws_robomaker_residential_SeasoningBox_01/model.sdf
[1.186s] -- Up-to-date symlink: /home/loq/roboracer_ws/install/roboracer_description/share/roboracer_description/models/aws_robomaker_residential_SecurityCamera_01/materials/textures/aws_SecurityCamera_01.png
[1.186s] -- Up-to-date symlink: /home/loq/roboracer_ws/install/roboracer_description/share/roboracer_description/models/aws_robomaker_residential_SecurityCamera_01/meshes/aws_SecurityCamera_01_collision.DAE
[1.186s] -- Up-to-date symlink: /home/loq/roboracer_ws/install/roboracer_description/share/roboracer_description/models/aws_robomaker_residential_SecurityCamera_01/meshes/aws_SecurityCamera_01_visual.DAE
[1.186s] -- Up-to-date symlink: /home/loq/roboracer_ws/install/roboracer_description/share/roboracer_description/models/aws_robomaker_residential_SecurityCamera_01/model.config
[1.186s] -- Up-to-date symlink: /home/loq/roboracer_ws/install/roboracer_description/share/roboracer_description/models/aws_robomaker_residential_SecurityCamera_01/model.sdf
[1.186s] -- Up-to-date symlink: /home/loq/roboracer_ws/install/roboracer_description/share/roboracer_description/models/aws_robomaker_residential_ShoeRack_01/materials/textures/aws_ShoeRack_01.png
[1.186s] -- Up-to-date symlink: /home/loq/roboracer_ws/install/roboracer_description/share/roboracer_description/models/aws_robomaker_residential_ShoeRack_01/meshes/aws_ShoeRack_01_collision.DAE
[1.186s] -- Up-to-date symlink: /home/loq/roboracer_ws/install/roboracer_description/share/roboracer_description/models/aws_robomaker_residential_ShoeRack_01/meshes/aws_ShoeRack_01_visual.DAE
[1.186s] -- Up-to-date symlink: /home/loq/roboracer_ws/install/roboracer_description/share/roboracer_description/models/aws_robomaker_residential_ShoeRack_01/model.config
[1.186s] -- Up-to-date symlink: /home/loq/roboracer_ws/install/roboracer_description/share/roboracer_description/models/aws_robomaker_residential_ShoeRack_01/model.sdf
[1.187s] -- Up-to-date symlink: /home/loq/roboracer_ws/install/roboracer_description/share/roboracer_description/models/aws_robomaker_residential_SofaB_01/materials/textures/aws_SofaB_01.png
[1.187s] -- Up-to-date symlink: /home/loq/roboracer_ws/install/roboracer_description/share/roboracer_description/models/aws_robomaker_residential_SofaB_01/meshes/aws_SofaB_01_collision.DAE
[1.188s] -- Up-to-date symlink: /home/loq/roboracer_ws/install/roboracer_description/share/roboracer_description/models/aws_robomaker_residential_SofaB_01/meshes/aws_SofaB_01_visual.DAE
[1.188s] -- Up-to-date symlink: /home/loq/roboracer_ws/install/roboracer_description/share/roboracer_description/models/aws_robomaker_residential_SofaB_01/model.config
[1.188s] -- Up-to-date symlink: /home/loq/roboracer_ws/install/roboracer_description/share/roboracer_description/models/aws_robomaker_residential_SofaB_01/model.sdf
[1.188s] -- Up-to-date symlink: /home/loq/roboracer_ws/install/roboracer_description/share/roboracer_description/models/aws_robomaker_residential_SofaC_01/materials/textures/aws_SofaC_01.png
[1.188s] -- Up-to-date symlink: /home/loq/roboracer_ws/install/roboracer_description/share/roboracer_description/models/aws_robomaker_residential_SofaC_01/meshes/aws_SofaC_01_collision.DAE
[1.188s] -- Up-to-date symlink: /home/loq/roboracer_ws/install/roboracer_description/share/roboracer_description/models/aws_robomaker_residential_SofaC_01/meshes/aws_SofaC_01_visual.DAE
[1.188s] -- Up-to-date symlink: /home/loq/roboracer_ws/install/roboracer_description/share/roboracer_description/models/aws_robomaker_residential_SofaC_01/model.config
[1.188s] -- Up-to-date symlink: /home/loq/roboracer_ws/install/roboracer_description/share/roboracer_description/models/aws_robomaker_residential_SofaC_01/model.sdf
[1.189s] -- Up-to-date symlink: /home/loq/roboracer_ws/install/roboracer_description/share/roboracer_description/models/aws_robomaker_residential_Sofa_01/materials/textures/aws_Sofa_01.png
[1.189s] -- Up-to-date symlink: /home/loq/roboracer_ws/install/roboracer_description/share/roboracer_description/models/aws_robomaker_residential_Sofa_01/meshes/aws_Sofa_01.DAE
[1.189s] -- Up-to-date symlink: /home/loq/roboracer_ws/install/roboracer_description/share/roboracer_description/models/aws_robomaker_residential_Sofa_01/meshes/aws_Sofa_01_collision.DAE
[1.189s] -- Up-to-date symlink: /home/loq/roboracer_ws/install/roboracer_description/share/roboracer_description/models/aws_robomaker_residential_Sofa_01/meshes/aws_Sofa_01_visual.DAE
[1.189s] -- Up-to-date symlink: /home/loq/roboracer_ws/install/roboracer_description/share/roboracer_description/models/aws_robomaker_residential_Sofa_01/model.config
[1.189s] -- Up-to-date symlink: /home/loq/roboracer_ws/install/roboracer_description/share/roboracer_description/models/aws_robomaker_residential_Sofa_01/model.sdf
[1.189s] -- Up-to-date symlink: /home/loq/roboracer_ws/install/roboracer_description/share/roboracer_description/models/aws_robomaker_residential_TVCabinet_01/materials/textures/aws_TVCabinet_01.png
[1.189s] -- Up-to-date symlink: /home/loq/roboracer_ws/install/roboracer_description/share/roboracer_description/models/aws_robomaker_residential_TVCabinet_01/meshes/aws_TVCabinet_01_collision.DAE
[1.189s] -- Up-to-date symlink: /home/loq/roboracer_ws/install/roboracer_description/share/roboracer_description/models/aws_robomaker_residential_TVCabinet_01/meshes/aws_TVCabinet_01_visual.DAE
[1.189s] -- Up-to-date symlink: /home/loq/roboracer_ws/install/roboracer_description/share/roboracer_description/models/aws_robomaker_residential_TVCabinet_01/model.config
[1.189s] -- Up-to-date symlink: /home/loq/roboracer_ws/install/roboracer_description/share/roboracer_description/models/aws_robomaker_residential_TVCabinet_01/model.sdf
[1.189s] -- Up-to-date symlink: /home/loq/roboracer_ws/install/roboracer_description/share/roboracer_description/models/aws_robomaker_residential_TV_01/materials/textures/aws_TV_01.png
[1.189s] -- Up-to-date symlink: /home/loq/roboracer_ws/install/roboracer_description/share/roboracer_description/models/aws_robomaker_residential_TV_01/meshes/aws_TV_01_collision.DAE
[1.189s] -- Up-to-date symlink: /home/loq/roboracer_ws/install/roboracer_description/share/roboracer_description/models/aws_robomaker_residential_TV_01/meshes/aws_TV_01_visual.DAE
[1.189s] -- Up-to-date symlink: /home/loq/roboracer_ws/install/roboracer_description/share/roboracer_description/models/aws_robomaker_residential_TV_01/model.config
[1.189s] -- Up-to-date symlink: /home/loq/roboracer_ws/install/roboracer_description/share/roboracer_description/models/aws_robomaker_residential_TV_01/model.sdf
[1.190s] -- Up-to-date symlink: /home/loq/roboracer_ws/install/roboracer_description/share/roboracer_description/models/aws_robomaker_residential_TV_02/materials/textures/aws_TV_01.png
[1.190s] -- Up-to-date symlink: /home/loq/roboracer_ws/install/roboracer_description/share/roboracer_description/models/aws_robomaker_residential_TV_02/meshes/aws_TV_01_collision.DAE
[1.190s] -- Up-to-date symlink: /home/loq/roboracer_ws/install/roboracer_description/share/roboracer_description/models/aws_robomaker_residential_TV_02/meshes/aws_TV_01_visual.DAE
[1.190s] -- Up-to-date symlink: /home/loq/roboracer_ws/install/roboracer_description/share/roboracer_description/models/aws_robomaker_residential_TV_02/model.config
[1.190s] -- Up-to-date symlink: /home/loq/roboracer_ws/install/roboracer_description/share/roboracer_description/models/aws_robomaker_residential_TV_02/model.sdf
[1.190s] -- Up-to-date symlink: /home/loq/roboracer_ws/install/roboracer_description/share/roboracer_description/models/aws_robomaker_residential_Tablet_01/materials/textures/aws_Tablet_01_nologo.png
[1.190s] -- Up-to-date symlink: /home/loq/roboracer_ws/install/roboracer_description/share/roboracer_description/models/aws_robomaker_residential_Tablet_01/meshes/aws_Tablet_01_collision.DAE
[1.190s] -- Up-to-date symlink: /home/loq/roboracer_ws/install/roboracer_description/share/roboracer_description/models/aws_robomaker_residential_Tablet_01/meshes/aws_Tablet_01_visual.DAE
[1.190s] -- Up-to-date symlink: /home/loq/roboracer_ws/install/roboracer_description/share/roboracer_description/models/aws_robomaker_residential_Tablet_01/model.config
[1.190s] -- Up-to-date symlink: /home/loq/roboracer_ws/install/roboracer_description/share/roboracer_description/models/aws_robomaker_residential_Tablet_01/model.sdf
[1.195s] -- Up-to-date symlink: /home/loq/roboracer_ws/install/roboracer_description/share/roboracer_description/models/aws_robomaker_residential_Tableware_01/materials/textures/aws_Tableware_01.png
[1.195s] -- Up-to-date symlink: /home/loq/roboracer_ws/install/roboracer_description/share/roboracer_description/models/aws_robomaker_residential_Tableware_01/meshes/aws_Tableware_01_collision.DAE
[1.195s] -- Up-to-date symlink: /home/loq/roboracer_ws/install/roboracer_description/share/roboracer_description/models/aws_robomaker_residential_Tableware_01/meshes/aws_Tableware_01_visual.DAE
[1.195s] -- Up-to-date symlink: /home/loq/roboracer_ws/install/roboracer_description/share/roboracer_description/models/aws_robomaker_residential_Tableware_01/model.config
[1.196s] -- Up-to-date symlink: /home/loq/roboracer_ws/install/roboracer_description/share/roboracer_description/models/aws_robomaker_residential_Tableware_01/model.sdf
[1.196s] -- Up-to-date symlink: /home/loq/roboracer_ws/install/roboracer_description/share/roboracer_description/models/aws_robomaker_residential_Trash_01/materials/textures/aws_Trash_01.png
[1.196s] -- Up-to-date symlink: /home/loq/roboracer_ws/install/roboracer_description/share/roboracer_description/models/aws_robomaker_residential_Trash_01/meshes/aws_Trash_01_collision.DAE
[1.196s] -- Up-to-date symlink: /home/loq/roboracer_ws/install/roboracer_description/share/roboracer_description/models/aws_robomaker_residential_Trash_01/meshes/aws_Trash_01_visual.DAE
[1.197s] -- Up-to-date symlink: /home/loq/roboracer_ws/install/roboracer_description/share/roboracer_description/models/aws_robomaker_residential_Trash_01/model.config
[1.197s] -- Up-to-date symlink: /home/loq/roboracer_ws/install/roboracer_description/share/roboracer_description/models/aws_robomaker_residential_Trash_01/model.sdf
[1.197s] -- Up-to-date symlink: /home/loq/roboracer_ws/install/roboracer_description/share/roboracer_description/models/aws_robomaker_residential_Vase_01/materials/textures/aws_Vase_01.png
[1.198s] -- Up-to-date symlink: /home/loq/roboracer_ws/install/roboracer_description/share/roboracer_description/models/aws_robomaker_residential_Vase_01/meshes/aws_Vase_01_collision.DAE
[1.198s] -- Up-to-date symlink: /home/loq/roboracer_ws/install/roboracer_description/share/roboracer_description/models/aws_robomaker_residential_Vase_01/meshes/aws_Vase_01_visual.DAE
[1.199s] -- Up-to-date symlink: /home/loq/roboracer_ws/install/roboracer_description/share/roboracer_description/models/aws_robomaker_residential_Vase_01/model.config
[1.199s] -- Up-to-date symlink: /home/loq/roboracer_ws/install/roboracer_description/share/roboracer_description/models/aws_robomaker_residential_Vase_01/model.sdf
[1.199s] -- Up-to-date symlink: /home/loq/roboracer_ws/install/roboracer_description/share/roboracer_description/models/aws_robomaker_residential_Wardrobe_01/materials/textures/aws_Wardrobe_01.png
[1.199s] -- Up-to-date symlink: /home/loq/roboracer_ws/install/roboracer_description/share/roboracer_description/models/aws_robomaker_residential_Wardrobe_01/meshes/aws_Wardrobe_01_collision.DAE
[1.199s] -- Up-to-date symlink: /home/loq/roboracer_ws/install/roboracer_description/share/roboracer_description/models/aws_robomaker_residential_Wardrobe_01/meshes/aws_Wardrobe_01_visual.DAE
[1.200s] -- Up-to-date symlink: /home/loq/roboracer_ws/install/roboracer_description/share/roboracer_description/models/aws_robomaker_residential_Wardrobe_01/model.config
[1.201s] -- Up-to-date symlink: /home/loq/roboracer_ws/install/roboracer_description/share/roboracer_description/models/aws_robomaker_residential_Wardrobe_01/model.sdf
[1.201s] -- Up-to-date symlink: /home/loq/roboracer_ws/install/roboracer_description/share/roboracer_description/models/aws_robomaker_warehouse_Bucket_01/.DS_Store
[1.201s] -- Up-to-date symlink: /home/loq/roboracer_ws/install/roboracer_description/share/roboracer_description/models/aws_robomaker_warehouse_Bucket_01/materials/.DS_Store
[1.201s] -- Up-to-date symlink: /home/loq/roboracer_ws/install/roboracer_description/share/roboracer_description/models/aws_robomaker_warehouse_Bucket_01/materials/textures/aws_robomaker_warehouse_Bucket_01.png
[1.202s] -- Up-to-date symlink: /home/loq/roboracer_ws/install/roboracer_description/share/roboracer_description/models/aws_robomaker_warehouse_Bucket_01/meshes/aws_robomaker_warehouse_Bucket_01_collision.DAE
[1.202s] -- Up-to-date symlink: /home/loq/roboracer_ws/install/roboracer_description/share/roboracer_description/models/aws_robomaker_warehouse_Bucket_01/meshes/aws_robomaker_warehouse_Bucket_01_visual.DAE
[1.202s] -- Up-to-date symlink: /home/loq/roboracer_ws/install/roboracer_description/share/roboracer_description/models/aws_robomaker_warehouse_Bucket_01/model.config
[1.202s] -- Up-to-date symlink: /home/loq/roboracer_ws/install/roboracer_description/share/roboracer_description/models/aws_robomaker_warehouse_Bucket_01/model.sdf
[1.202s] -- Up-to-date symlink: /home/loq/roboracer_ws/install/roboracer_description/share/roboracer_description/models/aws_robomaker_warehouse_ClutteringA_01/.DS_Store
[1.202s] -- Up-to-date symlink: /home/loq/roboracer_ws/install/roboracer_description/share/roboracer_description/models/aws_robomaker_warehouse_ClutteringA_01/materials/.DS_Store
[1.202s] -- Up-to-date symlink: /home/loq/roboracer_ws/install/roboracer_description/share/roboracer_description/models/aws_robomaker_warehouse_ClutteringA_01/materials/textures/.DS_Store
[1.202s] -- Up-to-date symlink: /home/loq/roboracer_ws/install/roboracer_description/share/roboracer_description/models/aws_robomaker_warehouse_ClutteringA_01/materials/textures/aws_robomaker_warehouse_ClutteringA_01.png
[1.202s] -- Up-to-date symlink: /home/loq/roboracer_ws/install/roboracer_description/share/roboracer_description/models/aws_robomaker_warehouse_ClutteringA_01/materials/textures/aws_robomaker_warehouse_ClutteringA_02.png
[1.202s] -- Up-to-date symlink: /home/loq/roboracer_ws/install/roboracer_description/share/roboracer_description/models/aws_robomaker_warehouse_ClutteringA_01/materials/textures/aws_robomaker_warehouse_ClutteringA_03.png
[1.202s] -- Up-to-date symlink: /home/loq/roboracer_ws/install/roboracer_description/share/roboracer_description/models/aws_robomaker_warehouse_ClutteringA_01/meshes/aws_robomaker_warehouse_ClutteringA_01_collision.DAE
[1.202s] -- Up-to-date symlink: /home/loq/roboracer_ws/install/roboracer_description/share/roboracer_description/models/aws_robomaker_warehouse_ClutteringA_01/meshes/aws_robomaker_warehouse_ClutteringA_01_visual.DAE
[1.203s] -- Up-to-date symlink: /home/loq/roboracer_ws/install/roboracer_description/share/roboracer_description/models/aws_robomaker_warehouse_ClutteringA_01/model.config
[1.203s] -- Up-to-date symlink: /home/loq/roboracer_ws/install/roboracer_description/share/roboracer_description/models/aws_robomaker_warehouse_ClutteringA_01/model.sdf
[1.203s] -- Up-to-date symlink: /home/loq/roboracer_ws/install/roboracer_description/share/roboracer_description/models/aws_robomaker_warehouse_ClutteringC_01/materials/textures/aws_robomaker_warehouse_ClutteringC_01.png
[1.204s] -- Up-to-date symlink: /home/loq/roboracer_ws/install/roboracer_description/share/roboracer_description/models/aws_robomaker_warehouse_ClutteringC_01/materials/textures/aws_robomaker_warehouse_ClutteringC_02.png
[1.204s] -- Up-to-date symlink: /home/loq/roboracer_ws/install/roboracer_description/share/roboracer_description/models/aws_robomaker_warehouse_ClutteringC_01/meshes/aws_robomaker_warehouse_ClutteringC_01_collision.DAE
[1.204s] -- Up-to-date symlink: /home/loq/roboracer_ws/install/roboracer_description/share/roboracer_description/models/aws_robomaker_warehouse_ClutteringC_01/meshes/aws_robomaker_warehouse_ClutteringC_01_visual.DAE
[1.204s] -- Up-to-date symlink: /home/loq/roboracer_ws/install/roboracer_description/share/roboracer_description/models/aws_robomaker_warehouse_ClutteringC_01/model.config
[1.204s] -- Up-to-date symlink: /home/loq/roboracer_ws/install/roboracer_description/share/roboracer_description/models/aws_robomaker_warehouse_ClutteringC_01/model.sdf
[1.204s] -- Up-to-date symlink: /home/loq/roboracer_ws/install/roboracer_description/share/roboracer_description/models/aws_robomaker_warehouse_ClutteringD_01/materials/textures/aws_robomaker_warehouse_ClutteringD_01.png
[1.204s] -- Up-to-date symlink: /home/loq/roboracer_ws/install/roboracer_description/share/roboracer_description/models/aws_robomaker_warehouse_ClutteringD_01/materials/textures/aws_robomaker_warehouse_ClutteringD_02.png
[1.204s] -- Up-to-date symlink: /home/loq/roboracer_ws/install/roboracer_description/share/roboracer_description/models/aws_robomaker_warehouse_ClutteringD_01/meshes/aws_robomaker_warehouse_ClutteringD_01_collision.DAE
[1.204s] -- Up-to-date symlink: /home/loq/roboracer_ws/install/roboracer_description/share/roboracer_description/models/aws_robomaker_warehouse_ClutteringD_01/meshes/aws_robomaker_warehouse_ClutteringD_01_visual.DAE
[1.204s] -- Up-to-date symlink: /home/loq/roboracer_ws/install/roboracer_description/share/roboracer_description/models/aws_robomaker_warehouse_ClutteringD_01/model.config
[1.204s] -- Up-to-date symlink: /home/loq/roboracer_ws/install/roboracer_description/share/roboracer_description/models/aws_robomaker_warehouse_ClutteringD_01/model.sdf
[1.205s] -- Up-to-date symlink: /home/loq/roboracer_ws/install/roboracer_description/share/roboracer_description/models/aws_robomaker_warehouse_DeskC_01/materials/.DS_Store
[1.209s] -- Up-to-date symlink: /home/loq/roboracer_ws/install/roboracer_description/share/roboracer_description/models/aws_robomaker_warehouse_DeskC_01/materials/textures/aws_robomaker_warehouse_DeskC_01.png
[1.209s] -- Up-to-date symlink: /home/loq/roboracer_ws/install/roboracer_description/share/roboracer_description/models/aws_robomaker_warehouse_DeskC_01/materials/textures/aws_robomaker_warehouse_DeskC_02.png
[1.209s] -- Up-to-date symlink: /home/loq/roboracer_ws/install/roboracer_description/share/roboracer_description/models/aws_robomaker_warehouse_DeskC_01/materials/textures/aws_robomaker_warehouse_DeskC_03.png
[1.209s] -- Up-to-date symlink: /home/loq/roboracer_ws/install/roboracer_description/share/roboracer_description/models/aws_robomaker_warehouse_DeskC_01/materials/textures/aws_robomaker_warehouse_DeskC_03.psd
[1.209s] -- Up-to-date symlink: /home/loq/roboracer_ws/install/roboracer_description/share/roboracer_description/models/aws_robomaker_warehouse_DeskC_01/materials/textures/aws_robomaker_warehouse_DeskC_04.png
[1.209s] -- Up-to-date symlink: /home/loq/roboracer_ws/install/roboracer_description/share/roboracer_description/models/aws_robomaker_warehouse_DeskC_01/meshes/aws_robomaker_warehouse_DeskC_01_collision.DAE
[1.209s] -- Up-to-date symlink: /home/loq/roboracer_ws/install/roboracer_description/share/roboracer_description/models/aws_robomaker_warehouse_DeskC_01/meshes/aws_robomaker_warehouse_DeskC_01_visual.DAE
[1.209s] -- Up-to-date symlink: /home/loq/roboracer_ws/install/roboracer_description/share/roboracer_description/models/aws_robomaker_warehouse_DeskC_01/model.config
[1.209s] -- Up-to-date symlink: /home/loq/roboracer_ws/install/roboracer_description/share/roboracer_description/models/aws_robomaker_warehouse_DeskC_01/model.sdf
[1.209s] -- Up-to-date symlink: /home/loq/roboracer_ws/install/roboracer_description/share/roboracer_description/models/aws_robomaker_warehouse_GroundB_01/materials/textures/aws_robomaker_warehouse_GroundB_01.png
[1.210s] -- Up-to-date symlink: /home/loq/roboracer_ws/install/roboracer_description/share/roboracer_description/models/aws_robomaker_warehouse_GroundB_01/materials/textures/aws_robomaker_warehouse_GroundB_02.png
[1.210s] -- Up-to-date symlink: /home/loq/roboracer_ws/install/roboracer_description/share/roboracer_description/models/aws_robomaker_warehouse_GroundB_01/meshes/aws_robomaker_warehouse_GroundB_01_collision.DAE
[1.210s] -- Up-to-date symlink: /home/loq/roboracer_ws/install/roboracer_description/share/roboracer_description/models/aws_robomaker_warehouse_GroundB_01/meshes/aws_robomaker_warehouse_GroundB_01_visual.DAE
[1.210s] -- Up-to-date symlink: /home/loq/roboracer_ws/install/roboracer_description/share/roboracer_description/models/aws_robomaker_warehouse_GroundB_01/model.config
[1.210s] -- Up-to-date symlink: /home/loq/roboracer_ws/install/roboracer_description/share/roboracer_description/models/aws_robomaker_warehouse_GroundB_01/model.sdf
[1.210s] -- Up-to-date symlink: /home/loq/roboracer_ws/install/roboracer_description/share/roboracer_description/models/aws_robomaker_warehouse_Lamp_01/materials/textures/aws_robomaker_warehouse_Lamp_01.png
[1.210s] -- Up-to-date symlink: /home/loq/roboracer_ws/install/roboracer_description/share/roboracer_description/models/aws_robomaker_warehouse_Lamp_01/meshes/aws_robomaker_warehouse_Lamp_01_collision.DAE
[1.210s] -- Up-to-date symlink: /home/loq/roboracer_ws/install/roboracer_description/share/roboracer_description/models/aws_robomaker_warehouse_Lamp_01/meshes/aws_robomaker_warehouse_Lamp_01_visual.DAE
[1.210s] -- Up-to-date symlink: /home/loq/roboracer_ws/install/roboracer_description/share/roboracer_description/models/aws_robomaker_warehouse_Lamp_01/model.config
[1.210s] -- Up-to-date symlink: /home/loq/roboracer_ws/install/roboracer_description/share/roboracer_description/models/aws_robomaker_warehouse_Lamp_01/model.sdf
[1.210s] -- Up-to-date symlink: /home/loq/roboracer_ws/install/roboracer_description/share/roboracer_description/models/aws_robomaker_warehouse_PalletJackB_01/.DS_Store
[1.210s] -- Up-to-date symlink: /home/loq/roboracer_ws/install/roboracer_description/share/roboracer_description/models/aws_robomaker_warehouse_PalletJackB_01/materials/.DS_Store
[1.210s] -- Up-to-date symlink: /home/loq/roboracer_ws/install/roboracer_description/share/roboracer_description/models/aws_robomaker_warehouse_PalletJackB_01/materials/textures/aws_robomaker_warehouse_PalletJackB_01.png
[1.210s] -- Up-to-date symlink: /home/loq/roboracer_ws/install/roboracer_description/share/roboracer_description/models/aws_robomaker_warehouse_PalletJackB_01/materials/textures/aws_robomaker_warehouse_PalletJackB_02.png
[1.211s] -- Up-to-date symlink: /home/loq/roboracer_ws/install/roboracer_description/share/roboracer_description/models/aws_robomaker_warehouse_PalletJackB_01/meshes/aws_robomaker_warehouse_PalletJackB_01_collision.DAE
[1.211s] -- Up-to-date symlink: /home/loq/roboracer_ws/install/roboracer_description/share/roboracer_description/models/aws_robomaker_warehouse_PalletJackB_01/meshes/aws_robomaker_warehouse_PalletJackB_01_visual.DAE
[1.211s] -- Up-to-date symlink: /home/loq/roboracer_ws/install/roboracer_description/share/roboracer_description/models/aws_robomaker_warehouse_PalletJackB_01/model.config
[1.211s] -- Up-to-date symlink: /home/loq/roboracer_ws/install/roboracer_description/share/roboracer_description/models/aws_robomaker_warehouse_PalletJackB_01/model.sdf
[1.211s] -- Up-to-date symlink: /home/loq/roboracer_ws/install/roboracer_description/share/roboracer_description/models/aws_robomaker_warehouse_RoofB_01/materials/textures/aws_robomaker_warehouse_RoofB_01.png
[1.211s] -- Up-to-date symlink: /home/loq/roboracer_ws/install/roboracer_description/share/roboracer_description/models/aws_robomaker_warehouse_RoofB_01/meshes/aws_robomaker_warehouse_RoofB_01_collision.DAE
[1.211s] -- Up-to-date symlink: /home/loq/roboracer_ws/install/roboracer_description/share/roboracer_description/models/aws_robomaker_warehouse_RoofB_01/meshes/aws_robomaker_warehouse_RoofB_01_visual.DAE
[1.211s] -- Up-to-date symlink: /home/loq/roboracer_ws/install/roboracer_description/share/roboracer_description/models/aws_robomaker_warehouse_RoofB_01/model.config
[1.211s] -- Up-to-date symlink: /home/loq/roboracer_ws/install/roboracer_description/share/roboracer_description/models/aws_robomaker_warehouse_RoofB_01/model.sdf
[1.211s] -- Up-to-date symlink: /home/loq/roboracer_ws/install/roboracer_description/share/roboracer_description/models/aws_robomaker_warehouse_ShelfD_01/materials/textures/aws_robomaker_warehouse_ShelfD_01.png
[1.211s] -- Up-to-date symlink: /home/loq/roboracer_ws/install/roboracer_description/share/roboracer_description/models/aws_robomaker_warehouse_ShelfD_01/materials/textures/aws_robomaker_warehouse_ShelfD_02.png
[1.211s] -- Up-to-date symlink: /home/loq/roboracer_ws/install/roboracer_description/share/roboracer_description/models/aws_robomaker_warehouse_ShelfD_01/materials/textures/aws_robomaker_warehouse_ShelfD_03.png
[1.211s] -- Up-to-date symlink: /home/loq/roboracer_ws/install/roboracer_description/share/roboracer_description/models/aws_robomaker_warehouse_ShelfD_01/materials/textures/aws_robomaker_warehouse_ShelfD_04.png
[1.211s] -- Up-to-date symlink: /home/loq/roboracer_ws/install/roboracer_description/share/roboracer_description/models/aws_robomaker_warehouse_ShelfD_01/meshes/aws_robomaker_warehouse_ShelfD_01_collision.DAE
[1.212s] -- Up-to-date symlink: /home/loq/roboracer_ws/install/roboracer_description/share/roboracer_description/models/aws_robomaker_warehouse_ShelfD_01/meshes/aws_robomaker_warehouse_ShelfD_01_visual.DAE
[1.216s] -- Up-to-date symlink: /home/loq/roboracer_ws/install/roboracer_description/share/roboracer_description/models/aws_robomaker_warehouse_ShelfD_01/model.config
[1.216s] -- Up-to-date symlink: /home/loq/roboracer_ws/install/roboracer_description/share/roboracer_description/models/aws_robomaker_warehouse_ShelfD_01/model.sdf
[1.216s] -- Up-to-date symlink: /home/loq/roboracer_ws/install/roboracer_description/share/roboracer_description/models/aws_robomaker_warehouse_ShelfE_01/.DS_Store
[1.216s] -- Up-to-date symlink: /home/loq/roboracer_ws/install/roboracer_description/share/roboracer_description/models/aws_robomaker_warehouse_ShelfE_01/materials/.DS_Store
[1.216s] -- Up-to-date symlink: /home/loq/roboracer_ws/install/roboracer_description/share/roboracer_description/models/aws_robomaker_warehouse_ShelfE_01/materials/textures/aws_robomaker_warehouse_ShelfE_01.png
[1.216s] -- Up-to-date symlink: /home/loq/roboracer_ws/install/roboracer_description/share/roboracer_description/models/aws_robomaker_warehouse_ShelfE_01/materials/textures/aws_robomaker_warehouse_ShelfE_02.png
[1.216s] -- Up-to-date symlink: /home/loq/roboracer_ws/install/roboracer_description/share/roboracer_description/models/aws_robomaker_warehouse_ShelfE_01/materials/textures/aws_robomaker_warehouse_ShelfE_03.png
[1.216s] -- Up-to-date symlink: /home/loq/roboracer_ws/install/roboracer_description/share/roboracer_description/models/aws_robomaker_warehouse_ShelfE_01/materials/textures/aws_robomaker_warehouse_ShelfE_04.png
[1.216s] -- Up-to-date symlink: /home/loq/roboracer_ws/install/roboracer_description/share/roboracer_description/models/aws_robomaker_warehouse_ShelfE_01/meshes/aws_robomaker_warehouse_ShelfE_01_collision.DAE
[1.216s] -- Up-to-date symlink: /home/loq/roboracer_ws/install/roboracer_description/share/roboracer_description/models/aws_robomaker_warehouse_ShelfE_01/meshes/aws_robomaker_warehouse_ShelfE_01_visual.DAE
[1.216s] -- Up-to-date symlink: /home/loq/roboracer_ws/install/roboracer_description/share/roboracer_description/models/aws_robomaker_warehouse_ShelfE_01/model.config
[1.217s] -- Up-to-date symlink: /home/loq/roboracer_ws/install/roboracer_description/share/roboracer_description/models/aws_robomaker_warehouse_ShelfE_01/model.sdf
[1.217s] -- Up-to-date symlink: /home/loq/roboracer_ws/install/roboracer_description/share/roboracer_description/models/aws_robomaker_warehouse_ShelfF_01/materials/textures/aws_robomaker_warehouse_ShelfF_01.png
[1.217s] -- Up-to-date symlink: /home/loq/roboracer_ws/install/roboracer_description/share/roboracer_description/models/aws_robomaker_warehouse_ShelfF_01/materials/textures/aws_robomaker_warehouse_ShelfF_02.png
[1.217s] -- Up-to-date symlink: /home/loq/roboracer_ws/install/roboracer_description/share/roboracer_description/models/aws_robomaker_warehouse_ShelfF_01/materials/textures/aws_robomaker_warehouse_ShelfF_03.png
[1.217s] -- Up-to-date symlink: /home/loq/roboracer_ws/install/roboracer_description/share/roboracer_description/models/aws_robomaker_warehouse_ShelfF_01/meshes/aws_robomaker_warehouse_ShelfF_01_collision.DAE
[1.217s] -- Up-to-date symlink: /home/loq/roboracer_ws/install/roboracer_description/share/roboracer_description/models/aws_robomaker_warehouse_ShelfF_01/meshes/aws_robomaker_warehouse_ShelfF_01_visual.DAE
[1.217s] -- Up-to-date symlink: /home/loq/roboracer_ws/install/roboracer_description/share/roboracer_description/models/aws_robomaker_warehouse_ShelfF_01/model.config
[1.217s] -- Up-to-date symlink: /home/loq/roboracer_ws/install/roboracer_description/share/roboracer_description/models/aws_robomaker_warehouse_ShelfF_01/model.sdf
[1.217s] -- Up-to-date symlink: /home/loq/roboracer_ws/install/roboracer_description/share/roboracer_description/models/aws_robomaker_warehouse_TrashCanC_01/materials/textures/aws_robomaker_warehouse_TrashCanC_01.png
[1.217s] -- Up-to-date symlink: /home/loq/roboracer_ws/install/roboracer_description/share/roboracer_description/models/aws_robomaker_warehouse_TrashCanC_01/meshes/aws_robomaker_warehouse_TrashCanC_01_collision.DAE
[1.217s] -- Up-to-date symlink: /home/loq/roboracer_ws/install/roboracer_description/share/roboracer_description/models/aws_robomaker_warehouse_TrashCanC_01/meshes/aws_robomaker_warehouse_TrashCanC_01_visual.DAE
[1.217s] -- Up-to-date symlink: /home/loq/roboracer_ws/install/roboracer_description/share/roboracer_description/models/aws_robomaker_warehouse_TrashCanC_01/model.config
[1.218s] -- Up-to-date symlink: /home/loq/roboracer_ws/install/roboracer_description/share/roboracer_description/models/aws_robomaker_warehouse_TrashCanC_01/model.sdf
[1.218s] -- Up-to-date symlink: /home/loq/roboracer_ws/install/roboracer_description/share/roboracer_description/models/aws_robomaker_warehouse_WallB_01/materials/textures/aws_robomaker_warehouse_WallB_01.png
[1.218s] -- Up-to-date symlink: /home/loq/roboracer_ws/install/roboracer_description/share/roboracer_description/models/aws_robomaker_warehouse_WallB_01/meshes/aws_robomaker_warehouse_WallB_01_collision.DAE
[1.218s] -- Up-to-date symlink: /home/loq/roboracer_ws/install/roboracer_description/share/roboracer_description/models/aws_robomaker_warehouse_WallB_01/meshes/aws_robomaker_warehouse_WallB_01_visual.DAE
[1.218s] -- Up-to-date symlink: /home/loq/roboracer_ws/install/roboracer_description/share/roboracer_description/models/aws_robomaker_warehouse_WallB_01/model.config
[1.218s] -- Up-to-date symlink: /home/loq/roboracer_ws/install/roboracer_description/share/roboracer_description/models/aws_robomaker_warehouse_WallB_01/model.sdf
[1.218s] -- Up-to-date symlink: /home/loq/roboracer_ws/install/roboracer_description/share/roboracer_description/models/barca_track/model.config
[1.218s] -- Up-to-date symlink: /home/loq/roboracer_ws/install/roboracer_description/share/roboracer_description/models/barca_track/model.sdf
[1.218s] -- Up-to-date symlink: /home/loq/roboracer_ws/install/roboracer_description/share/roboracer_description/models/cone/model.config
[1.218s] -- Up-to-date symlink: /home/loq/roboracer_ws/install/roboracer_description/share/roboracer_description/models/cone/model.sdf
[1.218s] -- Up-to-date symlink: /home/loq/roboracer_ws/install/roboracer_description/share/roboracer_description/models/parking_1/model.config
[1.219s] -- Up-to-date symlink: /home/loq/roboracer_ws/install/roboracer_description/share/roboracer_description/models/parking_1/model.sdf
[1.219s] -- Up-to-date symlink: /home/loq/roboracer_ws/install/roboracer_description/share/roboracer_description/models/porto_track/model.config
[1.219s] -- Up-to-date symlink: /home/loq/roboracer_ws/install/roboracer_description/share/roboracer_description/models/porto_track/model.sdf
[1.219s] -- Up-to-date symlink: /home/loq/roboracer_ws/install/roboracer_description/share/roboracer_description/models/walker_racecourse/model.config
[1.219s] -- Up-to-date symlink: /home/loq/roboracer_ws/install/roboracer_description/share/roboracer_description/models/walker_racecourse/model.sdf
[1.219s] -- Up-to-date symlink: /home/loq/roboracer_ws/install/roboracer_description/share/roboracer_description/launch/display.launch.py
[1.219s] -- Up-to-date symlink: /home/loq/roboracer_ws/install/roboracer_description/share/roboracer_description/launch/gazebo.launch.py
[1.219s] -- Up-to-date symlink: /home/loq/roboracer_ws/install/roboracer_description/share/roboracer_description/launch/slam.launch.py
[1.219s] -- Up-to-date symlink: /home/loq/roboracer_ws/install/roboracer_description/share/roboracer_description/launch/wall_follow.launch.py
[1.219s] -- Up-to-date symlink: /home/loq/roboracer_ws/install/roboracer_description/share/roboracer_description/rviz/display.rviz
[1.219s] -- Up-to-date symlink: /home/loq/roboracer_ws/install/roboracer_description/share/roboracer_description/world/empty.world
[1.219s] -- Up-to-date symlink: /home/loq/roboracer_ws/install/roboracer_description/share/roboracer_description/world/levine_loop.world
[1.219s] -- Up-to-date symlink: /home/loq/roboracer_ws/install/roboracer_description/share/roboracer_description/world/small_house.world
[1.220s] -- Up-to-date symlink: /home/loq/roboracer_ws/install/roboracer_description/share/roboracer_description/world/small_warehouse.world
[1.220s] -- Up-to-date symlink: /home/loq/roboracer_ws/install/roboracer_description/share/roboracer_description/urdf/f1tenth_chassis.urdf
[1.220s] -- Up-to-date symlink: /home/loq/roboracer_ws/install/roboracer_description/share/roboracer_description/urdf/f1tenth_chassis_update.sdf
[1.220s] -- Up-to-date symlink: /home/loq/roboracer_ws/install/roboracer_description/share/roboracer_description/urdf/roborace_control.xacro
[1.220s] -- Up-to-date symlink: /home/loq/roboracer_ws/install/roboracer_description/share/roboracer_description/urdf/roborace_gazebo.xacro
[1.220s] -- Up-to-date symlink: /home/loq/roboracer_ws/install/roboracer_description/share/roboracer_description/urdf/roboracer_robot.sdf
[1.220s] -- Up-to-date symlink: /home/loq/roboracer_ws/install/roboracer_description/share/roboracer_description/photos/DeskPortraitA_01.jpg
[1.220s] -- Up-to-date symlink: /home/loq/roboracer_ws/install/roboracer_description/share/roboracer_description/photos/DeskPortraitA_02.jpg
[1.220s] -- Up-to-date symlink: /home/loq/roboracer_ws/install/roboracer_description/share/roboracer_description/photos/DeskPortraitB_01.jpg
[1.220s] -- Up-to-date symlink: /home/loq/roboracer_ws/install/roboracer_description/share/roboracer_description/photos/DeskPortraitB_02.jpg
[1.220s] -- Up-to-date symlink: /home/loq/roboracer_ws/install/roboracer_description/share/roboracer_description/photos/DeskPortraitC_01.jpg
[1.220s] -- Up-to-date symlink: /home/loq/roboracer_ws/install/roboracer_description/share/roboracer_description/photos/DeskPortraitC_02.jpg
[1.221s] -- Up-to-date symlink: /home/loq/roboracer_ws/install/roboracer_description/share/roboracer_description/photos/DeskPortraitD_01.jpg
[1.221s] -- Up-to-date symlink: /home/loq/roboracer_ws/install/roboracer_description/share/roboracer_description/photos/DeskPortraitD_02.jpg
[1.221s] -- Up-to-date symlink: /home/loq/roboracer_ws/install/roboracer_description/share/roboracer_description/photos/DeskPortraitD_03.jpg
[1.221s] -- Up-to-date symlink: /home/loq/roboracer_ws/install/roboracer_description/share/roboracer_description/photos/DeskPortraitD_04.jpg
[1.221s] -- Up-to-date symlink: /home/loq/roboracer_ws/install/roboracer_description/share/roboracer_description/photos/PortraitA_01.jpg
[1.222s] -- Up-to-date symlink: /home/loq/roboracer_ws/install/roboracer_description/share/roboracer_description/photos/PortraitA_02.jpg
[1.222s] -- Up-to-date symlink: /home/loq/roboracer_ws/install/roboracer_description/share/roboracer_description/photos/PortraitB_01.jpg
[1.222s] -- Up-to-date symlink: /home/loq/roboracer_ws/install/roboracer_description/share/roboracer_description/photos/PortraitB_02.jpg
[1.222s] -- Up-to-date symlink: /home/loq/roboracer_ws/install/roboracer_description/share/roboracer_description/photos/PortraitB_03.jpg
[1.222s] -- Up-to-date symlink: /home/loq/roboracer_ws/install/roboracer_description/share/roboracer_description/photos/PortraitC_01.jpg
[1.222s] -- Up-to-date symlink: /home/loq/roboracer_ws/install/roboracer_description/share/roboracer_description/photos/PortraitD_01.jpg
[1.222s] -- Up-to-date symlink: /home/loq/roboracer_ws/install/roboracer_description/share/roboracer_description/photos/PortraitD_02.jpg
[1.222s] -- Up-to-date symlink: /home/loq/roboracer_ws/install/roboracer_description/share/roboracer_description/photos/PortraitE_01.jpg
[1.223s] -- Up-to-date symlink: /home/loq/roboracer_ws/install/roboracer_description/share/roboracer_description/photos/PortraitE_02.jpg
[1.227s] -- Up-to-date symlink: /home/loq/roboracer_ws/install/roboracer_description/share/roboracer_description/maps/costmap_common_params.yaml
[1.227s] -- Up-to-date symlink: /home/loq/roboracer_ws/install/roboracer_description/share/roboracer_description/maps/levine.png
[1.227s] -- Up-to-date symlink: /home/loq/roboracer_ws/install/roboracer_description/share/roboracer_description/maps/levine.yaml
[1.227s] -- Up-to-date symlink: /home/loq/roboracer_ws/install/roboracer_description/share/roboracer_description/config/camera_configuration.yaml
[1.227s] -- Up-to-date symlink: /home/loq/roboracer_ws/install/roboracer_description/share/roboracer_description/config/camera_settings.yaml
[1.227s] -- Up-to-date symlink: /home/loq/roboracer_ws/install/roboracer_description/share/roboracer_description/config/orb_slam3_settings.yaml
[1.227s] -- Up-to-date symlink: /home/loq/roboracer_ws/install/roboracer_description/share/roboracer_description/config/slam_toolbox.yaml
[1.227s] -- Up-to-date symlink: /home/loq/roboracer_ws/install/roboracer_description/share/ament_index/resource_index/package_run_dependencies/roboracer_description
[1.227s] -- Up-to-date symlink: /home/loq/roboracer_ws/install/roboracer_description/share/ament_index/resource_index/parent_prefix_path/roboracer_description
[1.228s] -- Up-to-date symlink: /home/loq/roboracer_ws/install/roboracer_description/share/roboracer_description/environment/ament_prefix_path.sh
[1.228s] -- Up-to-date symlink: /home/loq/roboracer_ws/install/roboracer_description/share/roboracer_description/environment/ament_prefix_path.dsv
[1.229s] -- Up-to-date symlink: /home/loq/roboracer_ws/install/roboracer_description/share/roboracer_description/environment/path.sh
[1.229s] -- Up-to-date symlink: /home/loq/roboracer_ws/install/roboracer_description/share/roboracer_description/environment/path.dsv
[1.229s] -- Up-to-date symlink: /home/loq/roboracer_ws/install/roboracer_description/share/roboracer_description/local_setup.bash
[1.229s] -- Up-to-date symlink: /home/loq/roboracer_ws/install/roboracer_description/share/roboracer_description/local_setup.sh
[1.229s] -- Up-to-date symlink: /home/loq/roboracer_ws/install/roboracer_description/share/roboracer_description/local_setup.zsh
[1.229s] -- Up-to-date symlink: /home/loq/roboracer_ws/install/roboracer_description/share/roboracer_description/local_setup.dsv
[1.229s] -- Symlinking: /home/loq/roboracer_ws/install/roboracer_description/share/roboracer_description/package.dsv
[1.231s] -- Up-to-date symlink: /home/loq/roboracer_ws/install/roboracer_description/share/ament_index/resource_index/packages/roboracer_description
[1.231s] -- Up-to-date symlink: /home/loq/roboracer_ws/install/roboracer_description/share/roboracer_description/cmake/roboracer_descriptionConfig.cmake
[1.231s] -- Up-to-date symlink: /home/loq/roboracer_ws/install/roboracer_description/share/roboracer_description/cmake/roboracer_descriptionConfig-version.cmake
[1.231s] -- Up-to-date symlink: /home/loq/roboracer_ws/install/roboracer_description/share/roboracer_description/package.xml
[1.231s] Invoked command in '/home/loq/roboracer_ws/build/roboracer_description' returned '0': CMAKE_PREFIX_PATH=${CMAKE_PREFIX_PATH}:/home/loq/drivingcar_ws/install/self_driving_car_pkg:/home/loq/bumperbot_ws/install/bumperbot_py_example:/home/loq/roboracer_ws/install/roboracer_yolov8_detector:/home/loq/roboracer_ws/install/roboracer_py:/home/loq/ros2_action_ws/install/lifecycle_py:/home/loq/ros2_action_ws/install/action_py:/opt/ros/humble /usr/bin/cmake --install /home/loq/roboracer_ws/build/roboracer_description
