[0.049s] Invoking command in '/home/loq/roboracer_ws/build/roboracer_description': CMAKE_PREFIX_PATH=${CMAKE_PREFIX_PATH}:/home/loq/drivingcar_ws/install/self_driving_car_pkg:/home/loq/bumperbot_ws/install/bumperbot_py_example:/home/loq/roboracer_ws/install/roboracer_yolov8_detector:/home/loq/roboracer_ws/install/roboracer_py:/home/loq/ros2_action_ws/install/lifecycle_py:/home/loq/ros2_action_ws/install/action_py:/opt/ros/humble /usr/bin/cmake /home/loq/roboracer_ws/src/roboracer_description -DAMENT_CMAKE_SYMLINK_INSTALL=1 -DCMAKE_INSTALL_PREFIX=/home/loq/roboracer_ws/install/roboracer_description
[0.337s] -- The C compiler identification is GNU 11.4.0
[0.337s] -- The CXX compiler identification is GNU 11.4.0
[0.337s] -- Detecting C compiler ABI info
[0.337s] -- Detecting C compiler ABI info - done
[0.337s] -- Check for working C compiler: /usr/bin/cc - skipped
[0.337s] -- Detecting C compile features
[0.337s] -- Detecting C compile features - done
[0.338s] -- Detecting CXX compiler ABI info
[0.360s] -- Detecting CXX compiler ABI info - done
[0.366s] -- Check for working CXX compiler: /usr/bin/c++ - skipped
[0.367s] -- Detecting CXX compile features
[0.367s] -- Detecting CXX compile features - done
[0.371s] -- Found ament_cmake: 1.3.11 (/opt/ros/humble/share/ament_cmake/cmake)
[0.544s] -- Found Python3: /usr/bin/python3 (found version "3.10.12") found components: Interpreter 
[0.611s] -- Override CMake install command with custom implementation using symlinks instead of copying resources
[0.678s] -- Found ament_lint_auto: 0.12.12 (/opt/ros/humble/share/ament_lint_auto/cmake)
[0.743s] -- Configuring done
[0.746s] -- Generating done
[0.746s] -- Build files have been written to: /home/loq/roboracer_ws/build/roboracer_description
[0.749s] Invoked command in '/home/loq/roboracer_ws/build/roboracer_description' returned '0': CMAKE_PREFIX_PATH=${CMAKE_PREFIX_PATH}:/home/loq/drivingcar_ws/install/self_driving_car_pkg:/home/loq/bumperbot_ws/install/bumperbot_py_example:/home/loq/roboracer_ws/install/roboracer_yolov8_detector:/home/loq/roboracer_ws/install/roboracer_py:/home/loq/ros2_action_ws/install/lifecycle_py:/home/loq/ros2_action_ws/install/action_py:/opt/ros/humble /usr/bin/cmake /home/loq/roboracer_ws/src/roboracer_description -DAMENT_CMAKE_SYMLINK_INSTALL=1 -DCMAKE_INSTALL_PREFIX=/home/loq/roboracer_ws/install/roboracer_description
[0.751s] Invoking command in '/home/loq/roboracer_ws/build/roboracer_description': CMAKE_PREFIX_PATH=${CMAKE_PREFIX_PATH}:/home/loq/drivingcar_ws/install/self_driving_car_pkg:/home/loq/bumperbot_ws/install/bumperbot_py_example:/home/loq/roboracer_ws/install/roboracer_yolov8_detector:/home/loq/roboracer_ws/install/roboracer_py:/home/loq/ros2_action_ws/install/lifecycle_py:/home/loq/ros2_action_ws/install/action_py:/opt/ros/humble /usr/bin/cmake --build /home/loq/roboracer_ws/build/roboracer_description -- -j8 -l8
[0.789s] Invoked command in '/home/loq/roboracer_ws/build/roboracer_description' returned '0': CMAKE_PREFIX_PATH=${CMAKE_PREFIX_PATH}:/home/loq/drivingcar_ws/install/self_driving_car_pkg:/home/loq/bumperbot_ws/install/bumperbot_py_example:/home/loq/roboracer_ws/install/roboracer_yolov8_detector:/home/loq/roboracer_ws/install/roboracer_py:/home/loq/ros2_action_ws/install/lifecycle_py:/home/loq/ros2_action_ws/install/action_py:/opt/ros/humble /usr/bin/cmake --build /home/loq/roboracer_ws/build/roboracer_description -- -j8 -l8
[0.800s] Invoking command in '/home/loq/roboracer_ws/build/roboracer_description': CMAKE_PREFIX_PATH=${CMAKE_PREFIX_PATH}:/home/loq/drivingcar_ws/install/self_driving_car_pkg:/home/loq/bumperbot_ws/install/bumperbot_py_example:/home/loq/roboracer_ws/install/roboracer_yolov8_detector:/home/loq/roboracer_ws/install/roboracer_py:/home/loq/ros2_action_ws/install/lifecycle_py:/home/loq/ros2_action_ws/install/action_py:/opt/ros/humble /usr/bin/cmake --install /home/loq/roboracer_ws/build/roboracer_description
[0.809s] -- Install configuration: ""
[0.809s] -- Execute custom install script
[0.810s] -- Symlinking: /home/loq/roboracer_ws/install/roboracer_description/share/roboracer_description/meshes/chassis.stl
[0.822s] -- Symlinking: /home/loq/roboracer_ws/install/roboracer_description/share/roboracer_description/meshes/hinge.stl
[0.834s] -- Symlinking: /home/loq/roboracer_ws/install/roboracer_description/share/roboracer_description/meshes/hokuyo.stl
[0.847s] -- Symlinking: /home/loq/roboracer_ws/install/roboracer_description/share/roboracer_description/meshes/laser_link.STL
[0.858s] -- Symlinking: /home/loq/roboracer_ws/install/roboracer_description/share/roboracer_description/meshes/left_wheel.stl
[0.870s] -- Symlinking: /home/loq/roboracer_ws/install/roboracer_description/share/roboracer_description/meshes/parking_1.dae
[0.883s] -- Symlinking: /home/loq/roboracer_ws/install/roboracer_description/share/roboracer_description/meshes/right_wheel.stl
[0.896s] -- Symlinking: /home/loq/roboracer_ws/install/roboracer_description/share/roboracer_description/meshes/world.obj
[0.923s] -- Symlinking: /home/loq/roboracer_ws/install/roboracer_description/share/roboracer_description/models/MIT_Tunnel/model.config
[0.933s] -- Symlinking: /home/loq/roboracer_ws/install/roboracer_description/share/roboracer_description/models/MIT_Tunnel/model.sdf
[0.943s] -- Symlinking: /home/loq/roboracer_ws/install/roboracer_description/share/roboracer_description/models/ar_tags/marker0/marker0/marker0/model-1_5.sdf
[0.952s] -- Symlinking: /home/loq/roboracer_ws/install/roboracer_description/share/roboracer_description/models/ar_tags/marker0/marker0/marker0/model.config
[0.963s] -- Symlinking: /home/loq/roboracer_ws/install/roboracer_description/share/roboracer_description/models/ar_tags/marker0/marker0/model-1_5.sdf
[0.975s] -- Symlinking: /home/loq/roboracer_ws/install/roboracer_description/share/roboracer_description/models/ar_tags/marker0/marker0/model.config
[0.983s] -- Symlinking: /home/loq/roboracer_ws/install/roboracer_description/share/roboracer_description/models/ar_tags/marker0/materials/textures/Marker0.png
[0.996s] -- Symlinking: /home/loq/roboracer_ws/install/roboracer_description/share/roboracer_description/models/ar_tags/marker0/meshes/Marker0.dae
[1.009s] -- Symlinking: /home/loq/roboracer_ws/install/roboracer_description/share/roboracer_description/models/ar_tags/marker0/model-1_4.sdf
[1.022s] -- Symlinking: /home/loq/roboracer_ws/install/roboracer_description/share/roboracer_description/models/ar_tags/marker0/model-1_5.sdf
[1.035s] -- Symlinking: /home/loq/roboracer_ws/install/roboracer_description/share/roboracer_description/models/ar_tags/marker0/model.config
[1.045s] -- Symlinking: /home/loq/roboracer_ws/install/roboracer_description/share/roboracer_description/models/ar_tags/marker0/model.sdf
[1.056s] -- Symlinking: /home/loq/roboracer_ws/install/roboracer_description/share/roboracer_description/models/ar_tags/marker1/marker0/marker0/model-1_5.sdf
[1.068s] -- Symlinking: /home/loq/roboracer_ws/install/roboracer_description/share/roboracer_description/models/ar_tags/marker1/marker0/marker0/model.config
[1.081s] -- Symlinking: /home/loq/roboracer_ws/install/roboracer_description/share/roboracer_description/models/ar_tags/marker1/marker0/model-1_5.sdf
[1.093s] -- Symlinking: /home/loq/roboracer_ws/install/roboracer_description/share/roboracer_description/models/ar_tags/marker1/marker0/model.config
[1.104s] -- Symlinking: /home/loq/roboracer_ws/install/roboracer_description/share/roboracer_description/models/ar_tags/marker1/materials/textures/Marker1.png
[1.114s] -- Symlinking: /home/loq/roboracer_ws/install/roboracer_description/share/roboracer_description/models/ar_tags/marker1/meshes/Marker1.dae
[1.127s] -- Symlinking: /home/loq/roboracer_ws/install/roboracer_description/share/roboracer_description/models/ar_tags/marker1/model-1_4.sdf
[1.141s] -- Symlinking: /home/loq/roboracer_ws/install/roboracer_description/share/roboracer_description/models/ar_tags/marker1/model-1_5.sdf
[1.152s] -- Symlinking: /home/loq/roboracer_ws/install/roboracer_description/share/roboracer_description/models/ar_tags/marker1/model.config
[1.164s] -- Symlinking: /home/loq/roboracer_ws/install/roboracer_description/share/roboracer_description/models/ar_tags/marker1/model.sdf
[1.175s] -- Symlinking: /home/loq/roboracer_ws/install/roboracer_description/share/roboracer_description/models/ar_tags/marker10/marker0/marker0/model-1_5.sdf
[1.186s] -- Symlinking: /home/loq/roboracer_ws/install/roboracer_description/share/roboracer_description/models/ar_tags/marker10/marker0/marker0/model.config
[1.196s] -- Symlinking: /home/loq/roboracer_ws/install/roboracer_description/share/roboracer_description/models/ar_tags/marker10/marker0/model-1_5.sdf
[1.208s] -- Symlinking: /home/loq/roboracer_ws/install/roboracer_description/share/roboracer_description/models/ar_tags/marker10/marker0/model.config
[1.220s] -- Symlinking: /home/loq/roboracer_ws/install/roboracer_description/share/roboracer_description/models/ar_tags/marker10/materials/textures/Marker10.png
[1.230s] -- Symlinking: /home/loq/roboracer_ws/install/roboracer_description/share/roboracer_description/models/ar_tags/marker10/meshes/Marker10.dae
[1.241s] -- Symlinking: /home/loq/roboracer_ws/install/roboracer_description/share/roboracer_description/models/ar_tags/marker10/model-1_4.sdf
[1.251s] -- Symlinking: /home/loq/roboracer_ws/install/roboracer_description/share/roboracer_description/models/ar_tags/marker10/model-1_5.sdf
[1.264s] -- Symlinking: /home/loq/roboracer_ws/install/roboracer_description/share/roboracer_description/models/ar_tags/marker10/model.config
[1.274s] -- Symlinking: /home/loq/roboracer_ws/install/roboracer_description/share/roboracer_description/models/ar_tags/marker10/model.sdf
[1.286s] -- Symlinking: /home/loq/roboracer_ws/install/roboracer_description/share/roboracer_description/models/ar_tags/marker11/marker0/marker0/model-1_5.sdf
[1.298s] -- Symlinking: /home/loq/roboracer_ws/install/roboracer_description/share/roboracer_description/models/ar_tags/marker11/marker0/marker0/model.config
[1.311s] -- Symlinking: /home/loq/roboracer_ws/install/roboracer_description/share/roboracer_description/models/ar_tags/marker11/marker0/model-1_5.sdf
[1.323s] -- Symlinking: /home/loq/roboracer_ws/install/roboracer_description/share/roboracer_description/models/ar_tags/marker11/marker0/model.config
[1.334s] -- Symlinking: /home/loq/roboracer_ws/install/roboracer_description/share/roboracer_description/models/ar_tags/marker11/materials/textures/Marker11.png
[1.347s] -- Symlinking: /home/loq/roboracer_ws/install/roboracer_description/share/roboracer_description/models/ar_tags/marker11/meshes/Marker11.dae
[1.359s] -- Symlinking: /home/loq/roboracer_ws/install/roboracer_description/share/roboracer_description/models/ar_tags/marker11/model-1_4.sdf
[1.371s] -- Symlinking: /home/loq/roboracer_ws/install/roboracer_description/share/roboracer_description/models/ar_tags/marker11/model-1_5.sdf
[1.384s] -- Symlinking: /home/loq/roboracer_ws/install/roboracer_description/share/roboracer_description/models/ar_tags/marker11/model.config
[1.395s] -- Symlinking: /home/loq/roboracer_ws/install/roboracer_description/share/roboracer_description/models/ar_tags/marker11/model.sdf
[1.403s] -- Symlinking: /home/loq/roboracer_ws/install/roboracer_description/share/roboracer_description/models/ar_tags/marker12/marker0/marker0/model-1_5.sdf
[1.414s] -- Symlinking: /home/loq/roboracer_ws/install/roboracer_description/share/roboracer_description/models/ar_tags/marker12/marker0/marker0/model.config
[1.425s] -- Symlinking: /home/loq/roboracer_ws/install/roboracer_description/share/roboracer_description/models/ar_tags/marker12/marker0/model-1_5.sdf
[1.436s] -- Symlinking: /home/loq/roboracer_ws/install/roboracer_description/share/roboracer_description/models/ar_tags/marker12/marker0/model.config
[1.448s] -- Symlinking: /home/loq/roboracer_ws/install/roboracer_description/share/roboracer_description/models/ar_tags/marker12/materials/textures/Marker12.png
[1.457s] -- Symlinking: /home/loq/roboracer_ws/install/roboracer_description/share/roboracer_description/models/ar_tags/marker12/meshes/Marker12.dae
[1.467s] -- Symlinking: /home/loq/roboracer_ws/install/roboracer_description/share/roboracer_description/models/ar_tags/marker12/model-1_4.sdf
[1.478s] -- Symlinking: /home/loq/roboracer_ws/install/roboracer_description/share/roboracer_description/models/ar_tags/marker12/model-1_5.sdf
[1.487s] -- Symlinking: /home/loq/roboracer_ws/install/roboracer_description/share/roboracer_description/models/ar_tags/marker12/model.config
[1.497s] -- Symlinking: /home/loq/roboracer_ws/install/roboracer_description/share/roboracer_description/models/ar_tags/marker12/model.sdf
[1.507s] -- Symlinking: /home/loq/roboracer_ws/install/roboracer_description/share/roboracer_description/models/ar_tags/marker13/marker0/marker0/model-1_5.sdf
[1.516s] -- Symlinking: /home/loq/roboracer_ws/install/roboracer_description/share/roboracer_description/models/ar_tags/marker13/marker0/marker0/model.config
[1.526s] -- Symlinking: /home/loq/roboracer_ws/install/roboracer_description/share/roboracer_description/models/ar_tags/marker13/marker0/model-1_5.sdf
[1.535s] -- Symlinking: /home/loq/roboracer_ws/install/roboracer_description/share/roboracer_description/models/ar_tags/marker13/marker0/model.config
[1.544s] -- Symlinking: /home/loq/roboracer_ws/install/roboracer_description/share/roboracer_description/models/ar_tags/marker13/materials/textures/Marker13.png
[1.553s] -- Symlinking: /home/loq/roboracer_ws/install/roboracer_description/share/roboracer_description/models/ar_tags/marker13/meshes/Marker13.dae
[1.563s] -- Symlinking: /home/loq/roboracer_ws/install/roboracer_description/share/roboracer_description/models/ar_tags/marker13/model-1_4.sdf
[1.574s] -- Symlinking: /home/loq/roboracer_ws/install/roboracer_description/share/roboracer_description/models/ar_tags/marker13/model-1_5.sdf
[1.582s] -- Symlinking: /home/loq/roboracer_ws/install/roboracer_description/share/roboracer_description/models/ar_tags/marker13/model.config
[1.590s] -- Symlinking: /home/loq/roboracer_ws/install/roboracer_description/share/roboracer_description/models/ar_tags/marker13/model.sdf
[1.600s] -- Symlinking: /home/loq/roboracer_ws/install/roboracer_description/share/roboracer_description/models/ar_tags/marker14/marker0/marker0/model-1_5.sdf
[1.608s] -- Symlinking: /home/loq/roboracer_ws/install/roboracer_description/share/roboracer_description/models/ar_tags/marker14/marker0/marker0/model.config
[1.617s] -- Symlinking: /home/loq/roboracer_ws/install/roboracer_description/share/roboracer_description/models/ar_tags/marker14/marker0/model-1_5.sdf
[1.626s] -- Symlinking: /home/loq/roboracer_ws/install/roboracer_description/share/roboracer_description/models/ar_tags/marker14/marker0/model.config
[1.635s] -- Symlinking: /home/loq/roboracer_ws/install/roboracer_description/share/roboracer_description/models/ar_tags/marker14/materials/textures/Marker14.png
[1.643s] -- Symlinking: /home/loq/roboracer_ws/install/roboracer_description/share/roboracer_description/models/ar_tags/marker14/meshes/Marker14.dae
[1.651s] -- Symlinking: /home/loq/roboracer_ws/install/roboracer_description/share/roboracer_description/models/ar_tags/marker14/model-1_4.sdf
[1.659s] -- Symlinking: /home/loq/roboracer_ws/install/roboracer_description/share/roboracer_description/models/ar_tags/marker14/model-1_5.sdf
[1.666s] -- Symlinking: /home/loq/roboracer_ws/install/roboracer_description/share/roboracer_description/models/ar_tags/marker14/model.config
[1.675s] -- Symlinking: /home/loq/roboracer_ws/install/roboracer_description/share/roboracer_description/models/ar_tags/marker14/model.sdf
[1.684s] -- Symlinking: /home/loq/roboracer_ws/install/roboracer_description/share/roboracer_description/models/ar_tags/marker15/marker0/marker0/model-1_5.sdf
[1.692s] -- Symlinking: /home/loq/roboracer_ws/install/roboracer_description/share/roboracer_description/models/ar_tags/marker15/marker0/marker0/model.config
[1.701s] -- Symlinking: /home/loq/roboracer_ws/install/roboracer_description/share/roboracer_description/models/ar_tags/marker15/marker0/model-1_5.sdf
[1.709s] -- Symlinking: /home/loq/roboracer_ws/install/roboracer_description/share/roboracer_description/models/ar_tags/marker15/marker0/model.config
[1.718s] -- Symlinking: /home/loq/roboracer_ws/install/roboracer_description/share/roboracer_description/models/ar_tags/marker15/materials/textures/Marker15.png
[1.727s] -- Symlinking: /home/loq/roboracer_ws/install/roboracer_description/share/roboracer_description/models/ar_tags/marker15/meshes/Marker15.dae
[1.736s] -- Symlinking: /home/loq/roboracer_ws/install/roboracer_description/share/roboracer_description/models/ar_tags/marker15/model-1_4.sdf
[1.745s] -- Symlinking: /home/loq/roboracer_ws/install/roboracer_description/share/roboracer_description/models/ar_tags/marker15/model-1_5.sdf
[1.754s] -- Symlinking: /home/loq/roboracer_ws/install/roboracer_description/share/roboracer_description/models/ar_tags/marker15/model.config
[1.763s] -- Symlinking: /home/loq/roboracer_ws/install/roboracer_description/share/roboracer_description/models/ar_tags/marker15/model.sdf
[1.772s] -- Symlinking: /home/loq/roboracer_ws/install/roboracer_description/share/roboracer_description/models/ar_tags/marker16/marker0/marker0/model-1_5.sdf
[1.780s] -- Symlinking: /home/loq/roboracer_ws/install/roboracer_description/share/roboracer_description/models/ar_tags/marker16/marker0/marker0/model.config
[1.789s] -- Symlinking: /home/loq/roboracer_ws/install/roboracer_description/share/roboracer_description/models/ar_tags/marker16/marker0/model-1_5.sdf
[1.797s] -- Symlinking: /home/loq/roboracer_ws/install/roboracer_description/share/roboracer_description/models/ar_tags/marker16/marker0/model.config
[1.806s] -- Symlinking: /home/loq/roboracer_ws/install/roboracer_description/share/roboracer_description/models/ar_tags/marker16/materials/textures/Marker16.png
[1.814s] -- Symlinking: /home/loq/roboracer_ws/install/roboracer_description/share/roboracer_description/models/ar_tags/marker16/meshes/Marker16.dae
[1.823s] -- Symlinking: /home/loq/roboracer_ws/install/roboracer_description/share/roboracer_description/models/ar_tags/marker16/model-1_4.sdf
[1.832s] -- Symlinking: /home/loq/roboracer_ws/install/roboracer_description/share/roboracer_description/models/ar_tags/marker16/model-1_5.sdf
[1.840s] -- Symlinking: /home/loq/roboracer_ws/install/roboracer_description/share/roboracer_description/models/ar_tags/marker16/model.config
[1.849s] -- Symlinking: /home/loq/roboracer_ws/install/roboracer_description/share/roboracer_description/models/ar_tags/marker16/model.sdf
[1.858s] -- Symlinking: /home/loq/roboracer_ws/install/roboracer_description/share/roboracer_description/models/ar_tags/marker17/marker0/marker0/model-1_5.sdf
[1.867s] -- Symlinking: /home/loq/roboracer_ws/install/roboracer_description/share/roboracer_description/models/ar_tags/marker17/marker0/marker0/model.config
[1.876s] -- Symlinking: /home/loq/roboracer_ws/install/roboracer_description/share/roboracer_description/models/ar_tags/marker17/marker0/model-1_5.sdf
[1.884s] -- Symlinking: /home/loq/roboracer_ws/install/roboracer_description/share/roboracer_description/models/ar_tags/marker17/marker0/model.config
[1.895s] -- Symlinking: /home/loq/roboracer_ws/install/roboracer_description/share/roboracer_description/models/ar_tags/marker17/materials/textures/Marker17.png
[1.904s] -- Symlinking: /home/loq/roboracer_ws/install/roboracer_description/share/roboracer_description/models/ar_tags/marker17/meshes/Marker17.dae
[1.913s] -- Symlinking: /home/loq/roboracer_ws/install/roboracer_description/share/roboracer_description/models/ar_tags/marker17/model-1_4.sdf
[1.921s] -- Symlinking: /home/loq/roboracer_ws/install/roboracer_description/share/roboracer_description/models/ar_tags/marker17/model-1_5.sdf
[1.930s] -- Symlinking: /home/loq/roboracer_ws/install/roboracer_description/share/roboracer_description/models/ar_tags/marker17/model.config
[1.938s] -- Symlinking: /home/loq/roboracer_ws/install/roboracer_description/share/roboracer_description/models/ar_tags/marker17/model.sdf
[1.948s] -- Symlinking: /home/loq/roboracer_ws/install/roboracer_description/share/roboracer_description/models/ar_tags/marker2/marker0/marker0/model-1_5.sdf
[1.957s] -- Symlinking: /home/loq/roboracer_ws/install/roboracer_description/share/roboracer_description/models/ar_tags/marker2/marker0/marker0/model.config
[1.966s] -- Symlinking: /home/loq/roboracer_ws/install/roboracer_description/share/roboracer_description/models/ar_tags/marker2/marker0/model-1_5.sdf
[1.976s] -- Symlinking: /home/loq/roboracer_ws/install/roboracer_description/share/roboracer_description/models/ar_tags/marker2/marker0/model.config
[1.985s] -- Symlinking: /home/loq/roboracer_ws/install/roboracer_description/share/roboracer_description/models/ar_tags/marker2/materials/textures/Marker2.png
[1.995s] -- Symlinking: /home/loq/roboracer_ws/install/roboracer_description/share/roboracer_description/models/ar_tags/marker2/meshes/Marker2.dae
[2.004s] -- Symlinking: /home/loq/roboracer_ws/install/roboracer_description/share/roboracer_description/models/ar_tags/marker2/model-1_4.sdf
[2.013s] -- Symlinking: /home/loq/roboracer_ws/install/roboracer_description/share/roboracer_description/models/ar_tags/marker2/model-1_5.sdf
[2.023s] -- Symlinking: /home/loq/roboracer_ws/install/roboracer_description/share/roboracer_description/models/ar_tags/marker2/model.config
[2.032s] -- Symlinking: /home/loq/roboracer_ws/install/roboracer_description/share/roboracer_description/models/ar_tags/marker2/model.sdf
[2.042s] -- Symlinking: /home/loq/roboracer_ws/install/roboracer_description/share/roboracer_description/models/ar_tags/marker3/marker0/marker0/model-1_5.sdf
[2.050s] -- Symlinking: /home/loq/roboracer_ws/install/roboracer_description/share/roboracer_description/models/ar_tags/marker3/marker0/marker0/model.config
[2.061s] -- Symlinking: /home/loq/roboracer_ws/install/roboracer_description/share/roboracer_description/models/ar_tags/marker3/marker0/model-1_5.sdf
[2.071s] -- Symlinking: /home/loq/roboracer_ws/install/roboracer_description/share/roboracer_description/models/ar_tags/marker3/marker0/model.config
[2.081s] -- Symlinking: /home/loq/roboracer_ws/install/roboracer_description/share/roboracer_description/models/ar_tags/marker3/materials/textures/Marker3.png
[2.090s] -- Symlinking: /home/loq/roboracer_ws/install/roboracer_description/share/roboracer_description/models/ar_tags/marker3/meshes/Marker3.dae
[2.101s] -- Symlinking: /home/loq/roboracer_ws/install/roboracer_description/share/roboracer_description/models/ar_tags/marker3/model-1_4.sdf
[2.110s] -- Symlinking: /home/loq/roboracer_ws/install/roboracer_description/share/roboracer_description/models/ar_tags/marker3/model-1_5.sdf
[2.119s] -- Symlinking: /home/loq/roboracer_ws/install/roboracer_description/share/roboracer_description/models/ar_tags/marker3/model.config
[2.128s] -- Symlinking: /home/loq/roboracer_ws/install/roboracer_description/share/roboracer_description/models/ar_tags/marker3/model.sdf
[2.138s] -- Symlinking: /home/loq/roboracer_ws/install/roboracer_description/share/roboracer_description/models/ar_tags/marker4/marker0/marker0/model-1_5.sdf
[2.148s] -- Symlinking: /home/loq/roboracer_ws/install/roboracer_description/share/roboracer_description/models/ar_tags/marker4/marker0/marker0/model.config
[2.157s] -- Symlinking: /home/loq/roboracer_ws/install/roboracer_description/share/roboracer_description/models/ar_tags/marker4/marker0/model-1_5.sdf
[2.167s] -- Symlinking: /home/loq/roboracer_ws/install/roboracer_description/share/roboracer_description/models/ar_tags/marker4/marker0/model.config
[2.177s] -- Symlinking: /home/loq/roboracer_ws/install/roboracer_description/share/roboracer_description/models/ar_tags/marker4/materials/textures/Marker4.png
[2.187s] -- Symlinking: /home/loq/roboracer_ws/install/roboracer_description/share/roboracer_description/models/ar_tags/marker4/meshes/Marker4.dae
[2.197s] -- Symlinking: /home/loq/roboracer_ws/install/roboracer_description/share/roboracer_description/models/ar_tags/marker4/model-1_4.sdf
[2.207s] -- Symlinking: /home/loq/roboracer_ws/install/roboracer_description/share/roboracer_description/models/ar_tags/marker4/model-1_5.sdf
[2.216s] -- Symlinking: /home/loq/roboracer_ws/install/roboracer_description/share/roboracer_description/models/ar_tags/marker4/model.config
[2.225s] -- Symlinking: /home/loq/roboracer_ws/install/roboracer_description/share/roboracer_description/models/ar_tags/marker4/model.sdf
[2.234s] -- Symlinking: /home/loq/roboracer_ws/install/roboracer_description/share/roboracer_description/models/ar_tags/marker5/marker0/marker0/model-1_5.sdf
[2.243s] -- Symlinking: /home/loq/roboracer_ws/install/roboracer_description/share/roboracer_description/models/ar_tags/marker5/marker0/marker0/model.config
[2.252s] -- Symlinking: /home/loq/roboracer_ws/install/roboracer_description/share/roboracer_description/models/ar_tags/marker5/marker0/model-1_5.sdf
[2.261s] -- Symlinking: /home/loq/roboracer_ws/install/roboracer_description/share/roboracer_description/models/ar_tags/marker5/marker0/model.config
[2.270s] -- Symlinking: /home/loq/roboracer_ws/install/roboracer_description/share/roboracer_description/models/ar_tags/marker5/materials/textures/Marker5.png
[2.279s] -- Symlinking: /home/loq/roboracer_ws/install/roboracer_description/share/roboracer_description/models/ar_tags/marker5/meshes/Marker5.dae
[2.289s] -- Symlinking: /home/loq/roboracer_ws/install/roboracer_description/share/roboracer_description/models/ar_tags/marker5/model-1_4.sdf
[2.298s] -- Symlinking: /home/loq/roboracer_ws/install/roboracer_description/share/roboracer_description/models/ar_tags/marker5/model-1_5.sdf
[2.307s] -- Symlinking: /home/loq/roboracer_ws/install/roboracer_description/share/roboracer_description/models/ar_tags/marker5/model.config
[2.315s] -- Symlinking: /home/loq/roboracer_ws/install/roboracer_description/share/roboracer_description/models/ar_tags/marker5/model.sdf
[2.324s] -- Symlinking: /home/loq/roboracer_ws/install/roboracer_description/share/roboracer_description/models/ar_tags/marker6/marker0/marker0/model-1_5.sdf
[2.332s] -- Symlinking: /home/loq/roboracer_ws/install/roboracer_description/share/roboracer_description/models/ar_tags/marker6/marker0/marker0/model.config
[2.341s] -- Symlinking: /home/loq/roboracer_ws/install/roboracer_description/share/roboracer_description/models/ar_tags/marker6/marker0/model-1_5.sdf
[2.349s] -- Symlinking: /home/loq/roboracer_ws/install/roboracer_description/share/roboracer_description/models/ar_tags/marker6/marker0/model.config
[2.358s] -- Symlinking: /home/loq/roboracer_ws/install/roboracer_description/share/roboracer_description/models/ar_tags/marker6/materials/textures/Marker6.png
[2.367s] -- Symlinking: /home/loq/roboracer_ws/install/roboracer_description/share/roboracer_description/models/ar_tags/marker6/meshes/Marker6.dae
[2.376s] -- Symlinking: /home/loq/roboracer_ws/install/roboracer_description/share/roboracer_description/models/ar_tags/marker6/model-1_4.sdf
[2.385s] -- Symlinking: /home/loq/roboracer_ws/install/roboracer_description/share/roboracer_description/models/ar_tags/marker6/model-1_5.sdf
[2.395s] -- Symlinking: /home/loq/roboracer_ws/install/roboracer_description/share/roboracer_description/models/ar_tags/marker6/model.config
[2.403s] -- Symlinking: /home/loq/roboracer_ws/install/roboracer_description/share/roboracer_description/models/ar_tags/marker6/model.sdf
[2.412s] -- Symlinking: /home/loq/roboracer_ws/install/roboracer_description/share/roboracer_description/models/ar_tags/marker7/marker0/marker0/model-1_5.sdf
[2.420s] -- Symlinking: /home/loq/roboracer_ws/install/roboracer_description/share/roboracer_description/models/ar_tags/marker7/marker0/marker0/model.config
[2.429s] -- Symlinking: /home/loq/roboracer_ws/install/roboracer_description/share/roboracer_description/models/ar_tags/marker7/marker0/model-1_5.sdf
[2.438s] -- Symlinking: /home/loq/roboracer_ws/install/roboracer_description/share/roboracer_description/models/ar_tags/marker7/marker0/model.config
[2.447s] -- Symlinking: /home/loq/roboracer_ws/install/roboracer_description/share/roboracer_description/models/ar_tags/marker7/materials/textures/Marker7.png
[2.456s] -- Symlinking: /home/loq/roboracer_ws/install/roboracer_description/share/roboracer_description/models/ar_tags/marker7/meshes/Marker7.dae
[2.464s] -- Symlinking: /home/loq/roboracer_ws/install/roboracer_description/share/roboracer_description/models/ar_tags/marker7/model-1_4.sdf
[2.473s] -- Symlinking: /home/loq/roboracer_ws/install/roboracer_description/share/roboracer_description/models/ar_tags/marker7/model-1_5.sdf
[2.483s] -- Symlinking: /home/loq/roboracer_ws/install/roboracer_description/share/roboracer_description/models/ar_tags/marker7/model.config
[2.491s] -- Symlinking: /home/loq/roboracer_ws/install/roboracer_description/share/roboracer_description/models/ar_tags/marker7/model.sdf
[2.500s] -- Symlinking: /home/loq/roboracer_ws/install/roboracer_description/share/roboracer_description/models/ar_tags/marker8/marker0/marker0/model-1_5.sdf
[2.509s] -- Symlinking: /home/loq/roboracer_ws/install/roboracer_description/share/roboracer_description/models/ar_tags/marker8/marker0/marker0/model.config
[2.518s] -- Symlinking: /home/loq/roboracer_ws/install/roboracer_description/share/roboracer_description/models/ar_tags/marker8/marker0/model-1_5.sdf
[2.526s] -- Symlinking: /home/loq/roboracer_ws/install/roboracer_description/share/roboracer_description/models/ar_tags/marker8/marker0/model.config
[2.536s] -- Symlinking: /home/loq/roboracer_ws/install/roboracer_description/share/roboracer_description/models/ar_tags/marker8/materials/textures/Marker8.png
[2.545s] -- Symlinking: /home/loq/roboracer_ws/install/roboracer_description/share/roboracer_description/models/ar_tags/marker8/meshes/Marker8.dae
[2.554s] -- Symlinking: /home/loq/roboracer_ws/install/roboracer_description/share/roboracer_description/models/ar_tags/marker8/model-1_4.sdf
[2.563s] -- Symlinking: /home/loq/roboracer_ws/install/roboracer_description/share/roboracer_description/models/ar_tags/marker8/model-1_5.sdf
[2.572s] -- Symlinking: /home/loq/roboracer_ws/install/roboracer_description/share/roboracer_description/models/ar_tags/marker8/model.config
[2.580s] -- Symlinking: /home/loq/roboracer_ws/install/roboracer_description/share/roboracer_description/models/ar_tags/marker8/model.sdf
[2.589s] -- Symlinking: /home/loq/roboracer_ws/install/roboracer_description/share/roboracer_description/models/ar_tags/marker9/marker0/marker0/model-1_5.sdf
[2.598s] -- Symlinking: /home/loq/roboracer_ws/install/roboracer_description/share/roboracer_description/models/ar_tags/marker9/marker0/marker0/model.config
[2.607s] -- Symlinking: /home/loq/roboracer_ws/install/roboracer_description/share/roboracer_description/models/ar_tags/marker9/marker0/model-1_5.sdf
[2.615s] -- Symlinking: /home/loq/roboracer_ws/install/roboracer_description/share/roboracer_description/models/ar_tags/marker9/marker0/model.config
[2.625s] -- Symlinking: /home/loq/roboracer_ws/install/roboracer_description/share/roboracer_description/models/ar_tags/marker9/materials/textures/Marker9.png
[2.634s] -- Symlinking: /home/loq/roboracer_ws/install/roboracer_description/share/roboracer_description/models/ar_tags/marker9/meshes/Marker9.dae
[2.643s] -- Symlinking: /home/loq/roboracer_ws/install/roboracer_description/share/roboracer_description/models/ar_tags/marker9/model-1_4.sdf
[2.651s] -- Symlinking: /home/loq/roboracer_ws/install/roboracer_description/share/roboracer_description/models/ar_tags/marker9/model-1_5.sdf
[2.661s] -- Symlinking: /home/loq/roboracer_ws/install/roboracer_description/share/roboracer_description/models/ar_tags/marker9/model.config
[2.669s] -- Symlinking: /home/loq/roboracer_ws/install/roboracer_description/share/roboracer_description/models/ar_tags/marker9/model.sdf
[2.678s] -- Symlinking: /home/loq/roboracer_ws/install/roboracer_description/share/roboracer_description/models/aws_robomaker_residential_AirconditionerA_01/materials/textures/aws_AirconditionerA_01.png
[2.687s] -- Symlinking: /home/loq/roboracer_ws/install/roboracer_description/share/roboracer_description/models/aws_robomaker_residential_AirconditionerA_01/meshes/aws_AirconditionerA_01_collision.DAE
[2.698s] -- Symlinking: /home/loq/roboracer_ws/install/roboracer_description/share/roboracer_description/models/aws_robomaker_residential_AirconditionerA_01/meshes/aws_AirconditionerA_01_visual.DAE
[2.707s] -- Symlinking: /home/loq/roboracer_ws/install/roboracer_description/share/roboracer_description/models/aws_robomaker_residential_AirconditionerA_01/meshes/aws__Air conditioner_01.DAE
[2.716s] -- Symlinking: /home/loq/roboracer_ws/install/roboracer_description/share/roboracer_description/models/aws_robomaker_residential_AirconditionerA_01/model.config
[2.725s] -- Symlinking: /home/loq/roboracer_ws/install/roboracer_description/share/roboracer_description/models/aws_robomaker_residential_AirconditionerA_01/model.sdf
[2.734s] -- Symlinking: /home/loq/roboracer_ws/install/roboracer_description/share/roboracer_description/models/aws_robomaker_residential_AirconditionerB_01/materials/textures/aws_AirconditionerB_01.png
[2.743s] -- Symlinking: /home/loq/roboracer_ws/install/roboracer_description/share/roboracer_description/models/aws_robomaker_residential_AirconditionerB_01/meshes/aws_AirconditionerB_01_collision.DAE
[2.752s] -- Symlinking: /home/loq/roboracer_ws/install/roboracer_description/share/roboracer_description/models/aws_robomaker_residential_AirconditionerB_01/meshes/aws_AirconditionerB_01_visual.DAE
[2.761s] -- Symlinking: /home/loq/roboracer_ws/install/roboracer_description/share/roboracer_description/models/aws_robomaker_residential_AirconditionerB_01/model.config
[2.769s] -- Symlinking: /home/loq/roboracer_ws/install/roboracer_description/share/roboracer_description/models/aws_robomaker_residential_AirconditionerB_01/model.sdf
[2.780s] -- Symlinking: /home/loq/roboracer_ws/install/roboracer_description/share/roboracer_description/models/aws_robomaker_residential_BalconyTable_01/materials/textures/aws_BalconyTable_01.png
[2.788s] -- Symlinking: /home/loq/roboracer_ws/install/roboracer_description/share/roboracer_description/models/aws_robomaker_residential_BalconyTable_01/meshes/aws_BalconyTable_01_collision.DAE
[2.797s] -- Symlinking: /home/loq/roboracer_ws/install/roboracer_description/share/roboracer_description/models/aws_robomaker_residential_BalconyTable_01/meshes/aws_BalconyTable_01_visual.DAE
[2.806s] -- Symlinking: /home/loq/roboracer_ws/install/roboracer_description/share/roboracer_description/models/aws_robomaker_residential_BalconyTable_01/model.config
[2.815s] -- Symlinking: /home/loq/roboracer_ws/install/roboracer_description/share/roboracer_description/models/aws_robomaker_residential_BalconyTable_01/model.sdf
[2.825s] -- Symlinking: /home/loq/roboracer_ws/install/roboracer_description/share/roboracer_description/models/aws_robomaker_residential_Ball_01/materials/textures/aws_Ball_01.png
[2.834s] -- Symlinking: /home/loq/roboracer_ws/install/roboracer_description/share/roboracer_description/models/aws_robomaker_residential_Ball_01/meshes/aws_Ball_01_collision.DAE
[2.844s] -- Symlinking: /home/loq/roboracer_ws/install/roboracer_description/share/roboracer_description/models/aws_robomaker_residential_Ball_01/meshes/aws_Ball_01_visual.DAE
[2.852s] -- Symlinking: /home/loq/roboracer_ws/install/roboracer_description/share/roboracer_description/models/aws_robomaker_residential_Ball_01/model.config
[2.861s] -- Symlinking: /home/loq/roboracer_ws/install/roboracer_description/share/roboracer_description/models/aws_robomaker_residential_Ball_01/model.sdf
[2.869s] -- Symlinking: /home/loq/roboracer_ws/install/roboracer_description/share/roboracer_description/models/aws_robomaker_residential_Bed_01/materials/textures/aws_BedA_01.png
[2.878s] -- Symlinking: /home/loq/roboracer_ws/install/roboracer_description/share/roboracer_description/models/aws_robomaker_residential_Bed_01/materials/textures/aws_BedB_01.png
[2.888s] -- Symlinking: /home/loq/roboracer_ws/install/roboracer_description/share/roboracer_description/models/aws_robomaker_residential_Bed_01/materials/textures/aws_BedC_01.png
[2.897s] -- Symlinking: /home/loq/roboracer_ws/install/roboracer_description/share/roboracer_description/models/aws_robomaker_residential_Bed_01/materials/textures/aws_Bed_01.png
[2.905s] -- Symlinking: /home/loq/roboracer_ws/install/roboracer_description/share/roboracer_description/models/aws_robomaker_residential_Bed_01/meshes/aws_Bed_01_collision.DAE
[2.914s] -- Symlinking: /home/loq/roboracer_ws/install/roboracer_description/share/roboracer_description/models/aws_robomaker_residential_Bed_01/meshes/aws_Bed_01_visual.DAE
[2.922s] -- Symlinking: /home/loq/roboracer_ws/install/roboracer_description/share/roboracer_description/models/aws_robomaker_residential_Bed_01/model.config
[2.931s] -- Symlinking: /home/loq/roboracer_ws/install/roboracer_description/share/roboracer_description/models/aws_robomaker_residential_Bed_01/model.sdf
[2.940s] -- Symlinking: /home/loq/roboracer_ws/install/roboracer_description/share/roboracer_description/models/aws_robomaker_residential_Board_01/materials/textures/aws_Board_01.png
[2.949s] -- Symlinking: /home/loq/roboracer_ws/install/roboracer_description/share/roboracer_description/models/aws_robomaker_residential_Board_01/meshes/aws_Board_01_collision.DAE
[2.958s] -- Symlinking: /home/loq/roboracer_ws/install/roboracer_description/share/roboracer_description/models/aws_robomaker_residential_Board_01/meshes/aws_Board_01_visual.DAE
[2.967s] -- Symlinking: /home/loq/roboracer_ws/install/roboracer_description/share/roboracer_description/models/aws_robomaker_residential_Board_01/model.config
[2.975s] -- Symlinking: /home/loq/roboracer_ws/install/roboracer_description/share/roboracer_description/models/aws_robomaker_residential_Board_01/model.sdf
[2.985s] -- Symlinking: /home/loq/roboracer_ws/install/roboracer_description/share/roboracer_description/models/aws_robomaker_residential_Carpet_01/materials/textures/aws_Carpet_01.png
[2.993s] -- Symlinking: /home/loq/roboracer_ws/install/roboracer_description/share/roboracer_description/models/aws_robomaker_residential_Carpet_01/meshes/aws_Carpet_01_collision.DAE
[3.003s] -- Symlinking: /home/loq/roboracer_ws/install/roboracer_description/share/roboracer_description/models/aws_robomaker_residential_Carpet_01/meshes/aws_Carpet_01_visual.DAE
[3.011s] -- Symlinking: /home/loq/roboracer_ws/install/roboracer_description/share/roboracer_description/models/aws_robomaker_residential_Carpet_01/model.config
[3.023s] -- Symlinking: /home/loq/roboracer_ws/install/roboracer_description/share/roboracer_description/models/aws_robomaker_residential_Carpet_01/model.sdf
[3.033s] -- Symlinking: /home/loq/roboracer_ws/install/roboracer_description/share/roboracer_description/models/aws_robomaker_residential_ChairA_01/materials/textures/aws_ChairA_01.png
[3.042s] -- Symlinking: /home/loq/roboracer_ws/install/roboracer_description/share/roboracer_description/models/aws_robomaker_residential_ChairA_01/meshes/aws_ChairA_01_collision.DAE
[3.051s] -- Symlinking: /home/loq/roboracer_ws/install/roboracer_description/share/roboracer_description/models/aws_robomaker_residential_ChairA_01/meshes/aws_ChairA_01_visual.DAE
[3.060s] -- Symlinking: /home/loq/roboracer_ws/install/roboracer_description/share/roboracer_description/models/aws_robomaker_residential_ChairA_01/model.config
[3.069s] -- Symlinking: /home/loq/roboracer_ws/install/roboracer_description/share/roboracer_description/models/aws_robomaker_residential_ChairA_01/model.sdf
[3.078s] -- Symlinking: /home/loq/roboracer_ws/install/roboracer_description/share/roboracer_description/models/aws_robomaker_residential_ChairD_01/materials/textures/aws_ChairD_01.png
[3.087s] -- Symlinking: /home/loq/roboracer_ws/install/roboracer_description/share/roboracer_description/models/aws_robomaker_residential_ChairD_01/meshes/aws_ChairD_01_collision.DAE
[3.096s] -- Symlinking: /home/loq/roboracer_ws/install/roboracer_description/share/roboracer_description/models/aws_robomaker_residential_ChairD_01/meshes/aws_ChairD_01_visual.DAE
[3.105s] -- Symlinking: /home/loq/roboracer_ws/install/roboracer_description/share/roboracer_description/models/aws_robomaker_residential_ChairD_01/model.config
[3.114s] -- Symlinking: /home/loq/roboracer_ws/install/roboracer_description/share/roboracer_description/models/aws_robomaker_residential_ChairD_01/model.sdf
[3.124s] -- Symlinking: /home/loq/roboracer_ws/install/roboracer_description/share/roboracer_description/models/aws_robomaker_residential_Chandelier_01/materials/textures/aws_Chandelier_01.png
[3.133s] -- Symlinking: /home/loq/roboracer_ws/install/roboracer_description/share/roboracer_description/models/aws_robomaker_residential_Chandelier_01/meshes/aws_Chandelier_01.DAE
[3.142s] -- Symlinking: /home/loq/roboracer_ws/install/roboracer_description/share/roboracer_description/models/aws_robomaker_residential_Chandelier_01/meshes/aws_Chandelier_01_collision.DAE
[3.152s] -- Symlinking: /home/loq/roboracer_ws/install/roboracer_description/share/roboracer_description/models/aws_robomaker_residential_Chandelier_01/meshes/aws_Chandelier_01_visual.DAE
[3.163s] -- Symlinking: /home/loq/roboracer_ws/install/roboracer_description/share/roboracer_description/models/aws_robomaker_residential_Chandelier_01/model.config
[3.172s] -- Symlinking: /home/loq/roboracer_ws/install/roboracer_description/share/roboracer_description/models/aws_robomaker_residential_Chandelier_01/model.sdf
[3.182s] -- Symlinking: /home/loq/roboracer_ws/install/roboracer_description/share/roboracer_description/models/aws_robomaker_residential_CoffeeTable_01/materials/textures/aws_CoffeeTable_01.png
[3.190s] -- Symlinking: /home/loq/roboracer_ws/install/roboracer_description/share/roboracer_description/models/aws_robomaker_residential_CoffeeTable_01/meshes/aws_CoffeeTable_01_collision.DAE
[3.200s] -- Symlinking: /home/loq/roboracer_ws/install/roboracer_description/share/roboracer_description/models/aws_robomaker_residential_CoffeeTable_01/meshes/aws_CoffeeTable_01_visual.DAE
[3.210s] -- Symlinking: /home/loq/roboracer_ws/install/roboracer_description/share/roboracer_description/models/aws_robomaker_residential_CoffeeTable_01/model.config
[3.220s] -- Symlinking: /home/loq/roboracer_ws/install/roboracer_description/share/roboracer_description/models/aws_robomaker_residential_CoffeeTable_01/model.sdf
[3.230s] -- Symlinking: /home/loq/roboracer_ws/install/roboracer_description/share/roboracer_description/models/aws_robomaker_residential_CookingBench_01/materials/textures/aws_CookingBench_01.png
[3.240s] -- Symlinking: /home/loq/roboracer_ws/install/roboracer_description/share/roboracer_description/models/aws_robomaker_residential_CookingBench_01/meshes/aws_CookingBench_01.DAE
[3.249s] -- Symlinking: /home/loq/roboracer_ws/install/roboracer_description/share/roboracer_description/models/aws_robomaker_residential_CookingBench_01/meshes/aws_CookingBench_01_collision.DAE
[3.260s] -- Symlinking: /home/loq/roboracer_ws/install/roboracer_description/share/roboracer_description/models/aws_robomaker_residential_CookingBench_01/meshes/aws_CookingBench_01_visual.DAE
[3.269s] -- Symlinking: /home/loq/roboracer_ws/install/roboracer_description/share/roboracer_description/models/aws_robomaker_residential_CookingBench_01/model.config
[3.279s] -- Symlinking: /home/loq/roboracer_ws/install/roboracer_description/share/roboracer_description/models/aws_robomaker_residential_CookingBench_01/model.sdf
[3.288s] -- Symlinking: /home/loq/roboracer_ws/install/roboracer_description/share/roboracer_description/models/aws_robomaker_residential_Curtain_01/materials/textures/aws_Curtain_01.png
[3.297s] -- Symlinking: /home/loq/roboracer_ws/install/roboracer_description/share/roboracer_description/models/aws_robomaker_residential_Curtain_01/meshes/aws_Curtain_01_collision.DAE
[3.306s] -- Symlinking: /home/loq/roboracer_ws/install/roboracer_description/share/roboracer_description/models/aws_robomaker_residential_Curtain_01/meshes/aws_Curtain_01_visual.DAE
[3.314s] -- Symlinking: /home/loq/roboracer_ws/install/roboracer_description/share/roboracer_description/models/aws_robomaker_residential_Curtain_01/model.config
[3.323s] -- Symlinking: /home/loq/roboracer_ws/install/roboracer_description/share/roboracer_description/models/aws_robomaker_residential_Curtain_01/model.sdf
[3.332s] -- Symlinking: /home/loq/roboracer_ws/install/roboracer_description/share/roboracer_description/models/aws_robomaker_residential_DeskPortraitA_01/materials/textures/aws_DeskPortraitA_01.png
[3.341s] -- Symlinking: /home/loq/roboracer_ws/install/roboracer_description/share/roboracer_description/models/aws_robomaker_residential_DeskPortraitA_01/materials/textures/aws_DeskPortraitA_02.png
[3.350s] -- Symlinking: /home/loq/roboracer_ws/install/roboracer_description/share/roboracer_description/models/aws_robomaker_residential_DeskPortraitA_01/meshes/aws_DeskPortraitA_01_collision.DAE
[3.359s] -- Symlinking: /home/loq/roboracer_ws/install/roboracer_description/share/roboracer_description/models/aws_robomaker_residential_DeskPortraitA_01/meshes/aws_DeskPortraitA_01_visual.DAE
[3.368s] -- Symlinking: /home/loq/roboracer_ws/install/roboracer_description/share/roboracer_description/models/aws_robomaker_residential_DeskPortraitA_01/model.config
[3.376s] -- Symlinking: /home/loq/roboracer_ws/install/roboracer_description/share/roboracer_description/models/aws_robomaker_residential_DeskPortraitA_01/model.sdf
[3.385s] -- Symlinking: /home/loq/roboracer_ws/install/roboracer_description/share/roboracer_description/models/aws_robomaker_residential_DeskPortraitA_02/materials/textures/aws_DeskPortraitA_01.png
[3.394s] -- Symlinking: /home/loq/roboracer_ws/install/roboracer_description/share/roboracer_description/models/aws_robomaker_residential_DeskPortraitA_02/materials/textures/aws_DeskPortraitA_02.png
[3.403s] -- Symlinking: /home/loq/roboracer_ws/install/roboracer_description/share/roboracer_description/models/aws_robomaker_residential_DeskPortraitA_02/meshes/aws_DeskPortraitA_01_collision.DAE
[3.412s] -- Symlinking: /home/loq/roboracer_ws/install/roboracer_description/share/roboracer_description/models/aws_robomaker_residential_DeskPortraitA_02/meshes/aws_DeskPortraitA_01_visual.DAE
[3.422s] -- Symlinking: /home/loq/roboracer_ws/install/roboracer_description/share/roboracer_description/models/aws_robomaker_residential_DeskPortraitA_02/model.config
[3.431s] -- Symlinking: /home/loq/roboracer_ws/install/roboracer_description/share/roboracer_description/models/aws_robomaker_residential_DeskPortraitA_02/model.sdf
[3.440s] -- Symlinking: /home/loq/roboracer_ws/install/roboracer_description/share/roboracer_description/models/aws_robomaker_residential_DeskPortraitB_01/materials/textures/aws_DeskPortraitB_01.png
[3.450s] -- Symlinking: /home/loq/roboracer_ws/install/roboracer_description/share/roboracer_description/models/aws_robomaker_residential_DeskPortraitB_01/materials/textures/aws_DeskPortraitB_02.png
[3.460s] -- Symlinking: /home/loq/roboracer_ws/install/roboracer_description/share/roboracer_description/models/aws_robomaker_residential_DeskPortraitB_01/meshes/aws_DeskPortraitB_01_collision.DAE
[3.469s] -- Symlinking: /home/loq/roboracer_ws/install/roboracer_description/share/roboracer_description/models/aws_robomaker_residential_DeskPortraitB_01/meshes/aws_DeskPortraitB_01_visual.DAE
[3.478s] -- Symlinking: /home/loq/roboracer_ws/install/roboracer_description/share/roboracer_description/models/aws_robomaker_residential_DeskPortraitB_01/model.config
[3.488s] -- Symlinking: /home/loq/roboracer_ws/install/roboracer_description/share/roboracer_description/models/aws_robomaker_residential_DeskPortraitB_01/model.sdf
[3.497s] -- Symlinking: /home/loq/roboracer_ws/install/roboracer_description/share/roboracer_description/models/aws_robomaker_residential_DeskPortraitB_02/materials/textures/aws_DeskPortraitB_01.png
[3.506s] -- Symlinking: /home/loq/roboracer_ws/install/roboracer_description/share/roboracer_description/models/aws_robomaker_residential_DeskPortraitB_02/materials/textures/aws_DeskPortraitB_02.png
[3.516s] -- Symlinking: /home/loq/roboracer_ws/install/roboracer_description/share/roboracer_description/models/aws_robomaker_residential_DeskPortraitB_02/meshes/aws_DeskPortraitB_01_collision.DAE
[3.526s] -- Symlinking: /home/loq/roboracer_ws/install/roboracer_description/share/roboracer_description/models/aws_robomaker_residential_DeskPortraitB_02/meshes/aws_DeskPortraitB_01_visual.DAE
[3.535s] -- Symlinking: /home/loq/roboracer_ws/install/roboracer_description/share/roboracer_description/models/aws_robomaker_residential_DeskPortraitB_02/model.config
[3.545s] -- Symlinking: /home/loq/roboracer_ws/install/roboracer_description/share/roboracer_description/models/aws_robomaker_residential_DeskPortraitB_02/model.sdf
[3.554s] -- Symlinking: /home/loq/roboracer_ws/install/roboracer_description/share/roboracer_description/models/aws_robomaker_residential_DeskPortraitC_01/materials/textures/aws_DeskPortraitC_01.png
[3.564s] -- Symlinking: /home/loq/roboracer_ws/install/roboracer_description/share/roboracer_description/models/aws_robomaker_residential_DeskPortraitC_01/materials/textures/aws_DeskPortraitC_02.png
[3.573s] -- Symlinking: /home/loq/roboracer_ws/install/roboracer_description/share/roboracer_description/models/aws_robomaker_residential_DeskPortraitC_01/meshes/aws_DeskPortraitC_01_collision.DAE
[3.582s] -- Symlinking: /home/loq/roboracer_ws/install/roboracer_description/share/roboracer_description/models/aws_robomaker_residential_DeskPortraitC_01/meshes/aws_DeskPortraitC_01_visual.DAE
[3.592s] -- Symlinking: /home/loq/roboracer_ws/install/roboracer_description/share/roboracer_description/models/aws_robomaker_residential_DeskPortraitC_01/model.config
[3.600s] -- Symlinking: /home/loq/roboracer_ws/install/roboracer_description/share/roboracer_description/models/aws_robomaker_residential_DeskPortraitC_01/model.sdf
[3.609s] -- Symlinking: /home/loq/roboracer_ws/install/roboracer_description/share/roboracer_description/models/aws_robomaker_residential_DeskPortraitC_02/materials/textures/aws_DeskPortraitC_01.png
[3.618s] -- Symlinking: /home/loq/roboracer_ws/install/roboracer_description/share/roboracer_description/models/aws_robomaker_residential_DeskPortraitC_02/materials/textures/aws_DeskPortraitC_02.png
[3.626s] -- Symlinking: /home/loq/roboracer_ws/install/roboracer_description/share/roboracer_description/models/aws_robomaker_residential_DeskPortraitC_02/meshes/aws_DeskPortraitC_01_collision.DAE
[3.635s] -- Symlinking: /home/loq/roboracer_ws/install/roboracer_description/share/roboracer_description/models/aws_robomaker_residential_DeskPortraitC_02/meshes/aws_DeskPortraitC_01_visual.DAE
[3.644s] -- Symlinking: /home/loq/roboracer_ws/install/roboracer_description/share/roboracer_description/models/aws_robomaker_residential_DeskPortraitC_02/model.config
[3.653s] -- Symlinking: /home/loq/roboracer_ws/install/roboracer_description/share/roboracer_description/models/aws_robomaker_residential_DeskPortraitC_02/model.sdf
[3.663s] -- Symlinking: /home/loq/roboracer_ws/install/roboracer_description/share/roboracer_description/models/aws_robomaker_residential_DeskPortraitD_01/materials/textures/aws_DeskPortraitD_01.png
[3.672s] -- Symlinking: /home/loq/roboracer_ws/install/roboracer_description/share/roboracer_description/models/aws_robomaker_residential_DeskPortraitD_01/materials/textures/aws_DeskPortraitD_02.png
[3.681s] -- Symlinking: /home/loq/roboracer_ws/install/roboracer_description/share/roboracer_description/models/aws_robomaker_residential_DeskPortraitD_01/meshes/aws_DeskPortraitD_01_collision.DAE
[3.689s] -- Symlinking: /home/loq/roboracer_ws/install/roboracer_description/share/roboracer_description/models/aws_robomaker_residential_DeskPortraitD_01/meshes/aws_DeskPortraitD_01_visual.DAE
[3.698s] -- Symlinking: /home/loq/roboracer_ws/install/roboracer_description/share/roboracer_description/models/aws_robomaker_residential_DeskPortraitD_01/model.config
[3.707s] -- Symlinking: /home/loq/roboracer_ws/install/roboracer_description/share/roboracer_description/models/aws_robomaker_residential_DeskPortraitD_01/model.sdf
[3.716s] -- Symlinking: /home/loq/roboracer_ws/install/roboracer_description/share/roboracer_description/models/aws_robomaker_residential_DeskPortraitD_02/materials/textures/aws_DeskPortraitD_01.png
[3.725s] -- Symlinking: /home/loq/roboracer_ws/install/roboracer_description/share/roboracer_description/models/aws_robomaker_residential_DeskPortraitD_02/materials/textures/aws_DeskPortraitD_02.png
[3.734s] -- Symlinking: /home/loq/roboracer_ws/install/roboracer_description/share/roboracer_description/models/aws_robomaker_residential_DeskPortraitD_02/meshes/aws_DeskPortraitD_01_collision.DAE
[3.743s] -- Symlinking: /home/loq/roboracer_ws/install/roboracer_description/share/roboracer_description/models/aws_robomaker_residential_DeskPortraitD_02/meshes/aws_DeskPortraitD_01_visual.DAE
[3.753s] -- Symlinking: /home/loq/roboracer_ws/install/roboracer_description/share/roboracer_description/models/aws_robomaker_residential_DeskPortraitD_02/model.config
[3.762s] -- Symlinking: /home/loq/roboracer_ws/install/roboracer_description/share/roboracer_description/models/aws_robomaker_residential_DeskPortraitD_02/model.sdf
[3.770s] -- Symlinking: /home/loq/roboracer_ws/install/roboracer_description/share/roboracer_description/models/aws_robomaker_residential_DeskPortraitD_03/materials/textures/aws_DeskPortraitD_01.png
[3.780s] -- Symlinking: /home/loq/roboracer_ws/install/roboracer_description/share/roboracer_description/models/aws_robomaker_residential_DeskPortraitD_03/materials/textures/aws_DeskPortraitD_02.png
[3.789s] -- Symlinking: /home/loq/roboracer_ws/install/roboracer_description/share/roboracer_description/models/aws_robomaker_residential_DeskPortraitD_03/meshes/aws_DeskPortraitD_01_collision.DAE
[3.798s] -- Symlinking: /home/loq/roboracer_ws/install/roboracer_description/share/roboracer_description/models/aws_robomaker_residential_DeskPortraitD_03/meshes/aws_DeskPortraitD_01_visual.DAE
[3.807s] -- Symlinking: /home/loq/roboracer_ws/install/roboracer_description/share/roboracer_description/models/aws_robomaker_residential_DeskPortraitD_03/model.config
[3.816s] -- Symlinking: /home/loq/roboracer_ws/install/roboracer_description/share/roboracer_description/models/aws_robomaker_residential_DeskPortraitD_03/model.sdf
[3.825s] -- Symlinking: /home/loq/roboracer_ws/install/roboracer_description/share/roboracer_description/models/aws_robomaker_residential_DeskPortraitD_04/materials/textures/aws_DeskPortraitD_01.png
[3.834s] -- Symlinking: /home/loq/roboracer_ws/install/roboracer_description/share/roboracer_description/models/aws_robomaker_residential_DeskPortraitD_04/materials/textures/aws_DeskPortraitD_02.png
[3.843s] -- Symlinking: /home/loq/roboracer_ws/install/roboracer_description/share/roboracer_description/models/aws_robomaker_residential_DeskPortraitD_04/meshes/aws_DeskPortraitD_01_collision.DAE
[3.852s] -- Symlinking: /home/loq/roboracer_ws/install/roboracer_description/share/roboracer_description/models/aws_robomaker_residential_DeskPortraitD_04/meshes/aws_DeskPortraitD_01_visual.DAE
[3.861s] -- Symlinking: /home/loq/roboracer_ws/install/roboracer_description/share/roboracer_description/models/aws_robomaker_residential_DeskPortraitD_04/model.config
[3.870s] -- Symlinking: /home/loq/roboracer_ws/install/roboracer_description/share/roboracer_description/models/aws_robomaker_residential_DeskPortraitD_04/model.sdf
[3.878s] -- Symlinking: /home/loq/roboracer_ws/install/roboracer_description/share/roboracer_description/models/aws_robomaker_residential_Door_01/materials/textures/aws_Door_01.png
[3.886s] -- Symlinking: /home/loq/roboracer_ws/install/roboracer_description/share/roboracer_description/models/aws_robomaker_residential_Door_01/meshes/aws_Door_01_collision.DAE
[3.895s] -- Symlinking: /home/loq/roboracer_ws/install/roboracer_description/share/roboracer_description/models/aws_robomaker_residential_Door_01/meshes/aws_Door_01_visual.DAE
[3.904s] -- Symlinking: /home/loq/roboracer_ws/install/roboracer_description/share/roboracer_description/models/aws_robomaker_residential_Door_01/model.config
[3.913s] -- Symlinking: /home/loq/roboracer_ws/install/roboracer_description/share/roboracer_description/models/aws_robomaker_residential_Door_01/model.sdf
[3.922s] -- Symlinking: /home/loq/roboracer_ws/install/roboracer_description/share/roboracer_description/models/aws_robomaker_residential_Dumbbell_01/materials/textures/aws_Dumbbell_01.png
[3.932s] -- Symlinking: /home/loq/roboracer_ws/install/roboracer_description/share/roboracer_description/models/aws_robomaker_residential_Dumbbell_01/meshes/aws_Dumbbell_01_collision.DAE
[3.941s] -- Symlinking: /home/loq/roboracer_ws/install/roboracer_description/share/roboracer_description/models/aws_robomaker_residential_Dumbbell_01/meshes/aws_Dumbbell_01_visual.DAE
[3.951s] -- Symlinking: /home/loq/roboracer_ws/install/roboracer_description/share/roboracer_description/models/aws_robomaker_residential_Dumbbell_01/model.config
[3.960s] -- Symlinking: /home/loq/roboracer_ws/install/roboracer_description/share/roboracer_description/models/aws_robomaker_residential_Dumbbell_01/model.sdf
[3.969s] -- Symlinking: /home/loq/roboracer_ws/install/roboracer_description/share/roboracer_description/models/aws_robomaker_residential_FitnessEquipment_01/materials/textures/aws_FitnessEquipment_01.png
[3.978s] -- Symlinking: /home/loq/roboracer_ws/install/roboracer_description/share/roboracer_description/models/aws_robomaker_residential_FitnessEquipment_01/meshes/aws_FitnessEquipment_01_collision.DAE
[3.987s] -- Symlinking: /home/loq/roboracer_ws/install/roboracer_description/share/roboracer_description/models/aws_robomaker_residential_FitnessEquipment_01/meshes/aws_FitnessEquipment_01_visual.DAE
[3.995s] -- Symlinking: /home/loq/roboracer_ws/install/roboracer_description/share/roboracer_description/models/aws_robomaker_residential_FitnessEquipment_01/model.config
[4.004s] -- Symlinking: /home/loq/roboracer_ws/install/roboracer_description/share/roboracer_description/models/aws_robomaker_residential_FitnessEquipment_01/model.sdf
[4.013s] -- Symlinking: /home/loq/roboracer_ws/install/roboracer_description/share/roboracer_description/models/aws_robomaker_residential_FloorB_01/materials/textures/aws_FloorB_01.png
[4.023s] -- Symlinking: /home/loq/roboracer_ws/install/roboracer_description/share/roboracer_description/models/aws_robomaker_residential_FloorB_01/meshes/aws_FloorB_01_collision.DAE
[4.032s] -- Symlinking: /home/loq/roboracer_ws/install/roboracer_description/share/roboracer_description/models/aws_robomaker_residential_FloorB_01/meshes/aws_FloorB_01_visual.DAE
[4.040s] -- Symlinking: /home/loq/roboracer_ws/install/roboracer_description/share/roboracer_description/models/aws_robomaker_residential_FloorB_01/model.config
[4.049s] -- Symlinking: /home/loq/roboracer_ws/install/roboracer_description/share/roboracer_description/models/aws_robomaker_residential_FloorB_01/model.sdf
[4.058s] -- Symlinking: /home/loq/roboracer_ws/install/roboracer_description/share/roboracer_description/models/aws_robomaker_residential_FoldingDoor_01/materials/textures/aws_FoldingDoor_01.png
[4.067s] -- Symlinking: /home/loq/roboracer_ws/install/roboracer_description/share/roboracer_description/models/aws_robomaker_residential_FoldingDoor_01/meshes/aws_FoldingDoor_01_collision.DAE
[4.076s] -- Symlinking: /home/loq/roboracer_ws/install/roboracer_description/share/roboracer_description/models/aws_robomaker_residential_FoldingDoor_01/meshes/aws_FoldingDoor_01_visual.DAE
[4.085s] -- Symlinking: /home/loq/roboracer_ws/install/roboracer_description/share/roboracer_description/models/aws_robomaker_residential_FoldingDoor_01/model.config
[4.094s] -- Symlinking: /home/loq/roboracer_ws/install/roboracer_description/share/roboracer_description/models/aws_robomaker_residential_FoldingDoor_01/model.sdf
[4.103s] -- Symlinking: /home/loq/roboracer_ws/install/roboracer_description/share/roboracer_description/models/aws_robomaker_residential_FoldingDoor_02/materials/textures/aws_FoldingDoor_02.png
[4.112s] -- Symlinking: /home/loq/roboracer_ws/install/roboracer_description/share/roboracer_description/models/aws_robomaker_residential_FoldingDoor_02/meshes/aws_FoldingDoor_02_collision.DAE
[4.121s] -- Symlinking: /home/loq/roboracer_ws/install/roboracer_description/share/roboracer_description/models/aws_robomaker_residential_FoldingDoor_02/meshes/aws_FoldingDoor_02_visual.DAE
[4.131s] -- Symlinking: /home/loq/roboracer_ws/install/roboracer_description/share/roboracer_description/models/aws_robomaker_residential_FoldingDoor_02/model.config
[4.140s] -- Symlinking: /home/loq/roboracer_ws/install/roboracer_description/share/roboracer_description/models/aws_robomaker_residential_FoldingDoor_02/model.sdf
[4.150s] -- Symlinking: /home/loq/roboracer_ws/install/roboracer_description/share/roboracer_description/models/aws_robomaker_residential_Handle_01/materials/textures/aws_Handle_01.png
[4.159s] -- Symlinking: /home/loq/roboracer_ws/install/roboracer_description/share/roboracer_description/models/aws_robomaker_residential_Handle_01/meshes/aws_ handle_01_collision.DAE
[4.169s] -- Symlinking: /home/loq/roboracer_ws/install/roboracer_description/share/roboracer_description/models/aws_robomaker_residential_Handle_01/meshes/aws_Handle_01_collision.DAE
[4.178s] -- Symlinking: /home/loq/roboracer_ws/install/roboracer_description/share/roboracer_description/models/aws_robomaker_residential_Handle_01/meshes/aws_Handle_01_visual.DAE
[4.188s] -- Symlinking: /home/loq/roboracer_ws/install/roboracer_description/share/roboracer_description/models/aws_robomaker_residential_Handle_01/model.config
[4.198s] -- Symlinking: /home/loq/roboracer_ws/install/roboracer_description/share/roboracer_description/models/aws_robomaker_residential_Handle_01/model.sdf
[4.207s] -- Symlinking: /home/loq/roboracer_ws/install/roboracer_description/share/roboracer_description/models/aws_robomaker_residential_HouseWallB_01/materials/textures/aws_HouseWallB_01.png
[4.218s] -- Symlinking: /home/loq/roboracer_ws/install/roboracer_description/share/roboracer_description/models/aws_robomaker_residential_HouseWallB_01/meshes/aws_HouseWallB_01_collision.DAE
[4.227s] -- Symlinking: /home/loq/roboracer_ws/install/roboracer_description/share/roboracer_description/models/aws_robomaker_residential_HouseWallB_01/meshes/aws_HouseWallB_01_visual.DAE
[4.237s] -- Symlinking: /home/loq/roboracer_ws/install/roboracer_description/share/roboracer_description/models/aws_robomaker_residential_HouseWallB_01/model.config
[4.246s] -- Symlinking: /home/loq/roboracer_ws/install/roboracer_description/share/roboracer_description/models/aws_robomaker_residential_HouseWallB_01/model.sdf
[4.255s] -- Symlinking: /home/loq/roboracer_ws/install/roboracer_description/share/roboracer_description/models/aws_robomaker_residential_KitchenCabinet_01/materials/textures/aws_KitchenCabinet_01.png
[4.265s] -- Symlinking: /home/loq/roboracer_ws/install/roboracer_description/share/roboracer_description/models/aws_robomaker_residential_KitchenCabinet_01/meshes/aws_KitchenCabinet_01_collision.DAE
[4.274s] -- Symlinking: /home/loq/roboracer_ws/install/roboracer_description/share/roboracer_description/models/aws_robomaker_residential_KitchenCabinet_01/meshes/aws_KitchenCabinet_01_visual.DAE
[4.283s] -- Symlinking: /home/loq/roboracer_ws/install/roboracer_description/share/roboracer_description/models/aws_robomaker_residential_KitchenCabinet_01/model.config
[4.292s] -- Symlinking: /home/loq/roboracer_ws/install/roboracer_description/share/roboracer_description/models/aws_robomaker_residential_KitchenCabinet_01/model.sdf
[4.301s] -- Symlinking: /home/loq/roboracer_ws/install/roboracer_description/share/roboracer_description/models/aws_robomaker_residential_KitchenTable_01/materials/textures/aws_KitchenTable_01.png
[4.310s] -- Symlinking: /home/loq/roboracer_ws/install/roboracer_description/share/roboracer_description/models/aws_robomaker_residential_KitchenTable_01/meshes/aws_KitchenTable_01_collision.DAE
[4.319s] -- Symlinking: /home/loq/roboracer_ws/install/roboracer_description/share/roboracer_description/models/aws_robomaker_residential_KitchenTable_01/meshes/aws_KitchenTable_01_visual.DAE
[4.329s] -- Symlinking: /home/loq/roboracer_ws/install/roboracer_description/share/roboracer_description/models/aws_robomaker_residential_KitchenTable_01/model.config
[4.338s] -- Symlinking: /home/loq/roboracer_ws/install/roboracer_description/share/roboracer_description/models/aws_robomaker_residential_KitchenTable_01/model.sdf
[4.348s] -- Symlinking: /home/loq/roboracer_ws/install/roboracer_description/share/roboracer_description/models/aws_robomaker_residential_KitchenUtensils_01/materials/textures/aws_KitchenUtensils_01.png
[4.357s] -- Symlinking: /home/loq/roboracer_ws/install/roboracer_description/share/roboracer_description/models/aws_robomaker_residential_KitchenUtensils_01/meshes/aws_KitchenUtensils_01_collision.DAE
[4.366s] -- Symlinking: /home/loq/roboracer_ws/install/roboracer_description/share/roboracer_description/models/aws_robomaker_residential_KitchenUtensils_01/meshes/aws_KitchenUtensils_01_visual.DAE
[4.375s] -- Symlinking: /home/loq/roboracer_ws/install/roboracer_description/share/roboracer_description/models/aws_robomaker_residential_KitchenUtensils_01/model.config
[4.384s] -- Symlinking: /home/loq/roboracer_ws/install/roboracer_description/share/roboracer_description/models/aws_robomaker_residential_KitchenUtensils_01/model.sdf
[4.394s] -- Symlinking: /home/loq/roboracer_ws/install/roboracer_description/share/roboracer_description/models/aws_robomaker_residential_LightC_01/materials/textures/aws_LightC_01.png
[4.407s] -- Symlinking: /home/loq/roboracer_ws/install/roboracer_description/share/roboracer_description/models/aws_robomaker_residential_LightC_01/meshes/aws_LightC_01_collision.DAE
[4.416s] -- Symlinking: /home/loq/roboracer_ws/install/roboracer_description/share/roboracer_description/models/aws_robomaker_residential_LightC_01/meshes/aws_LightC_01_visual.DAE
[4.426s] -- Symlinking: /home/loq/roboracer_ws/install/roboracer_description/share/roboracer_description/models/aws_robomaker_residential_LightC_01/model.config
[4.437s] -- Symlinking: /home/loq/roboracer_ws/install/roboracer_description/share/roboracer_description/models/aws_robomaker_residential_LightC_01/model.sdf
[4.447s] -- Symlinking: /home/loq/roboracer_ws/install/roboracer_description/share/roboracer_description/models/aws_robomaker_residential_NightStand_01/materials/textures/aws_NightStand_01.png
[4.457s] -- Symlinking: /home/loq/roboracer_ws/install/roboracer_description/share/roboracer_description/models/aws_robomaker_residential_NightStand_01/meshes/aws_NightStand_01_collision.DAE
[4.467s] -- Symlinking: /home/loq/roboracer_ws/install/roboracer_description/share/roboracer_description/models/aws_robomaker_residential_NightStand_01/meshes/aws_NightStand_01_visual.DAE
[4.478s] -- Symlinking: /home/loq/roboracer_ws/install/roboracer_description/share/roboracer_description/models/aws_robomaker_residential_NightStand_01/model.config
[4.487s] -- Symlinking: /home/loq/roboracer_ws/install/roboracer_description/share/roboracer_description/models/aws_robomaker_residential_NightStand_01/model.sdf
[4.498s] -- Symlinking: /home/loq/roboracer_ws/install/roboracer_description/share/roboracer_description/models/aws_robomaker_residential_Pillow_01/materials/textures/aws_Pillow_01.png
[4.508s] -- Symlinking: /home/loq/roboracer_ws/install/roboracer_description/share/roboracer_description/models/aws_robomaker_residential_Pillow_01/meshes/aws_Pillow_01_collision.DAE
[4.518s] -- Symlinking: /home/loq/roboracer_ws/install/roboracer_description/share/roboracer_description/models/aws_robomaker_residential_Pillow_01/meshes/aws_Pillow_01_visual.DAE
[4.528s] -- Symlinking: /home/loq/roboracer_ws/install/roboracer_description/share/roboracer_description/models/aws_robomaker_residential_Pillow_01/model.config
[4.539s] -- Symlinking: /home/loq/roboracer_ws/install/roboracer_description/share/roboracer_description/models/aws_robomaker_residential_Pillow_01/model.sdf
[4.548s] -- Symlinking: /home/loq/roboracer_ws/install/roboracer_description/share/roboracer_description/models/aws_robomaker_residential_PortraitA_01/materials/textures/aws_PortraitA_01.png
[4.558s] -- Symlinking: /home/loq/roboracer_ws/install/roboracer_description/share/roboracer_description/models/aws_robomaker_residential_PortraitA_01/materials/textures/aws_PortraitA_02.png
[4.568s] -- Symlinking: /home/loq/roboracer_ws/install/roboracer_description/share/roboracer_description/models/aws_robomaker_residential_PortraitA_01/meshes/aws_PortraitA_01_collision.DAE
[4.576s] -- Symlinking: /home/loq/roboracer_ws/install/roboracer_description/share/roboracer_description/models/aws_robomaker_residential_PortraitA_01/meshes/aws_PortraitA_01_visual.DAE
[4.586s] -- Symlinking: /home/loq/roboracer_ws/install/roboracer_description/share/roboracer_description/models/aws_robomaker_residential_PortraitA_01/model.config
[4.598s] -- Symlinking: /home/loq/roboracer_ws/install/roboracer_description/share/roboracer_description/models/aws_robomaker_residential_PortraitA_01/model.sdf
[4.608s] -- Symlinking: /home/loq/roboracer_ws/install/roboracer_description/share/roboracer_description/models/aws_robomaker_residential_PortraitA_02/materials/textures/aws_PortraitA_01.png
[4.617s] -- Symlinking: /home/loq/roboracer_ws/install/roboracer_description/share/roboracer_description/models/aws_robomaker_residential_PortraitA_02/materials/textures/aws_PortraitA_02.png
[4.627s] -- Symlinking: /home/loq/roboracer_ws/install/roboracer_description/share/roboracer_description/models/aws_robomaker_residential_PortraitA_02/meshes/aws_PortraitA_01_collision.DAE
[4.636s] -- Symlinking: /home/loq/roboracer_ws/install/roboracer_description/share/roboracer_description/models/aws_robomaker_residential_PortraitA_02/meshes/aws_PortraitA_01_visual.DAE
[4.646s] -- Symlinking: /home/loq/roboracer_ws/install/roboracer_description/share/roboracer_description/models/aws_robomaker_residential_PortraitA_02/model.config
[4.656s] -- Symlinking: /home/loq/roboracer_ws/install/roboracer_description/share/roboracer_description/models/aws_robomaker_residential_PortraitA_02/model.sdf
[4.665s] -- Symlinking: /home/loq/roboracer_ws/install/roboracer_description/share/roboracer_description/models/aws_robomaker_residential_PortraitB_01/materials/textures/aws_PortraitB_01.png
[4.675s] -- Symlinking: /home/loq/roboracer_ws/install/roboracer_description/share/roboracer_description/models/aws_robomaker_residential_PortraitB_01/materials/textures/aws_PortraitB_02.png
[4.684s] -- Symlinking: /home/loq/roboracer_ws/install/roboracer_description/share/roboracer_description/models/aws_robomaker_residential_PortraitB_01/meshes/aws_PortraitB_01_collision.DAE
[4.693s] -- Symlinking: /home/loq/roboracer_ws/install/roboracer_description/share/roboracer_description/models/aws_robomaker_residential_PortraitB_01/meshes/aws_PortraitB_01_visual.DAE
[4.702s] -- Symlinking: /home/loq/roboracer_ws/install/roboracer_description/share/roboracer_description/models/aws_robomaker_residential_PortraitB_01/model.config
[4.712s] -- Symlinking: /home/loq/roboracer_ws/install/roboracer_description/share/roboracer_description/models/aws_robomaker_residential_PortraitB_01/model.sdf
[4.721s] -- Symlinking: /home/loq/roboracer_ws/install/roboracer_description/share/roboracer_description/models/aws_robomaker_residential_PortraitB_02/materials/textures/aws_PortraitB_01.png
[4.732s] -- Symlinking: /home/loq/roboracer_ws/install/roboracer_description/share/roboracer_description/models/aws_robomaker_residential_PortraitB_02/materials/textures/aws_PortraitB_02.png
[4.741s] -- Symlinking: /home/loq/roboracer_ws/install/roboracer_description/share/roboracer_description/models/aws_robomaker_residential_PortraitB_02/meshes/aws_PortraitB_01_collision.DAE
[4.750s] -- Symlinking: /home/loq/roboracer_ws/install/roboracer_description/share/roboracer_description/models/aws_robomaker_residential_PortraitB_02/meshes/aws_PortraitB_01_visual.DAE
[4.759s] -- Symlinking: /home/loq/roboracer_ws/install/roboracer_description/share/roboracer_description/models/aws_robomaker_residential_PortraitB_02/model.config
[4.768s] -- Symlinking: /home/loq/roboracer_ws/install/roboracer_description/share/roboracer_description/models/aws_robomaker_residential_PortraitB_02/model.sdf
[4.778s] -- Symlinking: /home/loq/roboracer_ws/install/roboracer_description/share/roboracer_description/models/aws_robomaker_residential_PortraitB_03/materials/textures/aws_PortraitB_01.png
[4.787s] -- Symlinking: /home/loq/roboracer_ws/install/roboracer_description/share/roboracer_description/models/aws_robomaker_residential_PortraitB_03/materials/textures/aws_PortraitB_02.png
[4.796s] -- Symlinking: /home/loq/roboracer_ws/install/roboracer_description/share/roboracer_description/models/aws_robomaker_residential_PortraitB_03/meshes/aws_PortraitB_01_collision.DAE
[4.807s] -- Symlinking: /home/loq/roboracer_ws/install/roboracer_description/share/roboracer_description/models/aws_robomaker_residential_PortraitB_03/meshes/aws_PortraitB_01_visual.DAE
[4.816s] -- Symlinking: /home/loq/roboracer_ws/install/roboracer_description/share/roboracer_description/models/aws_robomaker_residential_PortraitB_03/model.config
[4.825s] -- Symlinking: /home/loq/roboracer_ws/install/roboracer_description/share/roboracer_description/models/aws_robomaker_residential_PortraitB_03/model.sdf
[4.835s] -- Symlinking: /home/loq/roboracer_ws/install/roboracer_description/share/roboracer_description/models/aws_robomaker_residential_PortraitC_01/materials/textures/aws_PortraitC_01.png
[4.844s] -- Symlinking: /home/loq/roboracer_ws/install/roboracer_description/share/roboracer_description/models/aws_robomaker_residential_PortraitC_01/materials/textures/aws_PortraitC_02.png
[4.853s] -- Symlinking: /home/loq/roboracer_ws/install/roboracer_description/share/roboracer_description/models/aws_robomaker_residential_PortraitC_01/meshes/aws_PortraitC_01_collision.DAE
[4.862s] -- Symlinking: /home/loq/roboracer_ws/install/roboracer_description/share/roboracer_description/models/aws_robomaker_residential_PortraitC_01/meshes/aws_PortraitC_01_visual.DAE
[4.871s] -- Symlinking: /home/loq/roboracer_ws/install/roboracer_description/share/roboracer_description/models/aws_robomaker_residential_PortraitC_01/model.config
[4.880s] -- Symlinking: /home/loq/roboracer_ws/install/roboracer_description/share/roboracer_description/models/aws_robomaker_residential_PortraitC_01/model.sdf
[4.890s] -- Symlinking: /home/loq/roboracer_ws/install/roboracer_description/share/roboracer_description/models/aws_robomaker_residential_PortraitD_01/materials/textures/aws_PortraitD_01.png
[4.905s] -- Symlinking: /home/loq/roboracer_ws/install/roboracer_description/share/roboracer_description/models/aws_robomaker_residential_PortraitD_01/materials/textures/aws_PortraitD_02.png
[4.917s] -- Symlinking: /home/loq/roboracer_ws/install/roboracer_description/share/roboracer_description/models/aws_robomaker_residential_PortraitD_01/meshes/aws_PortraitD_01_collision.DAE
[4.926s] -- Symlinking: /home/loq/roboracer_ws/install/roboracer_description/share/roboracer_description/models/aws_robomaker_residential_PortraitD_01/meshes/aws_PortraitD_01_visual.DAE
[4.935s] -- Symlinking: /home/loq/roboracer_ws/install/roboracer_description/share/roboracer_description/models/aws_robomaker_residential_PortraitD_01/model.config
[4.945s] -- Symlinking: /home/loq/roboracer_ws/install/roboracer_description/share/roboracer_description/models/aws_robomaker_residential_PortraitD_01/model.sdf
[4.955s] -- Symlinking: /home/loq/roboracer_ws/install/roboracer_description/share/roboracer_description/models/aws_robomaker_residential_PortraitD_02/materials/textures/aws_PortraitD_01.png
[4.964s] -- Symlinking: /home/loq/roboracer_ws/install/roboracer_description/share/roboracer_description/models/aws_robomaker_residential_PortraitD_02/materials/textures/aws_PortraitD_02.png
[4.974s] -- Symlinking: /home/loq/roboracer_ws/install/roboracer_description/share/roboracer_description/models/aws_robomaker_residential_PortraitD_02/meshes/aws_PortraitD_01_collision.DAE
[4.983s] -- Symlinking: /home/loq/roboracer_ws/install/roboracer_description/share/roboracer_description/models/aws_robomaker_residential_PortraitD_02/meshes/aws_PortraitD_01_visual.DAE
[4.993s] -- Symlinking: /home/loq/roboracer_ws/install/roboracer_description/share/roboracer_description/models/aws_robomaker_residential_PortraitD_02/model.config
[5.002s] -- Symlinking: /home/loq/roboracer_ws/install/roboracer_description/share/roboracer_description/models/aws_robomaker_residential_PortraitD_02/model.sdf
[5.011s] -- Symlinking: /home/loq/roboracer_ws/install/roboracer_description/share/roboracer_description/models/aws_robomaker_residential_PortraitE_01/materials/textures/aws_PortraitE_01.png
[5.022s] -- Symlinking: /home/loq/roboracer_ws/install/roboracer_description/share/roboracer_description/models/aws_robomaker_residential_PortraitE_01/materials/textures/aws_PortraitE_02.png
[5.031s] -- Symlinking: /home/loq/roboracer_ws/install/roboracer_description/share/roboracer_description/models/aws_robomaker_residential_PortraitE_01/meshes/aws_PortraitE_01_collision.DAE
[5.040s] -- Symlinking: /home/loq/roboracer_ws/install/roboracer_description/share/roboracer_description/models/aws_robomaker_residential_PortraitE_01/meshes/aws_PortraitE_01_visual.DAE
[5.049s] -- Symlinking: /home/loq/roboracer_ws/install/roboracer_description/share/roboracer_description/models/aws_robomaker_residential_PortraitE_01/model.config
[5.058s] -- Symlinking: /home/loq/roboracer_ws/install/roboracer_description/share/roboracer_description/models/aws_robomaker_residential_PortraitE_01/model.sdf
[5.072s] -- Symlinking: /home/loq/roboracer_ws/install/roboracer_description/share/roboracer_description/models/aws_robomaker_residential_PortraitE_02/materials/textures/aws_PortraitE_01.png
[5.083s] -- Symlinking: /home/loq/roboracer_ws/install/roboracer_description/share/roboracer_description/models/aws_robomaker_residential_PortraitE_02/materials/textures/aws_PortraitE_02.png
[5.092s] -- Symlinking: /home/loq/roboracer_ws/install/roboracer_description/share/roboracer_description/models/aws_robomaker_residential_PortraitE_02/meshes/aws_PortraitE_01_collision.DAE
[5.102s] -- Symlinking: /home/loq/roboracer_ws/install/roboracer_description/share/roboracer_description/models/aws_robomaker_residential_PortraitE_02/meshes/aws_PortraitE_01_visual.DAE
[5.111s] -- Symlinking: /home/loq/roboracer_ws/install/roboracer_description/share/roboracer_description/models/aws_robomaker_residential_PortraitE_02/model.config
[5.120s] -- Symlinking: /home/loq/roboracer_ws/install/roboracer_description/share/roboracer_description/models/aws_robomaker_residential_PortraitE_02/model.sdf
[5.129s] -- Symlinking: /home/loq/roboracer_ws/install/roboracer_description/share/roboracer_description/models/aws_robomaker_residential_Quilt_01/materials/textures/aws_Quilt_01.png
[5.138s] -- Symlinking: /home/loq/roboracer_ws/install/roboracer_description/share/roboracer_description/models/aws_robomaker_residential_Quilt_01/meshes/aws_Quilt_01_collision.DAE
[5.147s] -- Symlinking: /home/loq/roboracer_ws/install/roboracer_description/share/roboracer_description/models/aws_robomaker_residential_Quilt_01/meshes/aws_Quilt_01_visual.DAE
[5.156s] -- Symlinking: /home/loq/roboracer_ws/install/roboracer_description/share/roboracer_description/models/aws_robomaker_residential_Quilt_01/model.config
[5.165s] -- Symlinking: /home/loq/roboracer_ws/install/roboracer_description/share/roboracer_description/models/aws_robomaker_residential_Quilt_01/model.sdf
[5.174s] -- Symlinking: /home/loq/roboracer_ws/install/roboracer_description/share/roboracer_description/models/aws_robomaker_residential_Rangehood_01/materials/textures/aws_Rangehood_01.png
[5.186s] -- Symlinking: /home/loq/roboracer_ws/install/roboracer_description/share/roboracer_description/models/aws_robomaker_residential_Rangehood_01/meshes/aws_Rangehood_01_collision.DAE
[5.196s] -- Symlinking: /home/loq/roboracer_ws/install/roboracer_description/share/roboracer_description/models/aws_robomaker_residential_Rangehood_01/meshes/aws_Rangehood_01_visual.DAE
[5.204s] -- Symlinking: /home/loq/roboracer_ws/install/roboracer_description/share/roboracer_description/models/aws_robomaker_residential_Rangehood_01/model.config
[5.213s] -- Symlinking: /home/loq/roboracer_ws/install/roboracer_description/share/roboracer_description/models/aws_robomaker_residential_Rangehood_01/model.sdf
[5.222s] -- Symlinking: /home/loq/roboracer_ws/install/roboracer_description/share/roboracer_description/models/aws_robomaker_residential_ReadingDesk_01/materials/textures/aws_ReadingDesk_01.png
[5.232s] -- Symlinking: /home/loq/roboracer_ws/install/roboracer_description/share/roboracer_description/models/aws_robomaker_residential_ReadingDesk_01/meshes/aws_ReadingDesk_01_collision.DAE
[5.241s] -- Symlinking: /home/loq/roboracer_ws/install/roboracer_description/share/roboracer_description/models/aws_robomaker_residential_ReadingDesk_01/meshes/aws_ReadingDesk_01_visual.DAE
[5.250s] -- Symlinking: /home/loq/roboracer_ws/install/roboracer_description/share/roboracer_description/models/aws_robomaker_residential_ReadingDesk_01/model.config
[5.259s] -- Symlinking: /home/loq/roboracer_ws/install/roboracer_description/share/roboracer_description/models/aws_robomaker_residential_ReadingDesk_01/model.sdf
[5.269s] -- Symlinking: /home/loq/roboracer_ws/install/roboracer_description/share/roboracer_description/models/aws_robomaker_residential_Refrigerator_01/materials/textures/aws_Refrigerator_01.png
[5.278s] -- Symlinking: /home/loq/roboracer_ws/install/roboracer_description/share/roboracer_description/models/aws_robomaker_residential_Refrigerator_01/materials/textures/aws_Refrigerator_02.png
[5.288s] -- Symlinking: /home/loq/roboracer_ws/install/roboracer_description/share/roboracer_description/models/aws_robomaker_residential_Refrigerator_01/meshes/aws_Refrigerator_01.DAE
[5.301s] -- Symlinking: /home/loq/roboracer_ws/install/roboracer_description/share/roboracer_description/models/aws_robomaker_residential_Refrigerator_01/meshes/aws_Refrigerator_01_collision.DAE
[5.310s] -- Symlinking: /home/loq/roboracer_ws/install/roboracer_description/share/roboracer_description/models/aws_robomaker_residential_Refrigerator_01/meshes/aws_Refrigerator_01_visual.DAE
[5.319s] -- Symlinking: /home/loq/roboracer_ws/install/roboracer_description/share/roboracer_description/models/aws_robomaker_residential_Refrigerator_01/model.config
[5.329s] -- Symlinking: /home/loq/roboracer_ws/install/roboracer_description/share/roboracer_description/models/aws_robomaker_residential_Refrigerator_01/model.sdf
[5.339s] -- Symlinking: /home/loq/roboracer_ws/install/roboracer_description/share/roboracer_description/models/aws_robomaker_residential_RoomCeiling_01/materials/textures/aws_RoomCeiling_01.png
[5.348s] -- Symlinking: /home/loq/roboracer_ws/install/roboracer_description/share/roboracer_description/models/aws_robomaker_residential_RoomCeiling_01/meshes/aws_RoomCeiling_01_collision.DAE
[5.358s] -- Symlinking: /home/loq/roboracer_ws/install/roboracer_description/share/roboracer_description/models/aws_robomaker_residential_RoomCeiling_01/meshes/aws_RoomCeiling_01_visual.DAE
[5.368s] -- Symlinking: /home/loq/roboracer_ws/install/roboracer_description/share/roboracer_description/models/aws_robomaker_residential_RoomCeiling_01/model.config
[5.378s] -- Symlinking: /home/loq/roboracer_ws/install/roboracer_description/share/roboracer_description/models/aws_robomaker_residential_RoomCeiling_01/model.sdf
[5.387s] -- Symlinking: /home/loq/roboracer_ws/install/roboracer_description/share/roboracer_description/models/aws_robomaker_residential_RoomWall_01/materials/textures/aws_RoomWall_01.png
[5.396s] -- Symlinking: /home/loq/roboracer_ws/install/roboracer_description/share/roboracer_description/models/aws_robomaker_residential_RoomWall_01/meshes/aws_RoomWall_01_collision.DAE
[5.405s] -- Symlinking: /home/loq/roboracer_ws/install/roboracer_description/share/roboracer_description/models/aws_robomaker_residential_RoomWall_01/meshes/aws_RoomWall_01_visual.DAE
[5.414s] -- Symlinking: /home/loq/roboracer_ws/install/roboracer_description/share/roboracer_description/models/aws_robomaker_residential_RoomWall_01/model.config
[5.423s] -- Symlinking: /home/loq/roboracer_ws/install/roboracer_description/share/roboracer_description/models/aws_robomaker_residential_RoomWall_01/model.sdf
[5.432s] -- Symlinking: /home/loq/roboracer_ws/install/roboracer_description/share/roboracer_description/models/aws_robomaker_residential_RoomWindow_01/materials/textures/aws_RoomWindow_01.png
[5.444s] -- Symlinking: /home/loq/roboracer_ws/install/roboracer_description/share/roboracer_description/models/aws_robomaker_residential_RoomWindow_01/meshes/aws_RoomWindow_01_collision.DAE
[5.454s] -- Symlinking: /home/loq/roboracer_ws/install/roboracer_description/share/roboracer_description/models/aws_robomaker_residential_RoomWindow_01/meshes/aws_RoomWindow_01_visual.DAE
[5.472s] -- Symlinking: /home/loq/roboracer_ws/install/roboracer_description/share/roboracer_description/models/aws_robomaker_residential_RoomWindow_01/model.config
[5.482s] -- Symlinking: /home/loq/roboracer_ws/install/roboracer_description/share/roboracer_description/models/aws_robomaker_residential_RoomWindow_01/model.sdf
[5.495s] -- Symlinking: /home/loq/roboracer_ws/install/roboracer_description/share/roboracer_description/models/aws_robomaker_residential_SeasoningBox_01/materials/textures/aws_SeasoningBox_01.png
[5.507s] -- Symlinking: /home/loq/roboracer_ws/install/roboracer_description/share/roboracer_description/models/aws_robomaker_residential_SeasoningBox_01/meshes/aws_SeasoningBox_01_collision.DAE
[5.520s] -- Symlinking: /home/loq/roboracer_ws/install/roboracer_description/share/roboracer_description/models/aws_robomaker_residential_SeasoningBox_01/meshes/aws_SeasoningBox_01_visual.DAE
[5.532s] -- Symlinking: /home/loq/roboracer_ws/install/roboracer_description/share/roboracer_description/models/aws_robomaker_residential_SeasoningBox_01/model.config
[5.542s] -- Symlinking: /home/loq/roboracer_ws/install/roboracer_description/share/roboracer_description/models/aws_robomaker_residential_SeasoningBox_01/model.sdf
[5.555s] -- Symlinking: /home/loq/roboracer_ws/install/roboracer_description/share/roboracer_description/models/aws_robomaker_residential_SecurityCamera_01/materials/textures/aws_SecurityCamera_01.png
[5.565s] -- Symlinking: /home/loq/roboracer_ws/install/roboracer_description/share/roboracer_description/models/aws_robomaker_residential_SecurityCamera_01/meshes/aws_SecurityCamera_01_collision.DAE
[5.575s] -- Symlinking: /home/loq/roboracer_ws/install/roboracer_description/share/roboracer_description/models/aws_robomaker_residential_SecurityCamera_01/meshes/aws_SecurityCamera_01_visual.DAE
[5.584s] -- Symlinking: /home/loq/roboracer_ws/install/roboracer_description/share/roboracer_description/models/aws_robomaker_residential_SecurityCamera_01/model.config
[5.595s] -- Symlinking: /home/loq/roboracer_ws/install/roboracer_description/share/roboracer_description/models/aws_robomaker_residential_SecurityCamera_01/model.sdf
[5.604s] -- Symlinking: /home/loq/roboracer_ws/install/roboracer_description/share/roboracer_description/models/aws_robomaker_residential_ShoeRack_01/materials/textures/aws_ShoeRack_01.png
[5.614s] -- Symlinking: /home/loq/roboracer_ws/install/roboracer_description/share/roboracer_description/models/aws_robomaker_residential_ShoeRack_01/meshes/aws_ShoeRack_01_collision.DAE
[5.624s] -- Symlinking: /home/loq/roboracer_ws/install/roboracer_description/share/roboracer_description/models/aws_robomaker_residential_ShoeRack_01/meshes/aws_ShoeRack_01_visual.DAE
[5.634s] -- Symlinking: /home/loq/roboracer_ws/install/roboracer_description/share/roboracer_description/models/aws_robomaker_residential_ShoeRack_01/model.config
[5.645s] -- Symlinking: /home/loq/roboracer_ws/install/roboracer_description/share/roboracer_description/models/aws_robomaker_residential_ShoeRack_01/model.sdf
[5.654s] -- Symlinking: /home/loq/roboracer_ws/install/roboracer_description/share/roboracer_description/models/aws_robomaker_residential_SofaB_01/materials/textures/aws_SofaB_01.png
[5.664s] -- Symlinking: /home/loq/roboracer_ws/install/roboracer_description/share/roboracer_description/models/aws_robomaker_residential_SofaB_01/meshes/aws_SofaB_01_collision.DAE
[5.674s] -- Symlinking: /home/loq/roboracer_ws/install/roboracer_description/share/roboracer_description/models/aws_robomaker_residential_SofaB_01/meshes/aws_SofaB_01_visual.DAE
[5.683s] -- Symlinking: /home/loq/roboracer_ws/install/roboracer_description/share/roboracer_description/models/aws_robomaker_residential_SofaB_01/model.config
[5.692s] -- Symlinking: /home/loq/roboracer_ws/install/roboracer_description/share/roboracer_description/models/aws_robomaker_residential_SofaB_01/model.sdf
[5.702s] -- Symlinking: /home/loq/roboracer_ws/install/roboracer_description/share/roboracer_description/models/aws_robomaker_residential_SofaC_01/materials/textures/aws_SofaC_01.png
[5.711s] -- Symlinking: /home/loq/roboracer_ws/install/roboracer_description/share/roboracer_description/models/aws_robomaker_residential_SofaC_01/meshes/aws_SofaC_01_collision.DAE
[5.722s] -- Symlinking: /home/loq/roboracer_ws/install/roboracer_description/share/roboracer_description/models/aws_robomaker_residential_SofaC_01/meshes/aws_SofaC_01_visual.DAE
[5.732s] -- Symlinking: /home/loq/roboracer_ws/install/roboracer_description/share/roboracer_description/models/aws_robomaker_residential_SofaC_01/model.config
[5.743s] -- Symlinking: /home/loq/roboracer_ws/install/roboracer_description/share/roboracer_description/models/aws_robomaker_residential_SofaC_01/model.sdf
[5.753s] -- Symlinking: /home/loq/roboracer_ws/install/roboracer_description/share/roboracer_description/models/aws_robomaker_residential_Sofa_01/materials/textures/aws_Sofa_01.png
[5.764s] -- Symlinking: /home/loq/roboracer_ws/install/roboracer_description/share/roboracer_description/models/aws_robomaker_residential_Sofa_01/meshes/aws_Sofa_01.DAE
[5.774s] -- Symlinking: /home/loq/roboracer_ws/install/roboracer_description/share/roboracer_description/models/aws_robomaker_residential_Sofa_01/meshes/aws_Sofa_01_collision.DAE
[5.784s] -- Symlinking: /home/loq/roboracer_ws/install/roboracer_description/share/roboracer_description/models/aws_robomaker_residential_Sofa_01/meshes/aws_Sofa_01_visual.DAE
[5.795s] -- Symlinking: /home/loq/roboracer_ws/install/roboracer_description/share/roboracer_description/models/aws_robomaker_residential_Sofa_01/model.config
[5.806s] -- Symlinking: /home/loq/roboracer_ws/install/roboracer_description/share/roboracer_description/models/aws_robomaker_residential_Sofa_01/model.sdf
[5.816s] -- Symlinking: /home/loq/roboracer_ws/install/roboracer_description/share/roboracer_description/models/aws_robomaker_residential_TVCabinet_01/materials/textures/aws_TVCabinet_01.png
[5.825s] -- Symlinking: /home/loq/roboracer_ws/install/roboracer_description/share/roboracer_description/models/aws_robomaker_residential_TVCabinet_01/meshes/aws_TVCabinet_01_collision.DAE
[5.836s] -- Symlinking: /home/loq/roboracer_ws/install/roboracer_description/share/roboracer_description/models/aws_robomaker_residential_TVCabinet_01/meshes/aws_TVCabinet_01_visual.DAE
[5.848s] -- Symlinking: /home/loq/roboracer_ws/install/roboracer_description/share/roboracer_description/models/aws_robomaker_residential_TVCabinet_01/model.config
[5.856s] -- Symlinking: /home/loq/roboracer_ws/install/roboracer_description/share/roboracer_description/models/aws_robomaker_residential_TVCabinet_01/model.sdf
[5.866s] -- Symlinking: /home/loq/roboracer_ws/install/roboracer_description/share/roboracer_description/models/aws_robomaker_residential_TV_01/materials/textures/aws_TV_01.png
[5.876s] -- Symlinking: /home/loq/roboracer_ws/install/roboracer_description/share/roboracer_description/models/aws_robomaker_residential_TV_01/meshes/aws_TV_01_collision.DAE
[5.887s] -- Symlinking: /home/loq/roboracer_ws/install/roboracer_description/share/roboracer_description/models/aws_robomaker_residential_TV_01/meshes/aws_TV_01_visual.DAE
[5.906s] -- Symlinking: /home/loq/roboracer_ws/install/roboracer_description/share/roboracer_description/models/aws_robomaker_residential_TV_01/model.config
[5.915s] -- Symlinking: /home/loq/roboracer_ws/install/roboracer_description/share/roboracer_description/models/aws_robomaker_residential_TV_01/model.sdf
[5.929s] -- Symlinking: /home/loq/roboracer_ws/install/roboracer_description/share/roboracer_description/models/aws_robomaker_residential_TV_02/materials/textures/aws_TV_01.png
[5.943s] -- Symlinking: /home/loq/roboracer_ws/install/roboracer_description/share/roboracer_description/models/aws_robomaker_residential_TV_02/meshes/aws_TV_01_collision.DAE
[5.957s] -- Symlinking: /home/loq/roboracer_ws/install/roboracer_description/share/roboracer_description/models/aws_robomaker_residential_TV_02/meshes/aws_TV_01_visual.DAE
[5.967s] -- Symlinking: /home/loq/roboracer_ws/install/roboracer_description/share/roboracer_description/models/aws_robomaker_residential_TV_02/model.config
[5.978s] -- Symlinking: /home/loq/roboracer_ws/install/roboracer_description/share/roboracer_description/models/aws_robomaker_residential_TV_02/model.sdf
[5.988s] -- Symlinking: /home/loq/roboracer_ws/install/roboracer_description/share/roboracer_description/models/aws_robomaker_residential_Tablet_01/materials/textures/aws_Tablet_01_nologo.png
[5.998s] -- Symlinking: /home/loq/roboracer_ws/install/roboracer_description/share/roboracer_description/models/aws_robomaker_residential_Tablet_01/meshes/aws_Tablet_01_collision.DAE
[6.008s] -- Symlinking: /home/loq/roboracer_ws/install/roboracer_description/share/roboracer_description/models/aws_robomaker_residential_Tablet_01/meshes/aws_Tablet_01_visual.DAE
[6.017s] -- Symlinking: /home/loq/roboracer_ws/install/roboracer_description/share/roboracer_description/models/aws_robomaker_residential_Tablet_01/model.config
[6.028s] -- Symlinking: /home/loq/roboracer_ws/install/roboracer_description/share/roboracer_description/models/aws_robomaker_residential_Tablet_01/model.sdf
[6.038s] -- Symlinking: /home/loq/roboracer_ws/install/roboracer_description/share/roboracer_description/models/aws_robomaker_residential_Tableware_01/materials/textures/aws_Tableware_01.png
[6.048s] -- Symlinking: /home/loq/roboracer_ws/install/roboracer_description/share/roboracer_description/models/aws_robomaker_residential_Tableware_01/meshes/aws_Tableware_01_collision.DAE
[6.058s] -- Symlinking: /home/loq/roboracer_ws/install/roboracer_description/share/roboracer_description/models/aws_robomaker_residential_Tableware_01/meshes/aws_Tableware_01_visual.DAE
[6.067s] -- Symlinking: /home/loq/roboracer_ws/install/roboracer_description/share/roboracer_description/models/aws_robomaker_residential_Tableware_01/model.config
[6.077s] -- Symlinking: /home/loq/roboracer_ws/install/roboracer_description/share/roboracer_description/models/aws_robomaker_residential_Tableware_01/model.sdf
[6.086s] -- Symlinking: /home/loq/roboracer_ws/install/roboracer_description/share/roboracer_description/models/aws_robomaker_residential_Trash_01/materials/textures/aws_Trash_01.png
[6.096s] -- Symlinking: /home/loq/roboracer_ws/install/roboracer_description/share/roboracer_description/models/aws_robomaker_residential_Trash_01/meshes/aws_Trash_01_collision.DAE
[6.105s] -- Symlinking: /home/loq/roboracer_ws/install/roboracer_description/share/roboracer_description/models/aws_robomaker_residential_Trash_01/meshes/aws_Trash_01_visual.DAE
[6.115s] -- Symlinking: /home/loq/roboracer_ws/install/roboracer_description/share/roboracer_description/models/aws_robomaker_residential_Trash_01/model.config
[6.124s] -- Symlinking: /home/loq/roboracer_ws/install/roboracer_description/share/roboracer_description/models/aws_robomaker_residential_Trash_01/model.sdf
[6.136s] -- Symlinking: /home/loq/roboracer_ws/install/roboracer_description/share/roboracer_description/models/aws_robomaker_residential_Vase_01/materials/textures/aws_Vase_01.png
[6.146s] -- Symlinking: /home/loq/roboracer_ws/install/roboracer_description/share/roboracer_description/models/aws_robomaker_residential_Vase_01/meshes/aws_Vase_01_collision.DAE
[6.157s] -- Symlinking: /home/loq/roboracer_ws/install/roboracer_description/share/roboracer_description/models/aws_robomaker_residential_Vase_01/meshes/aws_Vase_01_visual.DAE
[6.167s] -- Symlinking: /home/loq/roboracer_ws/install/roboracer_description/share/roboracer_description/models/aws_robomaker_residential_Vase_01/model.config
[6.178s] -- Symlinking: /home/loq/roboracer_ws/install/roboracer_description/share/roboracer_description/models/aws_robomaker_residential_Vase_01/model.sdf
[6.190s] -- Symlinking: /home/loq/roboracer_ws/install/roboracer_description/share/roboracer_description/models/aws_robomaker_residential_Wardrobe_01/materials/textures/aws_Wardrobe_01.png
[6.201s] -- Symlinking: /home/loq/roboracer_ws/install/roboracer_description/share/roboracer_description/models/aws_robomaker_residential_Wardrobe_01/meshes/aws_Wardrobe_01_collision.DAE
[6.211s] -- Symlinking: /home/loq/roboracer_ws/install/roboracer_description/share/roboracer_description/models/aws_robomaker_residential_Wardrobe_01/meshes/aws_Wardrobe_01_visual.DAE
[6.221s] -- Symlinking: /home/loq/roboracer_ws/install/roboracer_description/share/roboracer_description/models/aws_robomaker_residential_Wardrobe_01/model.config
[6.231s] -- Symlinking: /home/loq/roboracer_ws/install/roboracer_description/share/roboracer_description/models/aws_robomaker_residential_Wardrobe_01/model.sdf
[6.240s] -- Symlinking: /home/loq/roboracer_ws/install/roboracer_description/share/roboracer_description/models/aws_robomaker_warehouse_Bucket_01/.DS_Store
[6.250s] -- Symlinking: /home/loq/roboracer_ws/install/roboracer_description/share/roboracer_description/models/aws_robomaker_warehouse_Bucket_01/materials/.DS_Store
[6.262s] -- Symlinking: /home/loq/roboracer_ws/install/roboracer_description/share/roboracer_description/models/aws_robomaker_warehouse_Bucket_01/materials/textures/aws_robomaker_warehouse_Bucket_01.png
[6.271s] -- Symlinking: /home/loq/roboracer_ws/install/roboracer_description/share/roboracer_description/models/aws_robomaker_warehouse_Bucket_01/meshes/aws_robomaker_warehouse_Bucket_01_collision.DAE
[6.281s] -- Symlinking: /home/loq/roboracer_ws/install/roboracer_description/share/roboracer_description/models/aws_robomaker_warehouse_Bucket_01/meshes/aws_robomaker_warehouse_Bucket_01_visual.DAE
[6.291s] -- Symlinking: /home/loq/roboracer_ws/install/roboracer_description/share/roboracer_description/models/aws_robomaker_warehouse_Bucket_01/model.config
[6.300s] -- Symlinking: /home/loq/roboracer_ws/install/roboracer_description/share/roboracer_description/models/aws_robomaker_warehouse_Bucket_01/model.sdf
[6.310s] -- Symlinking: /home/loq/roboracer_ws/install/roboracer_description/share/roboracer_description/models/aws_robomaker_warehouse_ClutteringA_01/.DS_Store
[6.319s] -- Symlinking: /home/loq/roboracer_ws/install/roboracer_description/share/roboracer_description/models/aws_robomaker_warehouse_ClutteringA_01/materials/.DS_Store
[6.328s] -- Symlinking: /home/loq/roboracer_ws/install/roboracer_description/share/roboracer_description/models/aws_robomaker_warehouse_ClutteringA_01/materials/textures/.DS_Store
[6.338s] -- Symlinking: /home/loq/roboracer_ws/install/roboracer_description/share/roboracer_description/models/aws_robomaker_warehouse_ClutteringA_01/materials/textures/aws_robomaker_warehouse_ClutteringA_01.png
[6.347s] -- Symlinking: /home/loq/roboracer_ws/install/roboracer_description/share/roboracer_description/models/aws_robomaker_warehouse_ClutteringA_01/materials/textures/aws_robomaker_warehouse_ClutteringA_02.png
[6.356s] -- Symlinking: /home/loq/roboracer_ws/install/roboracer_description/share/roboracer_description/models/aws_robomaker_warehouse_ClutteringA_01/materials/textures/aws_robomaker_warehouse_ClutteringA_03.png
[6.366s] -- Symlinking: /home/loq/roboracer_ws/install/roboracer_description/share/roboracer_description/models/aws_robomaker_warehouse_ClutteringA_01/meshes/aws_robomaker_warehouse_ClutteringA_01_collision.DAE
[6.378s] -- Symlinking: /home/loq/roboracer_ws/install/roboracer_description/share/roboracer_description/models/aws_robomaker_warehouse_ClutteringA_01/meshes/aws_robomaker_warehouse_ClutteringA_01_visual.DAE
[6.388s] -- Symlinking: /home/loq/roboracer_ws/install/roboracer_description/share/roboracer_description/models/aws_robomaker_warehouse_ClutteringA_01/model.config
[6.398s] -- Symlinking: /home/loq/roboracer_ws/install/roboracer_description/share/roboracer_description/models/aws_robomaker_warehouse_ClutteringA_01/model.sdf
[6.408s] -- Symlinking: /home/loq/roboracer_ws/install/roboracer_description/share/roboracer_description/models/aws_robomaker_warehouse_ClutteringC_01/materials/textures/aws_robomaker_warehouse_ClutteringC_01.png
[6.418s] -- Symlinking: /home/loq/roboracer_ws/install/roboracer_description/share/roboracer_description/models/aws_robomaker_warehouse_ClutteringC_01/materials/textures/aws_robomaker_warehouse_ClutteringC_02.png
[6.427s] -- Symlinking: /home/loq/roboracer_ws/install/roboracer_description/share/roboracer_description/models/aws_robomaker_warehouse_ClutteringC_01/meshes/aws_robomaker_warehouse_ClutteringC_01_collision.DAE
[6.437s] -- Symlinking: /home/loq/roboracer_ws/install/roboracer_description/share/roboracer_description/models/aws_robomaker_warehouse_ClutteringC_01/meshes/aws_robomaker_warehouse_ClutteringC_01_visual.DAE
[6.448s] -- Symlinking: /home/loq/roboracer_ws/install/roboracer_description/share/roboracer_description/models/aws_robomaker_warehouse_ClutteringC_01/model.config
[6.457s] -- Symlinking: /home/loq/roboracer_ws/install/roboracer_description/share/roboracer_description/models/aws_robomaker_warehouse_ClutteringC_01/model.sdf
[6.466s] -- Symlinking: /home/loq/roboracer_ws/install/roboracer_description/share/roboracer_description/models/aws_robomaker_warehouse_ClutteringD_01/materials/textures/aws_robomaker_warehouse_ClutteringD_01.png
[6.476s] -- Symlinking: /home/loq/roboracer_ws/install/roboracer_description/share/roboracer_description/models/aws_robomaker_warehouse_ClutteringD_01/materials/textures/aws_robomaker_warehouse_ClutteringD_02.png
[6.485s] -- Symlinking: /home/loq/roboracer_ws/install/roboracer_description/share/roboracer_description/models/aws_robomaker_warehouse_ClutteringD_01/meshes/aws_robomaker_warehouse_ClutteringD_01_collision.DAE
[6.495s] -- Symlinking: /home/loq/roboracer_ws/install/roboracer_description/share/roboracer_description/models/aws_robomaker_warehouse_ClutteringD_01/meshes/aws_robomaker_warehouse_ClutteringD_01_visual.DAE
[6.504s] -- Symlinking: /home/loq/roboracer_ws/install/roboracer_description/share/roboracer_description/models/aws_robomaker_warehouse_ClutteringD_01/model.config
[6.513s] -- Symlinking: /home/loq/roboracer_ws/install/roboracer_description/share/roboracer_description/models/aws_robomaker_warehouse_ClutteringD_01/model.sdf
[6.523s] -- Symlinking: /home/loq/roboracer_ws/install/roboracer_description/share/roboracer_description/models/aws_robomaker_warehouse_DeskC_01/materials/.DS_Store
[6.533s] -- Symlinking: /home/loq/roboracer_ws/install/roboracer_description/share/roboracer_description/models/aws_robomaker_warehouse_DeskC_01/materials/textures/aws_robomaker_warehouse_DeskC_01.png
[6.543s] -- Symlinking: /home/loq/roboracer_ws/install/roboracer_description/share/roboracer_description/models/aws_robomaker_warehouse_DeskC_01/materials/textures/aws_robomaker_warehouse_DeskC_02.png
[6.551s] -- Symlinking: /home/loq/roboracer_ws/install/roboracer_description/share/roboracer_description/models/aws_robomaker_warehouse_DeskC_01/materials/textures/aws_robomaker_warehouse_DeskC_03.png
[6.562s] -- Symlinking: /home/loq/roboracer_ws/install/roboracer_description/share/roboracer_description/models/aws_robomaker_warehouse_DeskC_01/materials/textures/aws_robomaker_warehouse_DeskC_03.psd
[6.573s] -- Symlinking: /home/loq/roboracer_ws/install/roboracer_description/share/roboracer_description/models/aws_robomaker_warehouse_DeskC_01/materials/textures/aws_robomaker_warehouse_DeskC_04.png
[6.583s] -- Symlinking: /home/loq/roboracer_ws/install/roboracer_description/share/roboracer_description/models/aws_robomaker_warehouse_DeskC_01/meshes/aws_robomaker_warehouse_DeskC_01_collision.DAE
[6.593s] -- Symlinking: /home/loq/roboracer_ws/install/roboracer_description/share/roboracer_description/models/aws_robomaker_warehouse_DeskC_01/meshes/aws_robomaker_warehouse_DeskC_01_visual.DAE
[6.603s] -- Symlinking: /home/loq/roboracer_ws/install/roboracer_description/share/roboracer_description/models/aws_robomaker_warehouse_DeskC_01/model.config
[6.612s] -- Symlinking: /home/loq/roboracer_ws/install/roboracer_description/share/roboracer_description/models/aws_robomaker_warehouse_DeskC_01/model.sdf
[6.622s] -- Symlinking: /home/loq/roboracer_ws/install/roboracer_description/share/roboracer_description/models/aws_robomaker_warehouse_GroundB_01/materials/textures/aws_robomaker_warehouse_GroundB_01.png
[6.632s] -- Symlinking: /home/loq/roboracer_ws/install/roboracer_description/share/roboracer_description/models/aws_robomaker_warehouse_GroundB_01/materials/textures/aws_robomaker_warehouse_GroundB_02.png
[6.642s] -- Symlinking: /home/loq/roboracer_ws/install/roboracer_description/share/roboracer_description/models/aws_robomaker_warehouse_GroundB_01/meshes/aws_robomaker_warehouse_GroundB_01_collision.DAE
[6.652s] -- Symlinking: /home/loq/roboracer_ws/install/roboracer_description/share/roboracer_description/models/aws_robomaker_warehouse_GroundB_01/meshes/aws_robomaker_warehouse_GroundB_01_visual.DAE
[6.661s] -- Symlinking: /home/loq/roboracer_ws/install/roboracer_description/share/roboracer_description/models/aws_robomaker_warehouse_GroundB_01/model.config
[6.670s] -- Symlinking: /home/loq/roboracer_ws/install/roboracer_description/share/roboracer_description/models/aws_robomaker_warehouse_GroundB_01/model.sdf
[6.679s] -- Symlinking: /home/loq/roboracer_ws/install/roboracer_description/share/roboracer_description/models/aws_robomaker_warehouse_Lamp_01/materials/textures/aws_robomaker_warehouse_Lamp_01.png
[6.688s] -- Symlinking: /home/loq/roboracer_ws/install/roboracer_description/share/roboracer_description/models/aws_robomaker_warehouse_Lamp_01/meshes/aws_robomaker_warehouse_Lamp_01_collision.DAE
[6.697s] -- Symlinking: /home/loq/roboracer_ws/install/roboracer_description/share/roboracer_description/models/aws_robomaker_warehouse_Lamp_01/meshes/aws_robomaker_warehouse_Lamp_01_visual.DAE
[6.706s] -- Symlinking: /home/loq/roboracer_ws/install/roboracer_description/share/roboracer_description/models/aws_robomaker_warehouse_Lamp_01/model.config
[6.715s] -- Symlinking: /home/loq/roboracer_ws/install/roboracer_description/share/roboracer_description/models/aws_robomaker_warehouse_Lamp_01/model.sdf
[6.725s] -- Symlinking: /home/loq/roboracer_ws/install/roboracer_description/share/roboracer_description/models/aws_robomaker_warehouse_PalletJackB_01/.DS_Store
[6.734s] -- Symlinking: /home/loq/roboracer_ws/install/roboracer_description/share/roboracer_description/models/aws_robomaker_warehouse_PalletJackB_01/materials/.DS_Store
[6.744s] -- Symlinking: /home/loq/roboracer_ws/install/roboracer_description/share/roboracer_description/models/aws_robomaker_warehouse_PalletJackB_01/materials/textures/aws_robomaker_warehouse_PalletJackB_01.png
[6.753s] -- Symlinking: /home/loq/roboracer_ws/install/roboracer_description/share/roboracer_description/models/aws_robomaker_warehouse_PalletJackB_01/materials/textures/aws_robomaker_warehouse_PalletJackB_02.png
[6.762s] -- Symlinking: /home/loq/roboracer_ws/install/roboracer_description/share/roboracer_description/models/aws_robomaker_warehouse_PalletJackB_01/meshes/aws_robomaker_warehouse_PalletJackB_01_collision.DAE
[6.771s] -- Symlinking: /home/loq/roboracer_ws/install/roboracer_description/share/roboracer_description/models/aws_robomaker_warehouse_PalletJackB_01/meshes/aws_robomaker_warehouse_PalletJackB_01_visual.DAE
[6.780s] -- Symlinking: /home/loq/roboracer_ws/install/roboracer_description/share/roboracer_description/models/aws_robomaker_warehouse_PalletJackB_01/model.config
[6.789s] -- Symlinking: /home/loq/roboracer_ws/install/roboracer_description/share/roboracer_description/models/aws_robomaker_warehouse_PalletJackB_01/model.sdf
[6.798s] -- Symlinking: /home/loq/roboracer_ws/install/roboracer_description/share/roboracer_description/models/aws_robomaker_warehouse_RoofB_01/materials/textures/aws_robomaker_warehouse_RoofB_01.png
[6.807s] -- Symlinking: /home/loq/roboracer_ws/install/roboracer_description/share/roboracer_description/models/aws_robomaker_warehouse_RoofB_01/meshes/aws_robomaker_warehouse_RoofB_01_collision.DAE
[6.817s] -- Symlinking: /home/loq/roboracer_ws/install/roboracer_description/share/roboracer_description/models/aws_robomaker_warehouse_RoofB_01/meshes/aws_robomaker_warehouse_RoofB_01_visual.DAE
[6.826s] -- Symlinking: /home/loq/roboracer_ws/install/roboracer_description/share/roboracer_description/models/aws_robomaker_warehouse_RoofB_01/model.config
[6.835s] -- Symlinking: /home/loq/roboracer_ws/install/roboracer_description/share/roboracer_description/models/aws_robomaker_warehouse_RoofB_01/model.sdf
[6.844s] -- Symlinking: /home/loq/roboracer_ws/install/roboracer_description/share/roboracer_description/models/aws_robomaker_warehouse_ShelfD_01/materials/textures/aws_robomaker_warehouse_ShelfD_01.png
[6.853s] -- Symlinking: /home/loq/roboracer_ws/install/roboracer_description/share/roboracer_description/models/aws_robomaker_warehouse_ShelfD_01/materials/textures/aws_robomaker_warehouse_ShelfD_02.png
[6.863s] -- Symlinking: /home/loq/roboracer_ws/install/roboracer_description/share/roboracer_description/models/aws_robomaker_warehouse_ShelfD_01/materials/textures/aws_robomaker_warehouse_ShelfD_03.png
[6.872s] -- Symlinking: /home/loq/roboracer_ws/install/roboracer_description/share/roboracer_description/models/aws_robomaker_warehouse_ShelfD_01/materials/textures/aws_robomaker_warehouse_ShelfD_04.png
[6.881s] -- Symlinking: /home/loq/roboracer_ws/install/roboracer_description/share/roboracer_description/models/aws_robomaker_warehouse_ShelfD_01/meshes/aws_robomaker_warehouse_ShelfD_01_collision.DAE
[6.891s] -- Symlinking: /home/loq/roboracer_ws/install/roboracer_description/share/roboracer_description/models/aws_robomaker_warehouse_ShelfD_01/meshes/aws_robomaker_warehouse_ShelfD_01_visual.DAE
[6.900s] -- Symlinking: /home/loq/roboracer_ws/install/roboracer_description/share/roboracer_description/models/aws_robomaker_warehouse_ShelfD_01/model.config
[6.909s] -- Symlinking: /home/loq/roboracer_ws/install/roboracer_description/share/roboracer_description/models/aws_robomaker_warehouse_ShelfD_01/model.sdf
[6.918s] -- Symlinking: /home/loq/roboracer_ws/install/roboracer_description/share/roboracer_description/models/aws_robomaker_warehouse_ShelfE_01/.DS_Store
[6.928s] -- Symlinking: /home/loq/roboracer_ws/install/roboracer_description/share/roboracer_description/models/aws_robomaker_warehouse_ShelfE_01/materials/.DS_Store
[6.937s] -- Symlinking: /home/loq/roboracer_ws/install/roboracer_description/share/roboracer_description/models/aws_robomaker_warehouse_ShelfE_01/materials/textures/aws_robomaker_warehouse_ShelfE_01.png
[6.946s] -- Symlinking: /home/loq/roboracer_ws/install/roboracer_description/share/roboracer_description/models/aws_robomaker_warehouse_ShelfE_01/materials/textures/aws_robomaker_warehouse_ShelfE_02.png
[6.956s] -- Symlinking: /home/loq/roboracer_ws/install/roboracer_description/share/roboracer_description/models/aws_robomaker_warehouse_ShelfE_01/materials/textures/aws_robomaker_warehouse_ShelfE_03.png
[6.964s] -- Symlinking: /home/loq/roboracer_ws/install/roboracer_description/share/roboracer_description/models/aws_robomaker_warehouse_ShelfE_01/materials/textures/aws_robomaker_warehouse_ShelfE_04.png
[6.973s] -- Symlinking: /home/loq/roboracer_ws/install/roboracer_description/share/roboracer_description/models/aws_robomaker_warehouse_ShelfE_01/meshes/aws_robomaker_warehouse_ShelfE_01_collision.DAE
[6.982s] -- Symlinking: /home/loq/roboracer_ws/install/roboracer_description/share/roboracer_description/models/aws_robomaker_warehouse_ShelfE_01/meshes/aws_robomaker_warehouse_ShelfE_01_visual.DAE
[6.992s] -- Symlinking: /home/loq/roboracer_ws/install/roboracer_description/share/roboracer_description/models/aws_robomaker_warehouse_ShelfE_01/model.config
[7.001s] -- Symlinking: /home/loq/roboracer_ws/install/roboracer_description/share/roboracer_description/models/aws_robomaker_warehouse_ShelfE_01/model.sdf
[7.010s] -- Symlinking: /home/loq/roboracer_ws/install/roboracer_description/share/roboracer_description/models/aws_robomaker_warehouse_ShelfF_01/materials/textures/aws_robomaker_warehouse_ShelfF_01.png
[7.020s] -- Symlinking: /home/loq/roboracer_ws/install/roboracer_description/share/roboracer_description/models/aws_robomaker_warehouse_ShelfF_01/materials/textures/aws_robomaker_warehouse_ShelfF_02.png
[7.029s] -- Symlinking: /home/loq/roboracer_ws/install/roboracer_description/share/roboracer_description/models/aws_robomaker_warehouse_ShelfF_01/materials/textures/aws_robomaker_warehouse_ShelfF_03.png
[7.039s] -- Symlinking: /home/loq/roboracer_ws/install/roboracer_description/share/roboracer_description/models/aws_robomaker_warehouse_ShelfF_01/meshes/aws_robomaker_warehouse_ShelfF_01_collision.DAE
[7.048s] -- Symlinking: /home/loq/roboracer_ws/install/roboracer_description/share/roboracer_description/models/aws_robomaker_warehouse_ShelfF_01/meshes/aws_robomaker_warehouse_ShelfF_01_visual.DAE
[7.057s] -- Symlinking: /home/loq/roboracer_ws/install/roboracer_description/share/roboracer_description/models/aws_robomaker_warehouse_ShelfF_01/model.config
[7.066s] -- Symlinking: /home/loq/roboracer_ws/install/roboracer_description/share/roboracer_description/models/aws_robomaker_warehouse_ShelfF_01/model.sdf
[7.075s] -- Symlinking: /home/loq/roboracer_ws/install/roboracer_description/share/roboracer_description/models/aws_robomaker_warehouse_TrashCanC_01/materials/textures/aws_robomaker_warehouse_TrashCanC_01.png
[7.084s] -- Symlinking: /home/loq/roboracer_ws/install/roboracer_description/share/roboracer_description/models/aws_robomaker_warehouse_TrashCanC_01/meshes/aws_robomaker_warehouse_TrashCanC_01_collision.DAE
[7.095s] -- Symlinking: /home/loq/roboracer_ws/install/roboracer_description/share/roboracer_description/models/aws_robomaker_warehouse_TrashCanC_01/meshes/aws_robomaker_warehouse_TrashCanC_01_visual.DAE
[7.104s] -- Symlinking: /home/loq/roboracer_ws/install/roboracer_description/share/roboracer_description/models/aws_robomaker_warehouse_TrashCanC_01/model.config
[7.113s] -- Symlinking: /home/loq/roboracer_ws/install/roboracer_description/share/roboracer_description/models/aws_robomaker_warehouse_TrashCanC_01/model.sdf
[7.123s] -- Symlinking: /home/loq/roboracer_ws/install/roboracer_description/share/roboracer_description/models/aws_robomaker_warehouse_WallB_01/materials/textures/aws_robomaker_warehouse_WallB_01.png
[7.132s] -- Symlinking: /home/loq/roboracer_ws/install/roboracer_description/share/roboracer_description/models/aws_robomaker_warehouse_WallB_01/meshes/aws_robomaker_warehouse_WallB_01_collision.DAE
[7.142s] -- Symlinking: /home/loq/roboracer_ws/install/roboracer_description/share/roboracer_description/models/aws_robomaker_warehouse_WallB_01/meshes/aws_robomaker_warehouse_WallB_01_visual.DAE
[7.150s] -- Symlinking: /home/loq/roboracer_ws/install/roboracer_description/share/roboracer_description/models/aws_robomaker_warehouse_WallB_01/model.config
[7.160s] -- Symlinking: /home/loq/roboracer_ws/install/roboracer_description/share/roboracer_description/models/aws_robomaker_warehouse_WallB_01/model.sdf
[7.169s] -- Symlinking: /home/loq/roboracer_ws/install/roboracer_description/share/roboracer_description/models/barca_track/model.config
[7.178s] -- Symlinking: /home/loq/roboracer_ws/install/roboracer_description/share/roboracer_description/models/barca_track/model.sdf
[7.187s] -- Symlinking: /home/loq/roboracer_ws/install/roboracer_description/share/roboracer_description/models/cone/model.config
[7.197s] -- Symlinking: /home/loq/roboracer_ws/install/roboracer_description/share/roboracer_description/models/cone/model.sdf
[7.207s] -- Symlinking: /home/loq/roboracer_ws/install/roboracer_description/share/roboracer_description/models/parking_1/model.config
[7.216s] -- Symlinking: /home/loq/roboracer_ws/install/roboracer_description/share/roboracer_description/models/parking_1/model.sdf
[7.226s] -- Symlinking: /home/loq/roboracer_ws/install/roboracer_description/share/roboracer_description/models/porto_track/model.config
[7.235s] -- Symlinking: /home/loq/roboracer_ws/install/roboracer_description/share/roboracer_description/models/porto_track/model.sdf
[7.244s] -- Symlinking: /home/loq/roboracer_ws/install/roboracer_description/share/roboracer_description/models/walker_racecourse/model.config
[7.253s] -- Symlinking: /home/loq/roboracer_ws/install/roboracer_description/share/roboracer_description/models/walker_racecourse/model.sdf
[7.263s] -- Symlinking: /home/loq/roboracer_ws/install/roboracer_description/share/roboracer_description/launch/display.launch.py
[7.272s] -- Symlinking: /home/loq/roboracer_ws/install/roboracer_description/share/roboracer_description/launch/gazebo.launch.py
[7.281s] -- Symlinking: /home/loq/roboracer_ws/install/roboracer_description/share/roboracer_description/launch/slam.launch.py
[7.290s] -- Symlinking: /home/loq/roboracer_ws/install/roboracer_description/share/roboracer_description/launch/wall_follow.launch.py
[7.299s] -- Symlinking: /home/loq/roboracer_ws/install/roboracer_description/share/roboracer_description/rviz/display.rviz
[7.308s] -- Symlinking: /home/loq/roboracer_ws/install/roboracer_description/share/roboracer_description/world/empty.world
[7.318s] -- Symlinking: /home/loq/roboracer_ws/install/roboracer_description/share/roboracer_description/world/levine_loop.world
[7.328s] -- Symlinking: /home/loq/roboracer_ws/install/roboracer_description/share/roboracer_description/world/small_house.world
[7.337s] -- Symlinking: /home/loq/roboracer_ws/install/roboracer_description/share/roboracer_description/world/small_warehouse.world
[7.347s] -- Symlinking: /home/loq/roboracer_ws/install/roboracer_description/share/roboracer_description/urdf/f1tenth_chassis.urdf
[7.356s] -- Symlinking: /home/loq/roboracer_ws/install/roboracer_description/share/roboracer_description/urdf/f1tenth_chassis_update.sdf
[7.366s] -- Symlinking: /home/loq/roboracer_ws/install/roboracer_description/share/roboracer_description/urdf/roborace_control.xacro
[7.375s] -- Symlinking: /home/loq/roboracer_ws/install/roboracer_description/share/roboracer_description/urdf/roborace_gazebo.xacro
[7.384s] -- Symlinking: /home/loq/roboracer_ws/install/roboracer_description/share/roboracer_description/urdf/roboracer_robot.sdf
[7.394s] -- Symlinking: /home/loq/roboracer_ws/install/roboracer_description/share/roboracer_description/photos/DeskPortraitA_01.jpg
[7.403s] -- Symlinking: /home/loq/roboracer_ws/install/roboracer_description/share/roboracer_description/photos/DeskPortraitA_02.jpg
[7.413s] -- Symlinking: /home/loq/roboracer_ws/install/roboracer_description/share/roboracer_description/photos/DeskPortraitB_01.jpg
[7.421s] -- Symlinking: /home/loq/roboracer_ws/install/roboracer_description/share/roboracer_description/photos/DeskPortraitB_02.jpg
[7.430s] -- Symlinking: /home/loq/roboracer_ws/install/roboracer_description/share/roboracer_description/photos/DeskPortraitC_01.jpg
[7.439s] -- Symlinking: /home/loq/roboracer_ws/install/roboracer_description/share/roboracer_description/photos/DeskPortraitC_02.jpg
[7.448s] -- Symlinking: /home/loq/roboracer_ws/install/roboracer_description/share/roboracer_description/photos/DeskPortraitD_01.jpg
[7.457s] -- Symlinking: /home/loq/roboracer_ws/install/roboracer_description/share/roboracer_description/photos/DeskPortraitD_02.jpg
[7.466s] -- Symlinking: /home/loq/roboracer_ws/install/roboracer_description/share/roboracer_description/photos/DeskPortraitD_03.jpg
[7.475s] -- Symlinking: /home/loq/roboracer_ws/install/roboracer_description/share/roboracer_description/photos/DeskPortraitD_04.jpg
[7.485s] -- Symlinking: /home/loq/roboracer_ws/install/roboracer_description/share/roboracer_description/photos/PortraitA_01.jpg
[7.493s] -- Symlinking: /home/loq/roboracer_ws/install/roboracer_description/share/roboracer_description/photos/PortraitA_02.jpg
[7.502s] -- Symlinking: /home/loq/roboracer_ws/install/roboracer_description/share/roboracer_description/photos/PortraitB_01.jpg
[7.511s] -- Symlinking: /home/loq/roboracer_ws/install/roboracer_description/share/roboracer_description/photos/PortraitB_02.jpg
[7.520s] -- Symlinking: /home/loq/roboracer_ws/install/roboracer_description/share/roboracer_description/photos/PortraitB_03.jpg
[7.530s] -- Symlinking: /home/loq/roboracer_ws/install/roboracer_description/share/roboracer_description/photos/PortraitC_01.jpg
[7.539s] -- Symlinking: /home/loq/roboracer_ws/install/roboracer_description/share/roboracer_description/photos/PortraitD_01.jpg
[7.548s] -- Symlinking: /home/loq/roboracer_ws/install/roboracer_description/share/roboracer_description/photos/PortraitD_02.jpg
[7.557s] -- Symlinking: /home/loq/roboracer_ws/install/roboracer_description/share/roboracer_description/photos/PortraitE_01.jpg
[7.566s] -- Symlinking: /home/loq/roboracer_ws/install/roboracer_description/share/roboracer_description/photos/PortraitE_02.jpg
[7.575s] -- Symlinking: /home/loq/roboracer_ws/install/roboracer_description/share/roboracer_description/maps/costmap_common_params.yaml
[7.584s] -- Symlinking: /home/loq/roboracer_ws/install/roboracer_description/share/roboracer_description/maps/levine.png
[7.593s] -- Symlinking: /home/loq/roboracer_ws/install/roboracer_description/share/roboracer_description/maps/levine.yaml
[7.602s] -- Symlinking: /home/loq/roboracer_ws/install/roboracer_description/share/roboracer_description/config/camera_configuration.yaml
[7.611s] -- Symlinking: /home/loq/roboracer_ws/install/roboracer_description/share/roboracer_description/config/camera_settings.yaml
[7.620s] -- Symlinking: /home/loq/roboracer_ws/install/roboracer_description/share/roboracer_description/config/orb_slam3_settings.yaml
[7.630s] -- Symlinking: /home/loq/roboracer_ws/install/roboracer_description/share/roboracer_description/config/slam_toolbox.yaml
[7.640s] -- Symlinking: /home/loq/roboracer_ws/install/roboracer_description/share/ament_index/resource_index/package_run_dependencies/roboracer_description
[7.649s] -- Symlinking: /home/loq/roboracer_ws/install/roboracer_description/share/ament_index/resource_index/parent_prefix_path/roboracer_description
[7.659s] -- Symlinking: /home/loq/roboracer_ws/install/roboracer_description/share/roboracer_description/environment/ament_prefix_path.sh
[7.668s] -- Symlinking: /home/loq/roboracer_ws/install/roboracer_description/share/roboracer_description/environment/ament_prefix_path.dsv
[7.677s] -- Symlinking: /home/loq/roboracer_ws/install/roboracer_description/share/roboracer_description/environment/path.sh
[7.687s] -- Symlinking: /home/loq/roboracer_ws/install/roboracer_description/share/roboracer_description/environment/path.dsv
[7.696s] -- Symlinking: /home/loq/roboracer_ws/install/roboracer_description/share/roboracer_description/local_setup.bash
[7.706s] -- Symlinking: /home/loq/roboracer_ws/install/roboracer_description/share/roboracer_description/local_setup.sh
[7.715s] -- Symlinking: /home/loq/roboracer_ws/install/roboracer_description/share/roboracer_description/local_setup.zsh
[7.725s] -- Symlinking: /home/loq/roboracer_ws/install/roboracer_description/share/roboracer_description/local_setup.dsv
[7.734s] -- Symlinking: /home/loq/roboracer_ws/install/roboracer_description/share/roboracer_description/package.dsv
[7.743s] -- Symlinking: /home/loq/roboracer_ws/install/roboracer_description/share/ament_index/resource_index/packages/roboracer_description
[7.752s] -- Symlinking: /home/loq/roboracer_ws/install/roboracer_description/share/roboracer_description/cmake/roboracer_descriptionConfig.cmake
[7.762s] -- Symlinking: /home/loq/roboracer_ws/install/roboracer_description/share/roboracer_description/cmake/roboracer_descriptionConfig-version.cmake
[7.771s] -- Symlinking: /home/loq/roboracer_ws/install/roboracer_description/share/roboracer_description/package.xml
[7.783s] Invoked command in '/home/loq/roboracer_ws/build/roboracer_description' returned '0': CMAKE_PREFIX_PATH=${CMAKE_PREFIX_PATH}:/home/loq/drivingcar_ws/install/self_driving_car_pkg:/home/loq/bumperbot_ws/install/bumperbot_py_example:/home/loq/roboracer_ws/install/roboracer_yolov8_detector:/home/loq/roboracer_ws/install/roboracer_py:/home/loq/ros2_action_ws/install/lifecycle_py:/home/loq/ros2_action_ws/install/action_py:/opt/ros/humble /usr/bin/cmake --install /home/loq/roboracer_ws/build/roboracer_description
