[0.035s] Invoking command in '/home/loq/roboracer_ws/build/roboracer_description': CMAKE_PREFIX_PATH=${CMAKE_PREFIX_PATH}:/home/loq/drivingcar_ws/install/self_driving_car_pkg:/home/loq/bumperbot_ws/install/bumperbot_py_example:/home/loq/roboracer_ws/install/roboracer_yolov8_detector:/home/loq/roboracer_ws/install/roboracer_py:/home/loq/ros2_action_ws/install/lifecycle_py:/home/loq/ros2_action_ws/install/action_py:/opt/ros/humble /usr/bin/cmake /home/loq/roboracer_ws/src/roboracer_description -DAMENT_CMAKE_SYMLINK_INSTALL=1 -DCMAKE_INSTALL_PREFIX=/home/loq/roboracer_ws/install/roboracer_description
[0.289s] -- Found ament_cmake: 1.3.11 (/opt/ros/humble/share/ament_cmake/cmake)
[0.289s] -- Override CMake install command with custom implementation using symlinks instead of copying resources
[0.289s] -- Found ament_lint_auto: 0.12.12 (/opt/ros/humble/share/ament_lint_auto/cmake)
[0.289s] -- Configuring done
[0.289s] -- Generating done
[0.290s] -- Build files have been written to: /home/loq/roboracer_ws/build/roboracer_description
[0.536s] Invoked command in '/home/loq/roboracer_ws/build/roboracer_description' returned '0': CMAKE_PREFIX_PATH=${CMAKE_PREFIX_PATH}:/home/loq/drivingcar_ws/install/self_driving_car_pkg:/home/loq/bumperbot_ws/install/bumperbot_py_example:/home/loq/roboracer_ws/install/roboracer_yolov8_detector:/home/loq/roboracer_ws/install/roboracer_py:/home/loq/ros2_action_ws/install/lifecycle_py:/home/loq/ros2_action_ws/install/action_py:/opt/ros/humble /usr/bin/cmake /home/loq/roboracer_ws/src/roboracer_description -DAMENT_CMAKE_SYMLINK_INSTALL=1 -DCMAKE_INSTALL_PREFIX=/home/loq/roboracer_ws/install/roboracer_description
[0.537s] Invoking command in '/home/loq/roboracer_ws/build/roboracer_description': CMAKE_PREFIX_PATH=${CMAKE_PREFIX_PATH}:/home/loq/drivingcar_ws/install/self_driving_car_pkg:/home/loq/bumperbot_ws/install/bumperbot_py_example:/home/loq/roboracer_ws/install/roboracer_yolov8_detector:/home/loq/roboracer_ws/install/roboracer_py:/home/loq/ros2_action_ws/install/lifecycle_py:/home/loq/ros2_action_ws/install/action_py:/opt/ros/humble /usr/bin/cmake --build /home/loq/roboracer_ws/build/roboracer_description -- -j8 -l8
[0.577s] Invoked command in '/home/loq/roboracer_ws/build/roboracer_description' returned '0': CMAKE_PREFIX_PATH=${CMAKE_PREFIX_PATH}:/home/loq/drivingcar_ws/install/self_driving_car_pkg:/home/loq/bumperbot_ws/install/bumperbot_py_example:/home/loq/roboracer_ws/install/roboracer_yolov8_detector:/home/loq/roboracer_ws/install/roboracer_py:/home/loq/ros2_action_ws/install/lifecycle_py:/home/loq/ros2_action_ws/install/action_py:/opt/ros/humble /usr/bin/cmake --build /home/loq/roboracer_ws/build/roboracer_description -- -j8 -l8
[0.588s] Invoking command in '/home/loq/roboracer_ws/build/roboracer_description': CMAKE_PREFIX_PATH=${CMAKE_PREFIX_PATH}:/home/loq/drivingcar_ws/install/self_driving_car_pkg:/home/loq/bumperbot_ws/install/bumperbot_py_example:/home/loq/roboracer_ws/install/roboracer_yolov8_detector:/home/loq/roboracer_ws/install/roboracer_py:/home/loq/ros2_action_ws/install/lifecycle_py:/home/loq/ros2_action_ws/install/action_py:/opt/ros/humble /usr/bin/cmake --install /home/loq/roboracer_ws/build/roboracer_description
[0.595s] -- Install configuration: ""
[0.595s] -- Execute custom install script
[0.596s] -- Symlinking: /home/loq/roboracer_ws/install/roboracer_description/share/roboracer_description/meshes/chassis.stl
[0.608s] -- Symlinking: /home/loq/roboracer_ws/install/roboracer_description/share/roboracer_description/meshes/hinge.stl
[0.619s] -- Symlinking: /home/loq/roboracer_ws/install/roboracer_description/share/roboracer_description/meshes/hokuyo.stl
[0.630s] -- Symlinking: /home/loq/roboracer_ws/install/roboracer_description/share/roboracer_description/meshes/laser_link.STL
[0.641s] -- Symlinking: /home/loq/roboracer_ws/install/roboracer_description/share/roboracer_description/meshes/left_wheel.stl
[0.653s] -- Symlinking: /home/loq/roboracer_ws/install/roboracer_description/share/roboracer_description/meshes/parking_1.dae
[0.665s] -- Symlinking: /home/loq/roboracer_ws/install/roboracer_description/share/roboracer_description/meshes/right_wheel.stl
[0.677s] -- Symlinking: /home/loq/roboracer_ws/install/roboracer_description/share/roboracer_description/meshes/world.obj
[0.701s] -- Symlinking: /home/loq/roboracer_ws/install/roboracer_description/share/roboracer_description/models/MIT_Tunnel/model.config
[0.715s] -- Symlinking: /home/loq/roboracer_ws/install/roboracer_description/share/roboracer_description/models/MIT_Tunnel/model.sdf
[0.728s] -- Symlinking: /home/loq/roboracer_ws/install/roboracer_description/share/roboracer_description/models/ar_tags/marker0/marker0/marker0/model-1_5.sdf
[0.740s] -- Symlinking: /home/loq/roboracer_ws/install/roboracer_description/share/roboracer_description/models/ar_tags/marker0/marker0/marker0/model.config
[0.752s] -- Symlinking: /home/loq/roboracer_ws/install/roboracer_description/share/roboracer_description/models/ar_tags/marker0/marker0/model-1_5.sdf
[0.761s] -- Symlinking: /home/loq/roboracer_ws/install/roboracer_description/share/roboracer_description/models/ar_tags/marker0/marker0/model.config
[0.770s] -- Symlinking: /home/loq/roboracer_ws/install/roboracer_description/share/roboracer_description/models/ar_tags/marker0/materials/textures/Marker0.png
[0.781s] -- Symlinking: /home/loq/roboracer_ws/install/roboracer_description/share/roboracer_description/models/ar_tags/marker0/meshes/Marker0.dae
[0.792s] -- Symlinking: /home/loq/roboracer_ws/install/roboracer_description/share/roboracer_description/models/ar_tags/marker0/model-1_4.sdf
[0.806s] -- Symlinking: /home/loq/roboracer_ws/install/roboracer_description/share/roboracer_description/models/ar_tags/marker0/model-1_5.sdf
[0.816s] -- Symlinking: /home/loq/roboracer_ws/install/roboracer_description/share/roboracer_description/models/ar_tags/marker0/model.config
[0.826s] -- Symlinking: /home/loq/roboracer_ws/install/roboracer_description/share/roboracer_description/models/ar_tags/marker0/model.sdf
[0.836s] -- Symlinking: /home/loq/roboracer_ws/install/roboracer_description/share/roboracer_description/models/ar_tags/marker1/marker0/marker0/model-1_5.sdf
[0.846s] -- Symlinking: /home/loq/roboracer_ws/install/roboracer_description/share/roboracer_description/models/ar_tags/marker1/marker0/marker0/model.config
[0.856s] -- Symlinking: /home/loq/roboracer_ws/install/roboracer_description/share/roboracer_description/models/ar_tags/marker1/marker0/model-1_5.sdf
[0.866s] -- Symlinking: /home/loq/roboracer_ws/install/roboracer_description/share/roboracer_description/models/ar_tags/marker1/marker0/model.config
[0.877s] -- Symlinking: /home/loq/roboracer_ws/install/roboracer_description/share/roboracer_description/models/ar_tags/marker1/materials/textures/Marker1.png
[0.887s] -- Symlinking: /home/loq/roboracer_ws/install/roboracer_description/share/roboracer_description/models/ar_tags/marker1/meshes/Marker1.dae
[0.897s] -- Symlinking: /home/loq/roboracer_ws/install/roboracer_description/share/roboracer_description/models/ar_tags/marker1/model-1_4.sdf
[0.909s] -- Symlinking: /home/loq/roboracer_ws/install/roboracer_description/share/roboracer_description/models/ar_tags/marker1/model-1_5.sdf
[0.918s] -- Symlinking: /home/loq/roboracer_ws/install/roboracer_description/share/roboracer_description/models/ar_tags/marker1/model.config
[0.929s] -- Symlinking: /home/loq/roboracer_ws/install/roboracer_description/share/roboracer_description/models/ar_tags/marker1/model.sdf
[0.938s] -- Symlinking: /home/loq/roboracer_ws/install/roboracer_description/share/roboracer_description/models/ar_tags/marker10/marker0/marker0/model-1_5.sdf
[0.947s] -- Symlinking: /home/loq/roboracer_ws/install/roboracer_description/share/roboracer_description/models/ar_tags/marker10/marker0/marker0/model.config
[0.955s] -- Symlinking: /home/loq/roboracer_ws/install/roboracer_description/share/roboracer_description/models/ar_tags/marker10/marker0/model-1_5.sdf
[0.964s] -- Symlinking: /home/loq/roboracer_ws/install/roboracer_description/share/roboracer_description/models/ar_tags/marker10/marker0/model.config
[0.974s] -- Symlinking: /home/loq/roboracer_ws/install/roboracer_description/share/roboracer_description/models/ar_tags/marker10/materials/textures/Marker10.png
[0.983s] -- Symlinking: /home/loq/roboracer_ws/install/roboracer_description/share/roboracer_description/models/ar_tags/marker10/meshes/Marker10.dae
[0.992s] -- Symlinking: /home/loq/roboracer_ws/install/roboracer_description/share/roboracer_description/models/ar_tags/marker10/model-1_4.sdf
[1.001s] -- Symlinking: /home/loq/roboracer_ws/install/roboracer_description/share/roboracer_description/models/ar_tags/marker10/model-1_5.sdf
[1.010s] -- Symlinking: /home/loq/roboracer_ws/install/roboracer_description/share/roboracer_description/models/ar_tags/marker10/model.config
[1.019s] -- Symlinking: /home/loq/roboracer_ws/install/roboracer_description/share/roboracer_description/models/ar_tags/marker10/model.sdf
[1.028s] -- Symlinking: /home/loq/roboracer_ws/install/roboracer_description/share/roboracer_description/models/ar_tags/marker11/marker0/marker0/model-1_5.sdf
[1.037s] -- Symlinking: /home/loq/roboracer_ws/install/roboracer_description/share/roboracer_description/models/ar_tags/marker11/marker0/marker0/model.config
[1.046s] -- Symlinking: /home/loq/roboracer_ws/install/roboracer_description/share/roboracer_description/models/ar_tags/marker11/marker0/model-1_5.sdf
[1.055s] -- Symlinking: /home/loq/roboracer_ws/install/roboracer_description/share/roboracer_description/models/ar_tags/marker11/marker0/model.config
[1.065s] -- Symlinking: /home/loq/roboracer_ws/install/roboracer_description/share/roboracer_description/models/ar_tags/marker11/materials/textures/Marker11.png
[1.073s] -- Symlinking: /home/loq/roboracer_ws/install/roboracer_description/share/roboracer_description/models/ar_tags/marker11/meshes/Marker11.dae
[1.083s] -- Symlinking: /home/loq/roboracer_ws/install/roboracer_description/share/roboracer_description/models/ar_tags/marker11/model-1_4.sdf
[1.091s] -- Symlinking: /home/loq/roboracer_ws/install/roboracer_description/share/roboracer_description/models/ar_tags/marker11/model-1_5.sdf
[1.100s] -- Symlinking: /home/loq/roboracer_ws/install/roboracer_description/share/roboracer_description/models/ar_tags/marker11/model.config
[1.109s] -- Symlinking: /home/loq/roboracer_ws/install/roboracer_description/share/roboracer_description/models/ar_tags/marker11/model.sdf
[1.118s] -- Symlinking: /home/loq/roboracer_ws/install/roboracer_description/share/roboracer_description/models/ar_tags/marker12/marker0/marker0/model-1_5.sdf
[1.127s] -- Symlinking: /home/loq/roboracer_ws/install/roboracer_description/share/roboracer_description/models/ar_tags/marker12/marker0/marker0/model.config
[1.136s] -- Symlinking: /home/loq/roboracer_ws/install/roboracer_description/share/roboracer_description/models/ar_tags/marker12/marker0/model-1_5.sdf
[1.144s] -- Symlinking: /home/loq/roboracer_ws/install/roboracer_description/share/roboracer_description/models/ar_tags/marker12/marker0/model.config
[1.154s] -- Symlinking: /home/loq/roboracer_ws/install/roboracer_description/share/roboracer_description/models/ar_tags/marker12/materials/textures/Marker12.png
[1.163s] -- Symlinking: /home/loq/roboracer_ws/install/roboracer_description/share/roboracer_description/models/ar_tags/marker12/meshes/Marker12.dae
[1.172s] -- Symlinking: /home/loq/roboracer_ws/install/roboracer_description/share/roboracer_description/models/ar_tags/marker12/model-1_4.sdf
[1.181s] -- Symlinking: /home/loq/roboracer_ws/install/roboracer_description/share/roboracer_description/models/ar_tags/marker12/model-1_5.sdf
[1.189s] -- Symlinking: /home/loq/roboracer_ws/install/roboracer_description/share/roboracer_description/models/ar_tags/marker12/model.config
[1.199s] -- Symlinking: /home/loq/roboracer_ws/install/roboracer_description/share/roboracer_description/models/ar_tags/marker12/model.sdf
[1.207s] -- Symlinking: /home/loq/roboracer_ws/install/roboracer_description/share/roboracer_description/models/ar_tags/marker13/marker0/marker0/model-1_5.sdf
[1.216s] -- Symlinking: /home/loq/roboracer_ws/install/roboracer_description/share/roboracer_description/models/ar_tags/marker13/marker0/marker0/model.config
[1.228s] -- Symlinking: /home/loq/roboracer_ws/install/roboracer_description/share/roboracer_description/models/ar_tags/marker13/marker0/model-1_5.sdf
[1.250s] -- Symlinking: /home/loq/roboracer_ws/install/roboracer_description/share/roboracer_description/models/ar_tags/marker13/marker0/model.config
[1.267s] -- Symlinking: /home/loq/roboracer_ws/install/roboracer_description/share/roboracer_description/models/ar_tags/marker13/materials/textures/Marker13.png
[1.283s] -- Symlinking: /home/loq/roboracer_ws/install/roboracer_description/share/roboracer_description/models/ar_tags/marker13/meshes/Marker13.dae
[1.295s] -- Symlinking: /home/loq/roboracer_ws/install/roboracer_description/share/roboracer_description/models/ar_tags/marker13/model-1_4.sdf
[1.305s] -- Symlinking: /home/loq/roboracer_ws/install/roboracer_description/share/roboracer_description/models/ar_tags/marker13/model-1_5.sdf
[1.316s] -- Symlinking: /home/loq/roboracer_ws/install/roboracer_description/share/roboracer_description/models/ar_tags/marker13/model.config
[1.326s] -- Symlinking: /home/loq/roboracer_ws/install/roboracer_description/share/roboracer_description/models/ar_tags/marker13/model.sdf
[1.335s] -- Symlinking: /home/loq/roboracer_ws/install/roboracer_description/share/roboracer_description/models/ar_tags/marker14/marker0/marker0/model-1_5.sdf
[1.344s] -- Symlinking: /home/loq/roboracer_ws/install/roboracer_description/share/roboracer_description/models/ar_tags/marker14/marker0/marker0/model.config
[1.353s] -- Symlinking: /home/loq/roboracer_ws/install/roboracer_description/share/roboracer_description/models/ar_tags/marker14/marker0/model-1_5.sdf
[1.364s] -- Symlinking: /home/loq/roboracer_ws/install/roboracer_description/share/roboracer_description/models/ar_tags/marker14/marker0/model.config
[1.374s] -- Symlinking: /home/loq/roboracer_ws/install/roboracer_description/share/roboracer_description/models/ar_tags/marker14/materials/textures/Marker14.png
[1.384s] -- Symlinking: /home/loq/roboracer_ws/install/roboracer_description/share/roboracer_description/models/ar_tags/marker14/meshes/Marker14.dae
[1.395s] -- Symlinking: /home/loq/roboracer_ws/install/roboracer_description/share/roboracer_description/models/ar_tags/marker14/model-1_4.sdf
[1.405s] -- Symlinking: /home/loq/roboracer_ws/install/roboracer_description/share/roboracer_description/models/ar_tags/marker14/model-1_5.sdf
[1.415s] -- Symlinking: /home/loq/roboracer_ws/install/roboracer_description/share/roboracer_description/models/ar_tags/marker14/model.config
[1.425s] -- Symlinking: /home/loq/roboracer_ws/install/roboracer_description/share/roboracer_description/models/ar_tags/marker14/model.sdf
[1.434s] -- Symlinking: /home/loq/roboracer_ws/install/roboracer_description/share/roboracer_description/models/ar_tags/marker15/marker0/marker0/model-1_5.sdf
[1.443s] -- Symlinking: /home/loq/roboracer_ws/install/roboracer_description/share/roboracer_description/models/ar_tags/marker15/marker0/marker0/model.config
[1.452s] -- Symlinking: /home/loq/roboracer_ws/install/roboracer_description/share/roboracer_description/models/ar_tags/marker15/marker0/model-1_5.sdf
[1.461s] -- Symlinking: /home/loq/roboracer_ws/install/roboracer_description/share/roboracer_description/models/ar_tags/marker15/marker0/model.config
[1.470s] -- Symlinking: /home/loq/roboracer_ws/install/roboracer_description/share/roboracer_description/models/ar_tags/marker15/materials/textures/Marker15.png
[1.480s] -- Symlinking: /home/loq/roboracer_ws/install/roboracer_description/share/roboracer_description/models/ar_tags/marker15/meshes/Marker15.dae
[1.489s] -- Symlinking: /home/loq/roboracer_ws/install/roboracer_description/share/roboracer_description/models/ar_tags/marker15/model-1_4.sdf
[1.498s] -- Symlinking: /home/loq/roboracer_ws/install/roboracer_description/share/roboracer_description/models/ar_tags/marker15/model-1_5.sdf
[1.507s] -- Symlinking: /home/loq/roboracer_ws/install/roboracer_description/share/roboracer_description/models/ar_tags/marker15/model.config
[1.517s] -- Symlinking: /home/loq/roboracer_ws/install/roboracer_description/share/roboracer_description/models/ar_tags/marker15/model.sdf
[1.527s] -- Symlinking: /home/loq/roboracer_ws/install/roboracer_description/share/roboracer_description/models/ar_tags/marker16/marker0/marker0/model-1_5.sdf
[1.538s] -- Symlinking: /home/loq/roboracer_ws/install/roboracer_description/share/roboracer_description/models/ar_tags/marker16/marker0/marker0/model.config
[1.548s] -- Symlinking: /home/loq/roboracer_ws/install/roboracer_description/share/roboracer_description/models/ar_tags/marker16/marker0/model-1_5.sdf
[1.557s] -- Symlinking: /home/loq/roboracer_ws/install/roboracer_description/share/roboracer_description/models/ar_tags/marker16/marker0/model.config
[1.567s] -- Symlinking: /home/loq/roboracer_ws/install/roboracer_description/share/roboracer_description/models/ar_tags/marker16/materials/textures/Marker16.png
[1.576s] -- Symlinking: /home/loq/roboracer_ws/install/roboracer_description/share/roboracer_description/models/ar_tags/marker16/meshes/Marker16.dae
[1.585s] -- Symlinking: /home/loq/roboracer_ws/install/roboracer_description/share/roboracer_description/models/ar_tags/marker16/model-1_4.sdf
[1.594s] -- Symlinking: /home/loq/roboracer_ws/install/roboracer_description/share/roboracer_description/models/ar_tags/marker16/model-1_5.sdf
[1.603s] -- Symlinking: /home/loq/roboracer_ws/install/roboracer_description/share/roboracer_description/models/ar_tags/marker16/model.config
[1.612s] -- Symlinking: /home/loq/roboracer_ws/install/roboracer_description/share/roboracer_description/models/ar_tags/marker16/model.sdf
[1.621s] -- Symlinking: /home/loq/roboracer_ws/install/roboracer_description/share/roboracer_description/models/ar_tags/marker17/marker0/marker0/model-1_5.sdf
[1.631s] -- Symlinking: /home/loq/roboracer_ws/install/roboracer_description/share/roboracer_description/models/ar_tags/marker17/marker0/marker0/model.config
[1.641s] -- Symlinking: /home/loq/roboracer_ws/install/roboracer_description/share/roboracer_description/models/ar_tags/marker17/marker0/model-1_5.sdf
[1.650s] -- Symlinking: /home/loq/roboracer_ws/install/roboracer_description/share/roboracer_description/models/ar_tags/marker17/marker0/model.config
[1.659s] -- Symlinking: /home/loq/roboracer_ws/install/roboracer_description/share/roboracer_description/models/ar_tags/marker17/materials/textures/Marker17.png
[1.668s] -- Symlinking: /home/loq/roboracer_ws/install/roboracer_description/share/roboracer_description/models/ar_tags/marker17/meshes/Marker17.dae
[1.677s] -- Symlinking: /home/loq/roboracer_ws/install/roboracer_description/share/roboracer_description/models/ar_tags/marker17/model-1_4.sdf
[1.686s] -- Symlinking: /home/loq/roboracer_ws/install/roboracer_description/share/roboracer_description/models/ar_tags/marker17/model-1_5.sdf
[1.696s] -- Symlinking: /home/loq/roboracer_ws/install/roboracer_description/share/roboracer_description/models/ar_tags/marker17/model.config
[1.705s] -- Symlinking: /home/loq/roboracer_ws/install/roboracer_description/share/roboracer_description/models/ar_tags/marker17/model.sdf
[1.714s] -- Symlinking: /home/loq/roboracer_ws/install/roboracer_description/share/roboracer_description/models/ar_tags/marker2/marker0/marker0/model-1_5.sdf
[1.723s] -- Symlinking: /home/loq/roboracer_ws/install/roboracer_description/share/roboracer_description/models/ar_tags/marker2/marker0/marker0/model.config
[1.733s] -- Symlinking: /home/loq/roboracer_ws/install/roboracer_description/share/roboracer_description/models/ar_tags/marker2/marker0/model-1_5.sdf
[1.742s] -- Symlinking: /home/loq/roboracer_ws/install/roboracer_description/share/roboracer_description/models/ar_tags/marker2/marker0/model.config
[1.751s] -- Symlinking: /home/loq/roboracer_ws/install/roboracer_description/share/roboracer_description/models/ar_tags/marker2/materials/textures/Marker2.png
[1.759s] -- Symlinking: /home/loq/roboracer_ws/install/roboracer_description/share/roboracer_description/models/ar_tags/marker2/meshes/Marker2.dae
[1.769s] -- Symlinking: /home/loq/roboracer_ws/install/roboracer_description/share/roboracer_description/models/ar_tags/marker2/model-1_4.sdf
[1.777s] -- Symlinking: /home/loq/roboracer_ws/install/roboracer_description/share/roboracer_description/models/ar_tags/marker2/model-1_5.sdf
[1.787s] -- Symlinking: /home/loq/roboracer_ws/install/roboracer_description/share/roboracer_description/models/ar_tags/marker2/model.config
[1.796s] -- Symlinking: /home/loq/roboracer_ws/install/roboracer_description/share/roboracer_description/models/ar_tags/marker2/model.sdf
[1.805s] -- Symlinking: /home/loq/roboracer_ws/install/roboracer_description/share/roboracer_description/models/ar_tags/marker3/marker0/marker0/model-1_5.sdf
[1.814s] -- Symlinking: /home/loq/roboracer_ws/install/roboracer_description/share/roboracer_description/models/ar_tags/marker3/marker0/marker0/model.config
[1.823s] -- Symlinking: /home/loq/roboracer_ws/install/roboracer_description/share/roboracer_description/models/ar_tags/marker3/marker0/model-1_5.sdf
[1.833s] -- Symlinking: /home/loq/roboracer_ws/install/roboracer_description/share/roboracer_description/models/ar_tags/marker3/marker0/model.config
[1.842s] -- Symlinking: /home/loq/roboracer_ws/install/roboracer_description/share/roboracer_description/models/ar_tags/marker3/materials/textures/Marker3.png
[1.851s] -- Symlinking: /home/loq/roboracer_ws/install/roboracer_description/share/roboracer_description/models/ar_tags/marker3/meshes/Marker3.dae
[1.860s] -- Symlinking: /home/loq/roboracer_ws/install/roboracer_description/share/roboracer_description/models/ar_tags/marker3/model-1_4.sdf
[1.869s] -- Symlinking: /home/loq/roboracer_ws/install/roboracer_description/share/roboracer_description/models/ar_tags/marker3/model-1_5.sdf
[1.878s] -- Symlinking: /home/loq/roboracer_ws/install/roboracer_description/share/roboracer_description/models/ar_tags/marker3/model.config
[1.886s] -- Symlinking: /home/loq/roboracer_ws/install/roboracer_description/share/roboracer_description/models/ar_tags/marker3/model.sdf
[1.895s] -- Symlinking: /home/loq/roboracer_ws/install/roboracer_description/share/roboracer_description/models/ar_tags/marker4/marker0/marker0/model-1_5.sdf
[1.903s] -- Symlinking: /home/loq/roboracer_ws/install/roboracer_description/share/roboracer_description/models/ar_tags/marker4/marker0/marker0/model.config
[1.912s] -- Symlinking: /home/loq/roboracer_ws/install/roboracer_description/share/roboracer_description/models/ar_tags/marker4/marker0/model-1_5.sdf
[1.921s] -- Symlinking: /home/loq/roboracer_ws/install/roboracer_description/share/roboracer_description/models/ar_tags/marker4/marker0/model.config
[1.930s] -- Symlinking: /home/loq/roboracer_ws/install/roboracer_description/share/roboracer_description/models/ar_tags/marker4/materials/textures/Marker4.png
[1.939s] -- Symlinking: /home/loq/roboracer_ws/install/roboracer_description/share/roboracer_description/models/ar_tags/marker4/meshes/Marker4.dae
[1.949s] -- Symlinking: /home/loq/roboracer_ws/install/roboracer_description/share/roboracer_description/models/ar_tags/marker4/model-1_4.sdf
[1.959s] -- Symlinking: /home/loq/roboracer_ws/install/roboracer_description/share/roboracer_description/models/ar_tags/marker4/model-1_5.sdf
[1.969s] -- Symlinking: /home/loq/roboracer_ws/install/roboracer_description/share/roboracer_description/models/ar_tags/marker4/model.config
[1.979s] -- Symlinking: /home/loq/roboracer_ws/install/roboracer_description/share/roboracer_description/models/ar_tags/marker4/model.sdf
[1.988s] -- Symlinking: /home/loq/roboracer_ws/install/roboracer_description/share/roboracer_description/models/ar_tags/marker5/marker0/marker0/model-1_5.sdf
[1.997s] -- Symlinking: /home/loq/roboracer_ws/install/roboracer_description/share/roboracer_description/models/ar_tags/marker5/marker0/marker0/model.config
[2.008s] -- Symlinking: /home/loq/roboracer_ws/install/roboracer_description/share/roboracer_description/models/ar_tags/marker5/marker0/model-1_5.sdf
[2.019s] -- Symlinking: /home/loq/roboracer_ws/install/roboracer_description/share/roboracer_description/models/ar_tags/marker5/marker0/model.config
[2.029s] -- Symlinking: /home/loq/roboracer_ws/install/roboracer_description/share/roboracer_description/models/ar_tags/marker5/materials/textures/Marker5.png
[2.040s] -- Symlinking: /home/loq/roboracer_ws/install/roboracer_description/share/roboracer_description/models/ar_tags/marker5/meshes/Marker5.dae
[2.051s] -- Symlinking: /home/loq/roboracer_ws/install/roboracer_description/share/roboracer_description/models/ar_tags/marker5/model-1_4.sdf
[2.061s] -- Symlinking: /home/loq/roboracer_ws/install/roboracer_description/share/roboracer_description/models/ar_tags/marker5/model-1_5.sdf
[2.072s] -- Symlinking: /home/loq/roboracer_ws/install/roboracer_description/share/roboracer_description/models/ar_tags/marker5/model.config
[2.082s] -- Symlinking: /home/loq/roboracer_ws/install/roboracer_description/share/roboracer_description/models/ar_tags/marker5/model.sdf
[2.092s] -- Symlinking: /home/loq/roboracer_ws/install/roboracer_description/share/roboracer_description/models/ar_tags/marker6/marker0/marker0/model-1_5.sdf
[2.104s] -- Symlinking: /home/loq/roboracer_ws/install/roboracer_description/share/roboracer_description/models/ar_tags/marker6/marker0/marker0/model.config
[2.114s] -- Symlinking: /home/loq/roboracer_ws/install/roboracer_description/share/roboracer_description/models/ar_tags/marker6/marker0/model-1_5.sdf
[2.126s] -- Symlinking: /home/loq/roboracer_ws/install/roboracer_description/share/roboracer_description/models/ar_tags/marker6/marker0/model.config
[2.137s] -- Symlinking: /home/loq/roboracer_ws/install/roboracer_description/share/roboracer_description/models/ar_tags/marker6/materials/textures/Marker6.png
[2.148s] -- Symlinking: /home/loq/roboracer_ws/install/roboracer_description/share/roboracer_description/models/ar_tags/marker6/meshes/Marker6.dae
[2.159s] -- Symlinking: /home/loq/roboracer_ws/install/roboracer_description/share/roboracer_description/models/ar_tags/marker6/model-1_4.sdf
[2.169s] -- Symlinking: /home/loq/roboracer_ws/install/roboracer_description/share/roboracer_description/models/ar_tags/marker6/model-1_5.sdf
[2.179s] -- Symlinking: /home/loq/roboracer_ws/install/roboracer_description/share/roboracer_description/models/ar_tags/marker6/model.config
[2.189s] -- Symlinking: /home/loq/roboracer_ws/install/roboracer_description/share/roboracer_description/models/ar_tags/marker6/model.sdf
[2.201s] -- Symlinking: /home/loq/roboracer_ws/install/roboracer_description/share/roboracer_description/models/ar_tags/marker7/marker0/marker0/model-1_5.sdf
[2.211s] -- Symlinking: /home/loq/roboracer_ws/install/roboracer_description/share/roboracer_description/models/ar_tags/marker7/marker0/marker0/model.config
[2.221s] -- Symlinking: /home/loq/roboracer_ws/install/roboracer_description/share/roboracer_description/models/ar_tags/marker7/marker0/model-1_5.sdf
[2.231s] -- Symlinking: /home/loq/roboracer_ws/install/roboracer_description/share/roboracer_description/models/ar_tags/marker7/marker0/model.config
[2.242s] -- Symlinking: /home/loq/roboracer_ws/install/roboracer_description/share/roboracer_description/models/ar_tags/marker7/materials/textures/Marker7.png
[2.252s] -- Symlinking: /home/loq/roboracer_ws/install/roboracer_description/share/roboracer_description/models/ar_tags/marker7/meshes/Marker7.dae
[2.262s] -- Symlinking: /home/loq/roboracer_ws/install/roboracer_description/share/roboracer_description/models/ar_tags/marker7/model-1_4.sdf
[2.273s] -- Symlinking: /home/loq/roboracer_ws/install/roboracer_description/share/roboracer_description/models/ar_tags/marker7/model-1_5.sdf
[2.284s] -- Symlinking: /home/loq/roboracer_ws/install/roboracer_description/share/roboracer_description/models/ar_tags/marker7/model.config
[2.294s] -- Symlinking: /home/loq/roboracer_ws/install/roboracer_description/share/roboracer_description/models/ar_tags/marker7/model.sdf
[2.305s] -- Symlinking: /home/loq/roboracer_ws/install/roboracer_description/share/roboracer_description/models/ar_tags/marker8/marker0/marker0/model-1_5.sdf
[2.316s] -- Symlinking: /home/loq/roboracer_ws/install/roboracer_description/share/roboracer_description/models/ar_tags/marker8/marker0/marker0/model.config
[2.326s] -- Symlinking: /home/loq/roboracer_ws/install/roboracer_description/share/roboracer_description/models/ar_tags/marker8/marker0/model-1_5.sdf
[2.337s] -- Symlinking: /home/loq/roboracer_ws/install/roboracer_description/share/roboracer_description/models/ar_tags/marker8/marker0/model.config
[2.348s] -- Symlinking: /home/loq/roboracer_ws/install/roboracer_description/share/roboracer_description/models/ar_tags/marker8/materials/textures/Marker8.png
[2.357s] -- Symlinking: /home/loq/roboracer_ws/install/roboracer_description/share/roboracer_description/models/ar_tags/marker8/meshes/Marker8.dae
[2.367s] -- Symlinking: /home/loq/roboracer_ws/install/roboracer_description/share/roboracer_description/models/ar_tags/marker8/model-1_4.sdf
[2.377s] -- Symlinking: /home/loq/roboracer_ws/install/roboracer_description/share/roboracer_description/models/ar_tags/marker8/model-1_5.sdf
[2.387s] -- Symlinking: /home/loq/roboracer_ws/install/roboracer_description/share/roboracer_description/models/ar_tags/marker8/model.config
[2.397s] -- Symlinking: /home/loq/roboracer_ws/install/roboracer_description/share/roboracer_description/models/ar_tags/marker8/model.sdf
[2.408s] -- Symlinking: /home/loq/roboracer_ws/install/roboracer_description/share/roboracer_description/models/ar_tags/marker9/marker0/marker0/model-1_5.sdf
[2.417s] -- Symlinking: /home/loq/roboracer_ws/install/roboracer_description/share/roboracer_description/models/ar_tags/marker9/marker0/marker0/model.config
[2.427s] -- Symlinking: /home/loq/roboracer_ws/install/roboracer_description/share/roboracer_description/models/ar_tags/marker9/marker0/model-1_5.sdf
[2.437s] -- Symlinking: /home/loq/roboracer_ws/install/roboracer_description/share/roboracer_description/models/ar_tags/marker9/marker0/model.config
[2.447s] -- Symlinking: /home/loq/roboracer_ws/install/roboracer_description/share/roboracer_description/models/ar_tags/marker9/materials/textures/Marker9.png
[2.458s] -- Symlinking: /home/loq/roboracer_ws/install/roboracer_description/share/roboracer_description/models/ar_tags/marker9/meshes/Marker9.dae
[2.467s] -- Symlinking: /home/loq/roboracer_ws/install/roboracer_description/share/roboracer_description/models/ar_tags/marker9/model-1_4.sdf
[2.478s] -- Symlinking: /home/loq/roboracer_ws/install/roboracer_description/share/roboracer_description/models/ar_tags/marker9/model-1_5.sdf
[2.488s] -- Symlinking: /home/loq/roboracer_ws/install/roboracer_description/share/roboracer_description/models/ar_tags/marker9/model.config
[2.498s] -- Symlinking: /home/loq/roboracer_ws/install/roboracer_description/share/roboracer_description/models/ar_tags/marker9/model.sdf
[2.508s] -- Symlinking: /home/loq/roboracer_ws/install/roboracer_description/share/roboracer_description/models/aws_robomaker_residential_AirconditionerA_01/materials/textures/aws_AirconditionerA_01.png
[2.518s] -- Symlinking: /home/loq/roboracer_ws/install/roboracer_description/share/roboracer_description/models/aws_robomaker_residential_AirconditionerA_01/meshes/aws_AirconditionerA_01_collision.DAE
[2.529s] -- Symlinking: /home/loq/roboracer_ws/install/roboracer_description/share/roboracer_description/models/aws_robomaker_residential_AirconditionerA_01/meshes/aws_AirconditionerA_01_visual.DAE
[2.540s] -- Symlinking: /home/loq/roboracer_ws/install/roboracer_description/share/roboracer_description/models/aws_robomaker_residential_AirconditionerA_01/meshes/aws__Air conditioner_01.DAE
[2.551s] -- Symlinking: /home/loq/roboracer_ws/install/roboracer_description/share/roboracer_description/models/aws_robomaker_residential_AirconditionerA_01/model.config
[2.562s] -- Symlinking: /home/loq/roboracer_ws/install/roboracer_description/share/roboracer_description/models/aws_robomaker_residential_AirconditionerA_01/model.sdf
[2.572s] -- Symlinking: /home/loq/roboracer_ws/install/roboracer_description/share/roboracer_description/models/aws_robomaker_residential_AirconditionerB_01/materials/textures/aws_AirconditionerB_01.png
[2.583s] -- Symlinking: /home/loq/roboracer_ws/install/roboracer_description/share/roboracer_description/models/aws_robomaker_residential_AirconditionerB_01/meshes/aws_AirconditionerB_01_collision.DAE
[2.594s] -- Symlinking: /home/loq/roboracer_ws/install/roboracer_description/share/roboracer_description/models/aws_robomaker_residential_AirconditionerB_01/meshes/aws_AirconditionerB_01_visual.DAE
[2.605s] -- Symlinking: /home/loq/roboracer_ws/install/roboracer_description/share/roboracer_description/models/aws_robomaker_residential_AirconditionerB_01/model.config
[2.615s] -- Symlinking: /home/loq/roboracer_ws/install/roboracer_description/share/roboracer_description/models/aws_robomaker_residential_AirconditionerB_01/model.sdf
[2.625s] -- Symlinking: /home/loq/roboracer_ws/install/roboracer_description/share/roboracer_description/models/aws_robomaker_residential_BalconyTable_01/materials/textures/aws_BalconyTable_01.png
[2.635s] -- Symlinking: /home/loq/roboracer_ws/install/roboracer_description/share/roboracer_description/models/aws_robomaker_residential_BalconyTable_01/meshes/aws_BalconyTable_01_collision.DAE
[2.646s] -- Symlinking: /home/loq/roboracer_ws/install/roboracer_description/share/roboracer_description/models/aws_robomaker_residential_BalconyTable_01/meshes/aws_BalconyTable_01_visual.DAE
[2.656s] -- Symlinking: /home/loq/roboracer_ws/install/roboracer_description/share/roboracer_description/models/aws_robomaker_residential_BalconyTable_01/model.config
[2.666s] -- Symlinking: /home/loq/roboracer_ws/install/roboracer_description/share/roboracer_description/models/aws_robomaker_residential_BalconyTable_01/model.sdf
[2.676s] -- Symlinking: /home/loq/roboracer_ws/install/roboracer_description/share/roboracer_description/models/aws_robomaker_residential_Ball_01/materials/textures/aws_Ball_01.png
[2.686s] -- Symlinking: /home/loq/roboracer_ws/install/roboracer_description/share/roboracer_description/models/aws_robomaker_residential_Ball_01/meshes/aws_Ball_01_collision.DAE
[2.696s] -- Symlinking: /home/loq/roboracer_ws/install/roboracer_description/share/roboracer_description/models/aws_robomaker_residential_Ball_01/meshes/aws_Ball_01_visual.DAE
[2.706s] -- Symlinking: /home/loq/roboracer_ws/install/roboracer_description/share/roboracer_description/models/aws_robomaker_residential_Ball_01/model.config
[2.715s] -- Symlinking: /home/loq/roboracer_ws/install/roboracer_description/share/roboracer_description/models/aws_robomaker_residential_Ball_01/model.sdf
[2.726s] -- Symlinking: /home/loq/roboracer_ws/install/roboracer_description/share/roboracer_description/models/aws_robomaker_residential_Bed_01/materials/textures/aws_BedA_01.png
[2.736s] -- Symlinking: /home/loq/roboracer_ws/install/roboracer_description/share/roboracer_description/models/aws_robomaker_residential_Bed_01/materials/textures/aws_BedB_01.png
[2.747s] -- Symlinking: /home/loq/roboracer_ws/install/roboracer_description/share/roboracer_description/models/aws_robomaker_residential_Bed_01/materials/textures/aws_BedC_01.png
[2.758s] -- Symlinking: /home/loq/roboracer_ws/install/roboracer_description/share/roboracer_description/models/aws_robomaker_residential_Bed_01/materials/textures/aws_Bed_01.png
[2.768s] -- Symlinking: /home/loq/roboracer_ws/install/roboracer_description/share/roboracer_description/models/aws_robomaker_residential_Bed_01/meshes/aws_Bed_01_collision.DAE
[2.779s] -- Symlinking: /home/loq/roboracer_ws/install/roboracer_description/share/roboracer_description/models/aws_robomaker_residential_Bed_01/meshes/aws_Bed_01_visual.DAE
[2.789s] -- Symlinking: /home/loq/roboracer_ws/install/roboracer_description/share/roboracer_description/models/aws_robomaker_residential_Bed_01/model.config
[2.800s] -- Symlinking: /home/loq/roboracer_ws/install/roboracer_description/share/roboracer_description/models/aws_robomaker_residential_Bed_01/model.sdf
[2.812s] -- Symlinking: /home/loq/roboracer_ws/install/roboracer_description/share/roboracer_description/models/aws_robomaker_residential_Board_01/materials/textures/aws_Board_01.png
[2.823s] -- Symlinking: /home/loq/roboracer_ws/install/roboracer_description/share/roboracer_description/models/aws_robomaker_residential_Board_01/meshes/aws_Board_01_collision.DAE
[2.833s] -- Symlinking: /home/loq/roboracer_ws/install/roboracer_description/share/roboracer_description/models/aws_robomaker_residential_Board_01/meshes/aws_Board_01_visual.DAE
[2.844s] -- Symlinking: /home/loq/roboracer_ws/install/roboracer_description/share/roboracer_description/models/aws_robomaker_residential_Board_01/model.config
[2.854s] -- Symlinking: /home/loq/roboracer_ws/install/roboracer_description/share/roboracer_description/models/aws_robomaker_residential_Board_01/model.sdf
[2.865s] -- Symlinking: /home/loq/roboracer_ws/install/roboracer_description/share/roboracer_description/models/aws_robomaker_residential_Carpet_01/materials/textures/aws_Carpet_01.png
[2.876s] -- Symlinking: /home/loq/roboracer_ws/install/roboracer_description/share/roboracer_description/models/aws_robomaker_residential_Carpet_01/meshes/aws_Carpet_01_collision.DAE
[2.887s] -- Symlinking: /home/loq/roboracer_ws/install/roboracer_description/share/roboracer_description/models/aws_robomaker_residential_Carpet_01/meshes/aws_Carpet_01_visual.DAE
[2.897s] -- Symlinking: /home/loq/roboracer_ws/install/roboracer_description/share/roboracer_description/models/aws_robomaker_residential_Carpet_01/model.config
[2.908s] -- Symlinking: /home/loq/roboracer_ws/install/roboracer_description/share/roboracer_description/models/aws_robomaker_residential_Carpet_01/model.sdf
[2.918s] -- Symlinking: /home/loq/roboracer_ws/install/roboracer_description/share/roboracer_description/models/aws_robomaker_residential_ChairA_01/materials/textures/aws_ChairA_01.png
[2.929s] -- Symlinking: /home/loq/roboracer_ws/install/roboracer_description/share/roboracer_description/models/aws_robomaker_residential_ChairA_01/meshes/aws_ChairA_01_collision.DAE
[2.939s] -- Symlinking: /home/loq/roboracer_ws/install/roboracer_description/share/roboracer_description/models/aws_robomaker_residential_ChairA_01/meshes/aws_ChairA_01_visual.DAE
[2.950s] -- Symlinking: /home/loq/roboracer_ws/install/roboracer_description/share/roboracer_description/models/aws_robomaker_residential_ChairA_01/model.config
[2.960s] -- Symlinking: /home/loq/roboracer_ws/install/roboracer_description/share/roboracer_description/models/aws_robomaker_residential_ChairA_01/model.sdf
[2.970s] -- Symlinking: /home/loq/roboracer_ws/install/roboracer_description/share/roboracer_description/models/aws_robomaker_residential_ChairD_01/materials/textures/aws_ChairD_01.png
[2.981s] -- Symlinking: /home/loq/roboracer_ws/install/roboracer_description/share/roboracer_description/models/aws_robomaker_residential_ChairD_01/meshes/aws_ChairD_01_collision.DAE
[2.992s] -- Symlinking: /home/loq/roboracer_ws/install/roboracer_description/share/roboracer_description/models/aws_robomaker_residential_ChairD_01/meshes/aws_ChairD_01_visual.DAE
[3.002s] -- Symlinking: /home/loq/roboracer_ws/install/roboracer_description/share/roboracer_description/models/aws_robomaker_residential_ChairD_01/model.config
[3.012s] -- Symlinking: /home/loq/roboracer_ws/install/roboracer_description/share/roboracer_description/models/aws_robomaker_residential_ChairD_01/model.sdf
[3.023s] -- Symlinking: /home/loq/roboracer_ws/install/roboracer_description/share/roboracer_description/models/aws_robomaker_residential_Chandelier_01/materials/textures/aws_Chandelier_01.png
[3.033s] -- Symlinking: /home/loq/roboracer_ws/install/roboracer_description/share/roboracer_description/models/aws_robomaker_residential_Chandelier_01/meshes/aws_Chandelier_01.DAE
[3.044s] -- Symlinking: /home/loq/roboracer_ws/install/roboracer_description/share/roboracer_description/models/aws_robomaker_residential_Chandelier_01/meshes/aws_Chandelier_01_collision.DAE
[3.054s] -- Symlinking: /home/loq/roboracer_ws/install/roboracer_description/share/roboracer_description/models/aws_robomaker_residential_Chandelier_01/meshes/aws_Chandelier_01_visual.DAE
[3.065s] -- Symlinking: /home/loq/roboracer_ws/install/roboracer_description/share/roboracer_description/models/aws_robomaker_residential_Chandelier_01/model.config
[3.076s] -- Symlinking: /home/loq/roboracer_ws/install/roboracer_description/share/roboracer_description/models/aws_robomaker_residential_Chandelier_01/model.sdf
[3.087s] -- Symlinking: /home/loq/roboracer_ws/install/roboracer_description/share/roboracer_description/models/aws_robomaker_residential_CoffeeTable_01/materials/textures/aws_CoffeeTable_01.png
[3.096s] -- Symlinking: /home/loq/roboracer_ws/install/roboracer_description/share/roboracer_description/models/aws_robomaker_residential_CoffeeTable_01/meshes/aws_CoffeeTable_01_collision.DAE
[3.106s] -- Symlinking: /home/loq/roboracer_ws/install/roboracer_description/share/roboracer_description/models/aws_robomaker_residential_CoffeeTable_01/meshes/aws_CoffeeTable_01_visual.DAE
[3.115s] -- Symlinking: /home/loq/roboracer_ws/install/roboracer_description/share/roboracer_description/models/aws_robomaker_residential_CoffeeTable_01/model.config
[3.125s] -- Symlinking: /home/loq/roboracer_ws/install/roboracer_description/share/roboracer_description/models/aws_robomaker_residential_CoffeeTable_01/model.sdf
[3.135s] -- Symlinking: /home/loq/roboracer_ws/install/roboracer_description/share/roboracer_description/models/aws_robomaker_residential_CookingBench_01/materials/textures/aws_CookingBench_01.png
[3.144s] -- Symlinking: /home/loq/roboracer_ws/install/roboracer_description/share/roboracer_description/models/aws_robomaker_residential_CookingBench_01/meshes/aws_CookingBench_01.DAE
[3.155s] -- Symlinking: /home/loq/roboracer_ws/install/roboracer_description/share/roboracer_description/models/aws_robomaker_residential_CookingBench_01/meshes/aws_CookingBench_01_collision.DAE
[3.165s] -- Symlinking: /home/loq/roboracer_ws/install/roboracer_description/share/roboracer_description/models/aws_robomaker_residential_CookingBench_01/meshes/aws_CookingBench_01_visual.DAE
[3.174s] -- Symlinking: /home/loq/roboracer_ws/install/roboracer_description/share/roboracer_description/models/aws_robomaker_residential_CookingBench_01/model.config
[3.183s] -- Symlinking: /home/loq/roboracer_ws/install/roboracer_description/share/roboracer_description/models/aws_robomaker_residential_CookingBench_01/model.sdf
[3.193s] -- Symlinking: /home/loq/roboracer_ws/install/roboracer_description/share/roboracer_description/models/aws_robomaker_residential_Curtain_01/materials/textures/aws_Curtain_01.png
[3.203s] -- Symlinking: /home/loq/roboracer_ws/install/roboracer_description/share/roboracer_description/models/aws_robomaker_residential_Curtain_01/meshes/aws_Curtain_01_collision.DAE
[3.213s] -- Symlinking: /home/loq/roboracer_ws/install/roboracer_description/share/roboracer_description/models/aws_robomaker_residential_Curtain_01/meshes/aws_Curtain_01_visual.DAE
[3.222s] -- Symlinking: /home/loq/roboracer_ws/install/roboracer_description/share/roboracer_description/models/aws_robomaker_residential_Curtain_01/model.config
[3.232s] -- Symlinking: /home/loq/roboracer_ws/install/roboracer_description/share/roboracer_description/models/aws_robomaker_residential_Curtain_01/model.sdf
[3.241s] -- Symlinking: /home/loq/roboracer_ws/install/roboracer_description/share/roboracer_description/models/aws_robomaker_residential_DeskPortraitA_01/materials/textures/aws_DeskPortraitA_01.png
[3.250s] -- Symlinking: /home/loq/roboracer_ws/install/roboracer_description/share/roboracer_description/models/aws_robomaker_residential_DeskPortraitA_01/materials/textures/aws_DeskPortraitA_02.png
[3.260s] -- Symlinking: /home/loq/roboracer_ws/install/roboracer_description/share/roboracer_description/models/aws_robomaker_residential_DeskPortraitA_01/meshes/aws_DeskPortraitA_01_collision.DAE
[3.269s] -- Symlinking: /home/loq/roboracer_ws/install/roboracer_description/share/roboracer_description/models/aws_robomaker_residential_DeskPortraitA_01/meshes/aws_DeskPortraitA_01_visual.DAE
[3.278s] -- Symlinking: /home/loq/roboracer_ws/install/roboracer_description/share/roboracer_description/models/aws_robomaker_residential_DeskPortraitA_01/model.config
[3.287s] -- Symlinking: /home/loq/roboracer_ws/install/roboracer_description/share/roboracer_description/models/aws_robomaker_residential_DeskPortraitA_01/model.sdf
[3.296s] -- Symlinking: /home/loq/roboracer_ws/install/roboracer_description/share/roboracer_description/models/aws_robomaker_residential_DeskPortraitA_02/materials/textures/aws_DeskPortraitA_01.png
[3.306s] -- Symlinking: /home/loq/roboracer_ws/install/roboracer_description/share/roboracer_description/models/aws_robomaker_residential_DeskPortraitA_02/materials/textures/aws_DeskPortraitA_02.png
[3.316s] -- Symlinking: /home/loq/roboracer_ws/install/roboracer_description/share/roboracer_description/models/aws_robomaker_residential_DeskPortraitA_02/meshes/aws_DeskPortraitA_01_collision.DAE
[3.325s] -- Symlinking: /home/loq/roboracer_ws/install/roboracer_description/share/roboracer_description/models/aws_robomaker_residential_DeskPortraitA_02/meshes/aws_DeskPortraitA_01_visual.DAE
[3.335s] -- Symlinking: /home/loq/roboracer_ws/install/roboracer_description/share/roboracer_description/models/aws_robomaker_residential_DeskPortraitA_02/model.config
[3.344s] -- Symlinking: /home/loq/roboracer_ws/install/roboracer_description/share/roboracer_description/models/aws_robomaker_residential_DeskPortraitA_02/model.sdf
[3.353s] -- Symlinking: /home/loq/roboracer_ws/install/roboracer_description/share/roboracer_description/models/aws_robomaker_residential_DeskPortraitB_01/materials/textures/aws_DeskPortraitB_01.png
[3.362s] -- Symlinking: /home/loq/roboracer_ws/install/roboracer_description/share/roboracer_description/models/aws_robomaker_residential_DeskPortraitB_01/materials/textures/aws_DeskPortraitB_02.png
[3.371s] -- Symlinking: /home/loq/roboracer_ws/install/roboracer_description/share/roboracer_description/models/aws_robomaker_residential_DeskPortraitB_01/meshes/aws_DeskPortraitB_01_collision.DAE
[3.381s] -- Symlinking: /home/loq/roboracer_ws/install/roboracer_description/share/roboracer_description/models/aws_robomaker_residential_DeskPortraitB_01/meshes/aws_DeskPortraitB_01_visual.DAE
[3.390s] -- Symlinking: /home/loq/roboracer_ws/install/roboracer_description/share/roboracer_description/models/aws_robomaker_residential_DeskPortraitB_01/model.config
[3.400s] -- Symlinking: /home/loq/roboracer_ws/install/roboracer_description/share/roboracer_description/models/aws_robomaker_residential_DeskPortraitB_01/model.sdf
[3.409s] -- Symlinking: /home/loq/roboracer_ws/install/roboracer_description/share/roboracer_description/models/aws_robomaker_residential_DeskPortraitB_02/materials/textures/aws_DeskPortraitB_01.png
[3.418s] -- Symlinking: /home/loq/roboracer_ws/install/roboracer_description/share/roboracer_description/models/aws_robomaker_residential_DeskPortraitB_02/materials/textures/aws_DeskPortraitB_02.png
[3.428s] -- Symlinking: /home/loq/roboracer_ws/install/roboracer_description/share/roboracer_description/models/aws_robomaker_residential_DeskPortraitB_02/meshes/aws_DeskPortraitB_01_collision.DAE
[3.437s] -- Symlinking: /home/loq/roboracer_ws/install/roboracer_description/share/roboracer_description/models/aws_robomaker_residential_DeskPortraitB_02/meshes/aws_DeskPortraitB_01_visual.DAE
[3.447s] -- Symlinking: /home/loq/roboracer_ws/install/roboracer_description/share/roboracer_description/models/aws_robomaker_residential_DeskPortraitB_02/model.config
[3.456s] -- Symlinking: /home/loq/roboracer_ws/install/roboracer_description/share/roboracer_description/models/aws_robomaker_residential_DeskPortraitB_02/model.sdf
[3.465s] -- Symlinking: /home/loq/roboracer_ws/install/roboracer_description/share/roboracer_description/models/aws_robomaker_residential_DeskPortraitC_01/materials/textures/aws_DeskPortraitC_01.png
[3.474s] -- Symlinking: /home/loq/roboracer_ws/install/roboracer_description/share/roboracer_description/models/aws_robomaker_residential_DeskPortraitC_01/materials/textures/aws_DeskPortraitC_02.png
[3.483s] -- Symlinking: /home/loq/roboracer_ws/install/roboracer_description/share/roboracer_description/models/aws_robomaker_residential_DeskPortraitC_01/meshes/aws_DeskPortraitC_01_collision.DAE
[3.493s] -- Symlinking: /home/loq/roboracer_ws/install/roboracer_description/share/roboracer_description/models/aws_robomaker_residential_DeskPortraitC_01/meshes/aws_DeskPortraitC_01_visual.DAE
[3.503s] -- Symlinking: /home/loq/roboracer_ws/install/roboracer_description/share/roboracer_description/models/aws_robomaker_residential_DeskPortraitC_01/model.config
[3.512s] -- Symlinking: /home/loq/roboracer_ws/install/roboracer_description/share/roboracer_description/models/aws_robomaker_residential_DeskPortraitC_01/model.sdf
[3.521s] -- Symlinking: /home/loq/roboracer_ws/install/roboracer_description/share/roboracer_description/models/aws_robomaker_residential_DeskPortraitC_02/materials/textures/aws_DeskPortraitC_01.png
[3.531s] -- Symlinking: /home/loq/roboracer_ws/install/roboracer_description/share/roboracer_description/models/aws_robomaker_residential_DeskPortraitC_02/materials/textures/aws_DeskPortraitC_02.png
[3.541s] -- Symlinking: /home/loq/roboracer_ws/install/roboracer_description/share/roboracer_description/models/aws_robomaker_residential_DeskPortraitC_02/meshes/aws_DeskPortraitC_01_collision.DAE
[3.550s] -- Symlinking: /home/loq/roboracer_ws/install/roboracer_description/share/roboracer_description/models/aws_robomaker_residential_DeskPortraitC_02/meshes/aws_DeskPortraitC_01_visual.DAE
[3.559s] -- Symlinking: /home/loq/roboracer_ws/install/roboracer_description/share/roboracer_description/models/aws_robomaker_residential_DeskPortraitC_02/model.config
[3.569s] -- Symlinking: /home/loq/roboracer_ws/install/roboracer_description/share/roboracer_description/models/aws_robomaker_residential_DeskPortraitC_02/model.sdf
[3.578s] -- Symlinking: /home/loq/roboracer_ws/install/roboracer_description/share/roboracer_description/models/aws_robomaker_residential_DeskPortraitD_01/materials/textures/aws_DeskPortraitD_01.png
[3.587s] -- Symlinking: /home/loq/roboracer_ws/install/roboracer_description/share/roboracer_description/models/aws_robomaker_residential_DeskPortraitD_01/materials/textures/aws_DeskPortraitD_02.png
[3.597s] -- Symlinking: /home/loq/roboracer_ws/install/roboracer_description/share/roboracer_description/models/aws_robomaker_residential_DeskPortraitD_01/meshes/aws_DeskPortraitD_01_collision.DAE
[3.606s] -- Symlinking: /home/loq/roboracer_ws/install/roboracer_description/share/roboracer_description/models/aws_robomaker_residential_DeskPortraitD_01/meshes/aws_DeskPortraitD_01_visual.DAE
[3.615s] -- Symlinking: /home/loq/roboracer_ws/install/roboracer_description/share/roboracer_description/models/aws_robomaker_residential_DeskPortraitD_01/model.config
[3.624s] -- Symlinking: /home/loq/roboracer_ws/install/roboracer_description/share/roboracer_description/models/aws_robomaker_residential_DeskPortraitD_01/model.sdf
[3.633s] -- Symlinking: /home/loq/roboracer_ws/install/roboracer_description/share/roboracer_description/models/aws_robomaker_residential_DeskPortraitD_02/materials/textures/aws_DeskPortraitD_01.png
[3.643s] -- Symlinking: /home/loq/roboracer_ws/install/roboracer_description/share/roboracer_description/models/aws_robomaker_residential_DeskPortraitD_02/materials/textures/aws_DeskPortraitD_02.png
[3.653s] -- Symlinking: /home/loq/roboracer_ws/install/roboracer_description/share/roboracer_description/models/aws_robomaker_residential_DeskPortraitD_02/meshes/aws_DeskPortraitD_01_collision.DAE
[3.662s] -- Symlinking: /home/loq/roboracer_ws/install/roboracer_description/share/roboracer_description/models/aws_robomaker_residential_DeskPortraitD_02/meshes/aws_DeskPortraitD_01_visual.DAE
[3.671s] -- Symlinking: /home/loq/roboracer_ws/install/roboracer_description/share/roboracer_description/models/aws_robomaker_residential_DeskPortraitD_02/model.config
[3.681s] -- Symlinking: /home/loq/roboracer_ws/install/roboracer_description/share/roboracer_description/models/aws_robomaker_residential_DeskPortraitD_02/model.sdf
[3.691s] -- Symlinking: /home/loq/roboracer_ws/install/roboracer_description/share/roboracer_description/models/aws_robomaker_residential_DeskPortraitD_03/materials/textures/aws_DeskPortraitD_01.png
[3.700s] -- Symlinking: /home/loq/roboracer_ws/install/roboracer_description/share/roboracer_description/models/aws_robomaker_residential_DeskPortraitD_03/materials/textures/aws_DeskPortraitD_02.png
[3.708s] -- Symlinking: /home/loq/roboracer_ws/install/roboracer_description/share/roboracer_description/models/aws_robomaker_residential_DeskPortraitD_03/meshes/aws_DeskPortraitD_01_collision.DAE
[3.716s] -- Symlinking: /home/loq/roboracer_ws/install/roboracer_description/share/roboracer_description/models/aws_robomaker_residential_DeskPortraitD_03/meshes/aws_DeskPortraitD_01_visual.DAE
[3.725s] -- Symlinking: /home/loq/roboracer_ws/install/roboracer_description/share/roboracer_description/models/aws_robomaker_residential_DeskPortraitD_03/model.config
[3.734s] -- Symlinking: /home/loq/roboracer_ws/install/roboracer_description/share/roboracer_description/models/aws_robomaker_residential_DeskPortraitD_03/model.sdf
[3.743s] -- Symlinking: /home/loq/roboracer_ws/install/roboracer_description/share/roboracer_description/models/aws_robomaker_residential_DeskPortraitD_04/materials/textures/aws_DeskPortraitD_01.png
[3.752s] -- Symlinking: /home/loq/roboracer_ws/install/roboracer_description/share/roboracer_description/models/aws_robomaker_residential_DeskPortraitD_04/materials/textures/aws_DeskPortraitD_02.png
[3.760s] -- Symlinking: /home/loq/roboracer_ws/install/roboracer_description/share/roboracer_description/models/aws_robomaker_residential_DeskPortraitD_04/meshes/aws_DeskPortraitD_01_collision.DAE
[3.769s] -- Symlinking: /home/loq/roboracer_ws/install/roboracer_description/share/roboracer_description/models/aws_robomaker_residential_DeskPortraitD_04/meshes/aws_DeskPortraitD_01_visual.DAE
[3.778s] -- Symlinking: /home/loq/roboracer_ws/install/roboracer_description/share/roboracer_description/models/aws_robomaker_residential_DeskPortraitD_04/model.config
[3.787s] -- Symlinking: /home/loq/roboracer_ws/install/roboracer_description/share/roboracer_description/models/aws_robomaker_residential_DeskPortraitD_04/model.sdf
[3.796s] -- Symlinking: /home/loq/roboracer_ws/install/roboracer_description/share/roboracer_description/models/aws_robomaker_residential_Door_01/materials/textures/aws_Door_01.png
[3.804s] -- Symlinking: /home/loq/roboracer_ws/install/roboracer_description/share/roboracer_description/models/aws_robomaker_residential_Door_01/meshes/aws_Door_01_collision.DAE
[3.813s] -- Symlinking: /home/loq/roboracer_ws/install/roboracer_description/share/roboracer_description/models/aws_robomaker_residential_Door_01/meshes/aws_Door_01_visual.DAE
[3.822s] -- Symlinking: /home/loq/roboracer_ws/install/roboracer_description/share/roboracer_description/models/aws_robomaker_residential_Door_01/model.config
[3.831s] -- Symlinking: /home/loq/roboracer_ws/install/roboracer_description/share/roboracer_description/models/aws_robomaker_residential_Door_01/model.sdf
[3.839s] -- Symlinking: /home/loq/roboracer_ws/install/roboracer_description/share/roboracer_description/models/aws_robomaker_residential_Dumbbell_01/materials/textures/aws_Dumbbell_01.png
[3.848s] -- Symlinking: /home/loq/roboracer_ws/install/roboracer_description/share/roboracer_description/models/aws_robomaker_residential_Dumbbell_01/meshes/aws_Dumbbell_01_collision.DAE
[3.857s] -- Symlinking: /home/loq/roboracer_ws/install/roboracer_description/share/roboracer_description/models/aws_robomaker_residential_Dumbbell_01/meshes/aws_Dumbbell_01_visual.DAE
[3.865s] -- Symlinking: /home/loq/roboracer_ws/install/roboracer_description/share/roboracer_description/models/aws_robomaker_residential_Dumbbell_01/model.config
[3.876s] -- Symlinking: /home/loq/roboracer_ws/install/roboracer_description/share/roboracer_description/models/aws_robomaker_residential_Dumbbell_01/model.sdf
[3.884s] -- Symlinking: /home/loq/roboracer_ws/install/roboracer_description/share/roboracer_description/models/aws_robomaker_residential_FitnessEquipment_01/materials/textures/aws_FitnessEquipment_01.png
[3.894s] -- Symlinking: /home/loq/roboracer_ws/install/roboracer_description/share/roboracer_description/models/aws_robomaker_residential_FitnessEquipment_01/meshes/aws_FitnessEquipment_01_collision.DAE
[3.903s] -- Symlinking: /home/loq/roboracer_ws/install/roboracer_description/share/roboracer_description/models/aws_robomaker_residential_FitnessEquipment_01/meshes/aws_FitnessEquipment_01_visual.DAE
[3.912s] -- Symlinking: /home/loq/roboracer_ws/install/roboracer_description/share/roboracer_description/models/aws_robomaker_residential_FitnessEquipment_01/model.config
[3.922s] -- Symlinking: /home/loq/roboracer_ws/install/roboracer_description/share/roboracer_description/models/aws_robomaker_residential_FitnessEquipment_01/model.sdf
[3.931s] -- Symlinking: /home/loq/roboracer_ws/install/roboracer_description/share/roboracer_description/models/aws_robomaker_residential_FloorB_01/materials/textures/aws_FloorB_01.png
[3.940s] -- Symlinking: /home/loq/roboracer_ws/install/roboracer_description/share/roboracer_description/models/aws_robomaker_residential_FloorB_01/meshes/aws_FloorB_01_collision.DAE
[3.949s] -- Symlinking: /home/loq/roboracer_ws/install/roboracer_description/share/roboracer_description/models/aws_robomaker_residential_FloorB_01/meshes/aws_FloorB_01_visual.DAE
[3.959s] -- Symlinking: /home/loq/roboracer_ws/install/roboracer_description/share/roboracer_description/models/aws_robomaker_residential_FloorB_01/model.config
[3.968s] -- Symlinking: /home/loq/roboracer_ws/install/roboracer_description/share/roboracer_description/models/aws_robomaker_residential_FloorB_01/model.sdf
[3.978s] -- Symlinking: /home/loq/roboracer_ws/install/roboracer_description/share/roboracer_description/models/aws_robomaker_residential_FoldingDoor_01/materials/textures/aws_FoldingDoor_01.png
[3.987s] -- Symlinking: /home/loq/roboracer_ws/install/roboracer_description/share/roboracer_description/models/aws_robomaker_residential_FoldingDoor_01/meshes/aws_FoldingDoor_01_collision.DAE
[3.997s] -- Symlinking: /home/loq/roboracer_ws/install/roboracer_description/share/roboracer_description/models/aws_robomaker_residential_FoldingDoor_01/meshes/aws_FoldingDoor_01_visual.DAE
[4.006s] -- Symlinking: /home/loq/roboracer_ws/install/roboracer_description/share/roboracer_description/models/aws_robomaker_residential_FoldingDoor_01/model.config
[4.015s] -- Symlinking: /home/loq/roboracer_ws/install/roboracer_description/share/roboracer_description/models/aws_robomaker_residential_FoldingDoor_01/model.sdf
[4.023s] -- Symlinking: /home/loq/roboracer_ws/install/roboracer_description/share/roboracer_description/models/aws_robomaker_residential_FoldingDoor_02/materials/textures/aws_FoldingDoor_02.png
[4.032s] -- Symlinking: /home/loq/roboracer_ws/install/roboracer_description/share/roboracer_description/models/aws_robomaker_residential_FoldingDoor_02/meshes/aws_FoldingDoor_02_collision.DAE
[4.041s] -- Symlinking: /home/loq/roboracer_ws/install/roboracer_description/share/roboracer_description/models/aws_robomaker_residential_FoldingDoor_02/meshes/aws_FoldingDoor_02_visual.DAE
[4.050s] -- Symlinking: /home/loq/roboracer_ws/install/roboracer_description/share/roboracer_description/models/aws_robomaker_residential_FoldingDoor_02/model.config
[4.059s] -- Symlinking: /home/loq/roboracer_ws/install/roboracer_description/share/roboracer_description/models/aws_robomaker_residential_FoldingDoor_02/model.sdf
[4.068s] -- Symlinking: /home/loq/roboracer_ws/install/roboracer_description/share/roboracer_description/models/aws_robomaker_residential_Handle_01/materials/textures/aws_Handle_01.png
[4.078s] -- Symlinking: /home/loq/roboracer_ws/install/roboracer_description/share/roboracer_description/models/aws_robomaker_residential_Handle_01/meshes/aws_ handle_01_collision.DAE
[4.087s] -- Symlinking: /home/loq/roboracer_ws/install/roboracer_description/share/roboracer_description/models/aws_robomaker_residential_Handle_01/meshes/aws_Handle_01_collision.DAE
[4.096s] -- Symlinking: /home/loq/roboracer_ws/install/roboracer_description/share/roboracer_description/models/aws_robomaker_residential_Handle_01/meshes/aws_Handle_01_visual.DAE
[4.105s] -- Symlinking: /home/loq/roboracer_ws/install/roboracer_description/share/roboracer_description/models/aws_robomaker_residential_Handle_01/model.config
[4.113s] -- Symlinking: /home/loq/roboracer_ws/install/roboracer_description/share/roboracer_description/models/aws_robomaker_residential_Handle_01/model.sdf
[4.123s] -- Symlinking: /home/loq/roboracer_ws/install/roboracer_description/share/roboracer_description/models/aws_robomaker_residential_HouseWallB_01/materials/textures/aws_HouseWallB_01.png
[4.133s] -- Symlinking: /home/loq/roboracer_ws/install/roboracer_description/share/roboracer_description/models/aws_robomaker_residential_HouseWallB_01/meshes/aws_HouseWallB_01_collision.DAE
[4.142s] -- Symlinking: /home/loq/roboracer_ws/install/roboracer_description/share/roboracer_description/models/aws_robomaker_residential_HouseWallB_01/meshes/aws_HouseWallB_01_visual.DAE
[4.151s] -- Symlinking: /home/loq/roboracer_ws/install/roboracer_description/share/roboracer_description/models/aws_robomaker_residential_HouseWallB_01/model.config
[4.160s] -- Symlinking: /home/loq/roboracer_ws/install/roboracer_description/share/roboracer_description/models/aws_robomaker_residential_HouseWallB_01/model.sdf
[4.168s] -- Symlinking: /home/loq/roboracer_ws/install/roboracer_description/share/roboracer_description/models/aws_robomaker_residential_KitchenCabinet_01/materials/textures/aws_KitchenCabinet_01.png
[4.177s] -- Symlinking: /home/loq/roboracer_ws/install/roboracer_description/share/roboracer_description/models/aws_robomaker_residential_KitchenCabinet_01/meshes/aws_KitchenCabinet_01_collision.DAE
[4.186s] -- Symlinking: /home/loq/roboracer_ws/install/roboracer_description/share/roboracer_description/models/aws_robomaker_residential_KitchenCabinet_01/meshes/aws_KitchenCabinet_01_visual.DAE
[4.195s] -- Symlinking: /home/loq/roboracer_ws/install/roboracer_description/share/roboracer_description/models/aws_robomaker_residential_KitchenCabinet_01/model.config
[4.204s] -- Symlinking: /home/loq/roboracer_ws/install/roboracer_description/share/roboracer_description/models/aws_robomaker_residential_KitchenCabinet_01/model.sdf
[4.214s] -- Symlinking: /home/loq/roboracer_ws/install/roboracer_description/share/roboracer_description/models/aws_robomaker_residential_KitchenTable_01/materials/textures/aws_KitchenTable_01.png
[4.223s] -- Symlinking: /home/loq/roboracer_ws/install/roboracer_description/share/roboracer_description/models/aws_robomaker_residential_KitchenTable_01/meshes/aws_KitchenTable_01_collision.DAE
[4.232s] -- Symlinking: /home/loq/roboracer_ws/install/roboracer_description/share/roboracer_description/models/aws_robomaker_residential_KitchenTable_01/meshes/aws_KitchenTable_01_visual.DAE
[4.240s] -- Symlinking: /home/loq/roboracer_ws/install/roboracer_description/share/roboracer_description/models/aws_robomaker_residential_KitchenTable_01/model.config
[4.250s] -- Symlinking: /home/loq/roboracer_ws/install/roboracer_description/share/roboracer_description/models/aws_robomaker_residential_KitchenTable_01/model.sdf
[4.260s] -- Symlinking: /home/loq/roboracer_ws/install/roboracer_description/share/roboracer_description/models/aws_robomaker_residential_KitchenUtensils_01/materials/textures/aws_KitchenUtensils_01.png
[4.269s] -- Symlinking: /home/loq/roboracer_ws/install/roboracer_description/share/roboracer_description/models/aws_robomaker_residential_KitchenUtensils_01/meshes/aws_KitchenUtensils_01_collision.DAE
[4.278s] -- Symlinking: /home/loq/roboracer_ws/install/roboracer_description/share/roboracer_description/models/aws_robomaker_residential_KitchenUtensils_01/meshes/aws_KitchenUtensils_01_visual.DAE
[4.287s] -- Symlinking: /home/loq/roboracer_ws/install/roboracer_description/share/roboracer_description/models/aws_robomaker_residential_KitchenUtensils_01/model.config
[4.296s] -- Symlinking: /home/loq/roboracer_ws/install/roboracer_description/share/roboracer_description/models/aws_robomaker_residential_KitchenUtensils_01/model.sdf
[4.305s] -- Symlinking: /home/loq/roboracer_ws/install/roboracer_description/share/roboracer_description/models/aws_robomaker_residential_LightC_01/materials/textures/aws_LightC_01.png
[4.314s] -- Symlinking: /home/loq/roboracer_ws/install/roboracer_description/share/roboracer_description/models/aws_robomaker_residential_LightC_01/meshes/aws_LightC_01_collision.DAE
[4.322s] -- Symlinking: /home/loq/roboracer_ws/install/roboracer_description/share/roboracer_description/models/aws_robomaker_residential_LightC_01/meshes/aws_LightC_01_visual.DAE
[4.332s] -- Symlinking: /home/loq/roboracer_ws/install/roboracer_description/share/roboracer_description/models/aws_robomaker_residential_LightC_01/model.config
[4.342s] -- Symlinking: /home/loq/roboracer_ws/install/roboracer_description/share/roboracer_description/models/aws_robomaker_residential_LightC_01/model.sdf
[4.351s] -- Symlinking: /home/loq/roboracer_ws/install/roboracer_description/share/roboracer_description/models/aws_robomaker_residential_NightStand_01/materials/textures/aws_NightStand_01.png
[4.360s] -- Symlinking: /home/loq/roboracer_ws/install/roboracer_description/share/roboracer_description/models/aws_robomaker_residential_NightStand_01/meshes/aws_NightStand_01_collision.DAE
[4.371s] -- Symlinking: /home/loq/roboracer_ws/install/roboracer_description/share/roboracer_description/models/aws_robomaker_residential_NightStand_01/meshes/aws_NightStand_01_visual.DAE
[4.380s] -- Symlinking: /home/loq/roboracer_ws/install/roboracer_description/share/roboracer_description/models/aws_robomaker_residential_NightStand_01/model.config
[4.389s] -- Symlinking: /home/loq/roboracer_ws/install/roboracer_description/share/roboracer_description/models/aws_robomaker_residential_NightStand_01/model.sdf
[4.399s] -- Symlinking: /home/loq/roboracer_ws/install/roboracer_description/share/roboracer_description/models/aws_robomaker_residential_Pillow_01/materials/textures/aws_Pillow_01.png
[4.409s] -- Symlinking: /home/loq/roboracer_ws/install/roboracer_description/share/roboracer_description/models/aws_robomaker_residential_Pillow_01/meshes/aws_Pillow_01_collision.DAE
[4.418s] -- Symlinking: /home/loq/roboracer_ws/install/roboracer_description/share/roboracer_description/models/aws_robomaker_residential_Pillow_01/meshes/aws_Pillow_01_visual.DAE
[4.428s] -- Symlinking: /home/loq/roboracer_ws/install/roboracer_description/share/roboracer_description/models/aws_robomaker_residential_Pillow_01/model.config
[4.437s] -- Symlinking: /home/loq/roboracer_ws/install/roboracer_description/share/roboracer_description/models/aws_robomaker_residential_Pillow_01/model.sdf
[4.447s] -- Symlinking: /home/loq/roboracer_ws/install/roboracer_description/share/roboracer_description/models/aws_robomaker_residential_PortraitA_01/materials/textures/aws_PortraitA_01.png
[4.456s] -- Symlinking: /home/loq/roboracer_ws/install/roboracer_description/share/roboracer_description/models/aws_robomaker_residential_PortraitA_01/materials/textures/aws_PortraitA_02.png
[4.466s] -- Symlinking: /home/loq/roboracer_ws/install/roboracer_description/share/roboracer_description/models/aws_robomaker_residential_PortraitA_01/meshes/aws_PortraitA_01_collision.DAE
[4.476s] -- Symlinking: /home/loq/roboracer_ws/install/roboracer_description/share/roboracer_description/models/aws_robomaker_residential_PortraitA_01/meshes/aws_PortraitA_01_visual.DAE
[4.485s] -- Symlinking: /home/loq/roboracer_ws/install/roboracer_description/share/roboracer_description/models/aws_robomaker_residential_PortraitA_01/model.config
[4.494s] -- Symlinking: /home/loq/roboracer_ws/install/roboracer_description/share/roboracer_description/models/aws_robomaker_residential_PortraitA_01/model.sdf
[4.504s] -- Symlinking: /home/loq/roboracer_ws/install/roboracer_description/share/roboracer_description/models/aws_robomaker_residential_PortraitA_02/materials/textures/aws_PortraitA_01.png
[4.513s] -- Symlinking: /home/loq/roboracer_ws/install/roboracer_description/share/roboracer_description/models/aws_robomaker_residential_PortraitA_02/materials/textures/aws_PortraitA_02.png
[4.523s] -- Symlinking: /home/loq/roboracer_ws/install/roboracer_description/share/roboracer_description/models/aws_robomaker_residential_PortraitA_02/meshes/aws_PortraitA_01_collision.DAE
[4.533s] -- Symlinking: /home/loq/roboracer_ws/install/roboracer_description/share/roboracer_description/models/aws_robomaker_residential_PortraitA_02/meshes/aws_PortraitA_01_visual.DAE
[4.542s] -- Symlinking: /home/loq/roboracer_ws/install/roboracer_description/share/roboracer_description/models/aws_robomaker_residential_PortraitA_02/model.config
[4.550s] -- Symlinking: /home/loq/roboracer_ws/install/roboracer_description/share/roboracer_description/models/aws_robomaker_residential_PortraitA_02/model.sdf
[4.560s] -- Symlinking: /home/loq/roboracer_ws/install/roboracer_description/share/roboracer_description/models/aws_robomaker_residential_PortraitB_01/materials/textures/aws_PortraitB_01.png
[4.570s] -- Symlinking: /home/loq/roboracer_ws/install/roboracer_description/share/roboracer_description/models/aws_robomaker_residential_PortraitB_01/materials/textures/aws_PortraitB_02.png
[4.578s] -- Symlinking: /home/loq/roboracer_ws/install/roboracer_description/share/roboracer_description/models/aws_robomaker_residential_PortraitB_01/meshes/aws_PortraitB_01_collision.DAE
[4.587s] -- Symlinking: /home/loq/roboracer_ws/install/roboracer_description/share/roboracer_description/models/aws_robomaker_residential_PortraitB_01/meshes/aws_PortraitB_01_visual.DAE
[4.596s] -- Symlinking: /home/loq/roboracer_ws/install/roboracer_description/share/roboracer_description/models/aws_robomaker_residential_PortraitB_01/model.config
[4.605s] -- Symlinking: /home/loq/roboracer_ws/install/roboracer_description/share/roboracer_description/models/aws_robomaker_residential_PortraitB_01/model.sdf
[4.615s] -- Symlinking: /home/loq/roboracer_ws/install/roboracer_description/share/roboracer_description/models/aws_robomaker_residential_PortraitB_02/materials/textures/aws_PortraitB_01.png
[4.625s] -- Symlinking: /home/loq/roboracer_ws/install/roboracer_description/share/roboracer_description/models/aws_robomaker_residential_PortraitB_02/materials/textures/aws_PortraitB_02.png
[4.634s] -- Symlinking: /home/loq/roboracer_ws/install/roboracer_description/share/roboracer_description/models/aws_robomaker_residential_PortraitB_02/meshes/aws_PortraitB_01_collision.DAE
[4.644s] -- Symlinking: /home/loq/roboracer_ws/install/roboracer_description/share/roboracer_description/models/aws_robomaker_residential_PortraitB_02/meshes/aws_PortraitB_01_visual.DAE
[4.654s] -- Symlinking: /home/loq/roboracer_ws/install/roboracer_description/share/roboracer_description/models/aws_robomaker_residential_PortraitB_02/model.config
[4.663s] -- Symlinking: /home/loq/roboracer_ws/install/roboracer_description/share/roboracer_description/models/aws_robomaker_residential_PortraitB_02/model.sdf
[4.671s] -- Symlinking: /home/loq/roboracer_ws/install/roboracer_description/share/roboracer_description/models/aws_robomaker_residential_PortraitB_03/materials/textures/aws_PortraitB_01.png
[4.681s] -- Symlinking: /home/loq/roboracer_ws/install/roboracer_description/share/roboracer_description/models/aws_robomaker_residential_PortraitB_03/materials/textures/aws_PortraitB_02.png
[4.690s] -- Symlinking: /home/loq/roboracer_ws/install/roboracer_description/share/roboracer_description/models/aws_robomaker_residential_PortraitB_03/meshes/aws_PortraitB_01_collision.DAE
[4.699s] -- Symlinking: /home/loq/roboracer_ws/install/roboracer_description/share/roboracer_description/models/aws_robomaker_residential_PortraitB_03/meshes/aws_PortraitB_01_visual.DAE
[4.709s] -- Symlinking: /home/loq/roboracer_ws/install/roboracer_description/share/roboracer_description/models/aws_robomaker_residential_PortraitB_03/model.config
[4.718s] -- Symlinking: /home/loq/roboracer_ws/install/roboracer_description/share/roboracer_description/models/aws_robomaker_residential_PortraitB_03/model.sdf
[4.727s] -- Symlinking: /home/loq/roboracer_ws/install/roboracer_description/share/roboracer_description/models/aws_robomaker_residential_PortraitC_01/materials/textures/aws_PortraitC_01.png
[4.737s] -- Symlinking: /home/loq/roboracer_ws/install/roboracer_description/share/roboracer_description/models/aws_robomaker_residential_PortraitC_01/materials/textures/aws_PortraitC_02.png
[4.747s] -- Symlinking: /home/loq/roboracer_ws/install/roboracer_description/share/roboracer_description/models/aws_robomaker_residential_PortraitC_01/meshes/aws_PortraitC_01_collision.DAE
[4.756s] -- Symlinking: /home/loq/roboracer_ws/install/roboracer_description/share/roboracer_description/models/aws_robomaker_residential_PortraitC_01/meshes/aws_PortraitC_01_visual.DAE
[4.765s] -- Symlinking: /home/loq/roboracer_ws/install/roboracer_description/share/roboracer_description/models/aws_robomaker_residential_PortraitC_01/model.config
[4.773s] -- Symlinking: /home/loq/roboracer_ws/install/roboracer_description/share/roboracer_description/models/aws_robomaker_residential_PortraitC_01/model.sdf
[4.782s] -- Symlinking: /home/loq/roboracer_ws/install/roboracer_description/share/roboracer_description/models/aws_robomaker_residential_PortraitD_01/materials/textures/aws_PortraitD_01.png
[4.791s] -- Symlinking: /home/loq/roboracer_ws/install/roboracer_description/share/roboracer_description/models/aws_robomaker_residential_PortraitD_01/materials/textures/aws_PortraitD_02.png
[4.801s] -- Symlinking: /home/loq/roboracer_ws/install/roboracer_description/share/roboracer_description/models/aws_robomaker_residential_PortraitD_01/meshes/aws_PortraitD_01_collision.DAE
[4.810s] -- Symlinking: /home/loq/roboracer_ws/install/roboracer_description/share/roboracer_description/models/aws_robomaker_residential_PortraitD_01/meshes/aws_PortraitD_01_visual.DAE
[4.820s] -- Symlinking: /home/loq/roboracer_ws/install/roboracer_description/share/roboracer_description/models/aws_robomaker_residential_PortraitD_01/model.config
[4.829s] -- Symlinking: /home/loq/roboracer_ws/install/roboracer_description/share/roboracer_description/models/aws_robomaker_residential_PortraitD_01/model.sdf
[4.839s] -- Symlinking: /home/loq/roboracer_ws/install/roboracer_description/share/roboracer_description/models/aws_robomaker_residential_PortraitD_02/materials/textures/aws_PortraitD_01.png
[4.848s] -- Symlinking: /home/loq/roboracer_ws/install/roboracer_description/share/roboracer_description/models/aws_robomaker_residential_PortraitD_02/materials/textures/aws_PortraitD_02.png
[4.858s] -- Symlinking: /home/loq/roboracer_ws/install/roboracer_description/share/roboracer_description/models/aws_robomaker_residential_PortraitD_02/meshes/aws_PortraitD_01_collision.DAE
[4.867s] -- Symlinking: /home/loq/roboracer_ws/install/roboracer_description/share/roboracer_description/models/aws_robomaker_residential_PortraitD_02/meshes/aws_PortraitD_01_visual.DAE
[4.876s] -- Symlinking: /home/loq/roboracer_ws/install/roboracer_description/share/roboracer_description/models/aws_robomaker_residential_PortraitD_02/model.config
[4.884s] -- Symlinking: /home/loq/roboracer_ws/install/roboracer_description/share/roboracer_description/models/aws_robomaker_residential_PortraitD_02/model.sdf
[4.893s] -- Symlinking: /home/loq/roboracer_ws/install/roboracer_description/share/roboracer_description/models/aws_robomaker_residential_PortraitE_01/materials/textures/aws_PortraitE_01.png
[4.903s] -- Symlinking: /home/loq/roboracer_ws/install/roboracer_description/share/roboracer_description/models/aws_robomaker_residential_PortraitE_01/materials/textures/aws_PortraitE_02.png
[4.912s] -- Symlinking: /home/loq/roboracer_ws/install/roboracer_description/share/roboracer_description/models/aws_robomaker_residential_PortraitE_01/meshes/aws_PortraitE_01_collision.DAE
[4.922s] -- Symlinking: /home/loq/roboracer_ws/install/roboracer_description/share/roboracer_description/models/aws_robomaker_residential_PortraitE_01/meshes/aws_PortraitE_01_visual.DAE
[4.932s] -- Symlinking: /home/loq/roboracer_ws/install/roboracer_description/share/roboracer_description/models/aws_robomaker_residential_PortraitE_01/model.config
[4.941s] -- Symlinking: /home/loq/roboracer_ws/install/roboracer_description/share/roboracer_description/models/aws_robomaker_residential_PortraitE_01/model.sdf
[4.949s] -- Symlinking: /home/loq/roboracer_ws/install/roboracer_description/share/roboracer_description/models/aws_robomaker_residential_PortraitE_02/materials/textures/aws_PortraitE_01.png
[4.958s] -- Symlinking: /home/loq/roboracer_ws/install/roboracer_description/share/roboracer_description/models/aws_robomaker_residential_PortraitE_02/materials/textures/aws_PortraitE_02.png
[4.967s] -- Symlinking: /home/loq/roboracer_ws/install/roboracer_description/share/roboracer_description/models/aws_robomaker_residential_PortraitE_02/meshes/aws_PortraitE_01_collision.DAE
[4.976s] -- Symlinking: /home/loq/roboracer_ws/install/roboracer_description/share/roboracer_description/models/aws_robomaker_residential_PortraitE_02/meshes/aws_PortraitE_01_visual.DAE
[4.985s] -- Symlinking: /home/loq/roboracer_ws/install/roboracer_description/share/roboracer_description/models/aws_robomaker_residential_PortraitE_02/model.config
[4.994s] -- Symlinking: /home/loq/roboracer_ws/install/roboracer_description/share/roboracer_description/models/aws_robomaker_residential_PortraitE_02/model.sdf
[5.003s] -- Symlinking: /home/loq/roboracer_ws/install/roboracer_description/share/roboracer_description/models/aws_robomaker_residential_Quilt_01/materials/textures/aws_Quilt_01.png
[5.012s] -- Symlinking: /home/loq/roboracer_ws/install/roboracer_description/share/roboracer_description/models/aws_robomaker_residential_Quilt_01/meshes/aws_Quilt_01_collision.DAE
[5.022s] -- Symlinking: /home/loq/roboracer_ws/install/roboracer_description/share/roboracer_description/models/aws_robomaker_residential_Quilt_01/meshes/aws_Quilt_01_visual.DAE
[5.031s] -- Symlinking: /home/loq/roboracer_ws/install/roboracer_description/share/roboracer_description/models/aws_robomaker_residential_Quilt_01/model.config
[5.041s] -- Symlinking: /home/loq/roboracer_ws/install/roboracer_description/share/roboracer_description/models/aws_robomaker_residential_Quilt_01/model.sdf
[5.050s] -- Symlinking: /home/loq/roboracer_ws/install/roboracer_description/share/roboracer_description/models/aws_robomaker_residential_Rangehood_01/materials/textures/aws_Rangehood_01.png
[5.059s] -- Symlinking: /home/loq/roboracer_ws/install/roboracer_description/share/roboracer_description/models/aws_robomaker_residential_Rangehood_01/meshes/aws_Rangehood_01_collision.DAE
[5.069s] -- Symlinking: /home/loq/roboracer_ws/install/roboracer_description/share/roboracer_description/models/aws_robomaker_residential_Rangehood_01/meshes/aws_Rangehood_01_visual.DAE
[5.077s] -- Symlinking: /home/loq/roboracer_ws/install/roboracer_description/share/roboracer_description/models/aws_robomaker_residential_Rangehood_01/model.config
[5.085s] -- Symlinking: /home/loq/roboracer_ws/install/roboracer_description/share/roboracer_description/models/aws_robomaker_residential_Rangehood_01/model.sdf
[5.095s] -- Symlinking: /home/loq/roboracer_ws/install/roboracer_description/share/roboracer_description/models/aws_robomaker_residential_ReadingDesk_01/materials/textures/aws_ReadingDesk_01.png
[5.104s] -- Symlinking: /home/loq/roboracer_ws/install/roboracer_description/share/roboracer_description/models/aws_robomaker_residential_ReadingDesk_01/meshes/aws_ReadingDesk_01_collision.DAE
[5.114s] -- Symlinking: /home/loq/roboracer_ws/install/roboracer_description/share/roboracer_description/models/aws_robomaker_residential_ReadingDesk_01/meshes/aws_ReadingDesk_01_visual.DAE
[5.122s] -- Symlinking: /home/loq/roboracer_ws/install/roboracer_description/share/roboracer_description/models/aws_robomaker_residential_ReadingDesk_01/model.config
[5.132s] -- Symlinking: /home/loq/roboracer_ws/install/roboracer_description/share/roboracer_description/models/aws_robomaker_residential_ReadingDesk_01/model.sdf
[5.140s] -- Symlinking: /home/loq/roboracer_ws/install/roboracer_description/share/roboracer_description/models/aws_robomaker_residential_Refrigerator_01/materials/textures/aws_Refrigerator_01.png
[5.149s] -- Symlinking: /home/loq/roboracer_ws/install/roboracer_description/share/roboracer_description/models/aws_robomaker_residential_Refrigerator_01/materials/textures/aws_Refrigerator_02.png
[5.158s] -- Symlinking: /home/loq/roboracer_ws/install/roboracer_description/share/roboracer_description/models/aws_robomaker_residential_Refrigerator_01/meshes/aws_Refrigerator_01.DAE
[5.167s] -- Symlinking: /home/loq/roboracer_ws/install/roboracer_description/share/roboracer_description/models/aws_robomaker_residential_Refrigerator_01/meshes/aws_Refrigerator_01_collision.DAE
[5.176s] -- Symlinking: /home/loq/roboracer_ws/install/roboracer_description/share/roboracer_description/models/aws_robomaker_residential_Refrigerator_01/meshes/aws_Refrigerator_01_visual.DAE
[5.187s] -- Symlinking: /home/loq/roboracer_ws/install/roboracer_description/share/roboracer_description/models/aws_robomaker_residential_Refrigerator_01/model.config
[5.196s] -- Symlinking: /home/loq/roboracer_ws/install/roboracer_description/share/roboracer_description/models/aws_robomaker_residential_Refrigerator_01/model.sdf
[5.205s] -- Symlinking: /home/loq/roboracer_ws/install/roboracer_description/share/roboracer_description/models/aws_robomaker_residential_RoomCeiling_01/materials/textures/aws_RoomCeiling_01.png
[5.213s] -- Symlinking: /home/loq/roboracer_ws/install/roboracer_description/share/roboracer_description/models/aws_robomaker_residential_RoomCeiling_01/meshes/aws_RoomCeiling_01_collision.DAE
[5.222s] -- Symlinking: /home/loq/roboracer_ws/install/roboracer_description/share/roboracer_description/models/aws_robomaker_residential_RoomCeiling_01/meshes/aws_RoomCeiling_01_visual.DAE
[5.232s] -- Symlinking: /home/loq/roboracer_ws/install/roboracer_description/share/roboracer_description/models/aws_robomaker_residential_RoomCeiling_01/model.config
[5.242s] -- Symlinking: /home/loq/roboracer_ws/install/roboracer_description/share/roboracer_description/models/aws_robomaker_residential_RoomCeiling_01/model.sdf
[5.252s] -- Symlinking: /home/loq/roboracer_ws/install/roboracer_description/share/roboracer_description/models/aws_robomaker_residential_RoomWall_01/materials/textures/aws_RoomWall_01.png
[5.261s] -- Symlinking: /home/loq/roboracer_ws/install/roboracer_description/share/roboracer_description/models/aws_robomaker_residential_RoomWall_01/meshes/aws_RoomWall_01_collision.DAE
[5.270s] -- Symlinking: /home/loq/roboracer_ws/install/roboracer_description/share/roboracer_description/models/aws_robomaker_residential_RoomWall_01/meshes/aws_RoomWall_01_visual.DAE
[5.279s] -- Symlinking: /home/loq/roboracer_ws/install/roboracer_description/share/roboracer_description/models/aws_robomaker_residential_RoomWall_01/model.config
[5.288s] -- Symlinking: /home/loq/roboracer_ws/install/roboracer_description/share/roboracer_description/models/aws_robomaker_residential_RoomWall_01/model.sdf
[5.297s] -- Symlinking: /home/loq/roboracer_ws/install/roboracer_description/share/roboracer_description/models/aws_robomaker_residential_RoomWindow_01/materials/textures/aws_RoomWindow_01.png
[5.306s] -- Symlinking: /home/loq/roboracer_ws/install/roboracer_description/share/roboracer_description/models/aws_robomaker_residential_RoomWindow_01/meshes/aws_RoomWindow_01_collision.DAE
[5.315s] -- Symlinking: /home/loq/roboracer_ws/install/roboracer_description/share/roboracer_description/models/aws_robomaker_residential_RoomWindow_01/meshes/aws_RoomWindow_01_visual.DAE
[5.323s] -- Symlinking: /home/loq/roboracer_ws/install/roboracer_description/share/roboracer_description/models/aws_robomaker_residential_RoomWindow_01/model.config
[5.332s] -- Symlinking: /home/loq/roboracer_ws/install/roboracer_description/share/roboracer_description/models/aws_robomaker_residential_RoomWindow_01/model.sdf
[5.341s] -- Symlinking: /home/loq/roboracer_ws/install/roboracer_description/share/roboracer_description/models/aws_robomaker_residential_SeasoningBox_01/materials/textures/aws_SeasoningBox_01.png
[5.350s] -- Symlinking: /home/loq/roboracer_ws/install/roboracer_description/share/roboracer_description/models/aws_robomaker_residential_SeasoningBox_01/meshes/aws_SeasoningBox_01_collision.DAE
[5.358s] -- Symlinking: /home/loq/roboracer_ws/install/roboracer_description/share/roboracer_description/models/aws_robomaker_residential_SeasoningBox_01/meshes/aws_SeasoningBox_01_visual.DAE
[5.368s] -- Symlinking: /home/loq/roboracer_ws/install/roboracer_description/share/roboracer_description/models/aws_robomaker_residential_SeasoningBox_01/model.config
[5.376s] -- Symlinking: /home/loq/roboracer_ws/install/roboracer_description/share/roboracer_description/models/aws_robomaker_residential_SeasoningBox_01/model.sdf
[5.385s] -- Symlinking: /home/loq/roboracer_ws/install/roboracer_description/share/roboracer_description/models/aws_robomaker_residential_SecurityCamera_01/materials/textures/aws_SecurityCamera_01.png
[5.395s] -- Symlinking: /home/loq/roboracer_ws/install/roboracer_description/share/roboracer_description/models/aws_robomaker_residential_SecurityCamera_01/meshes/aws_SecurityCamera_01_collision.DAE
[5.404s] -- Symlinking: /home/loq/roboracer_ws/install/roboracer_description/share/roboracer_description/models/aws_robomaker_residential_SecurityCamera_01/meshes/aws_SecurityCamera_01_visual.DAE
[5.412s] -- Symlinking: /home/loq/roboracer_ws/install/roboracer_description/share/roboracer_description/models/aws_robomaker_residential_SecurityCamera_01/model.config
[5.421s] -- Symlinking: /home/loq/roboracer_ws/install/roboracer_description/share/roboracer_description/models/aws_robomaker_residential_SecurityCamera_01/model.sdf
[5.430s] -- Symlinking: /home/loq/roboracer_ws/install/roboracer_description/share/roboracer_description/models/aws_robomaker_residential_ShoeRack_01/materials/textures/aws_ShoeRack_01.png
[5.439s] -- Symlinking: /home/loq/roboracer_ws/install/roboracer_description/share/roboracer_description/models/aws_robomaker_residential_ShoeRack_01/meshes/aws_ShoeRack_01_collision.DAE
[5.449s] -- Symlinking: /home/loq/roboracer_ws/install/roboracer_description/share/roboracer_description/models/aws_robomaker_residential_ShoeRack_01/meshes/aws_ShoeRack_01_visual.DAE
[5.457s] -- Symlinking: /home/loq/roboracer_ws/install/roboracer_description/share/roboracer_description/models/aws_robomaker_residential_ShoeRack_01/model.config
[5.466s] -- Symlinking: /home/loq/roboracer_ws/install/roboracer_description/share/roboracer_description/models/aws_robomaker_residential_ShoeRack_01/model.sdf
[5.474s] -- Symlinking: /home/loq/roboracer_ws/install/roboracer_description/share/roboracer_description/models/aws_robomaker_residential_SofaB_01/materials/textures/aws_SofaB_01.png
[5.483s] -- Symlinking: /home/loq/roboracer_ws/install/roboracer_description/share/roboracer_description/models/aws_robomaker_residential_SofaB_01/meshes/aws_SofaB_01_collision.DAE
[5.491s] -- Symlinking: /home/loq/roboracer_ws/install/roboracer_description/share/roboracer_description/models/aws_robomaker_residential_SofaB_01/meshes/aws_SofaB_01_visual.DAE
[5.500s] -- Symlinking: /home/loq/roboracer_ws/install/roboracer_description/share/roboracer_description/models/aws_robomaker_residential_SofaB_01/model.config
[5.509s] -- Symlinking: /home/loq/roboracer_ws/install/roboracer_description/share/roboracer_description/models/aws_robomaker_residential_SofaB_01/model.sdf
[5.518s] -- Symlinking: /home/loq/roboracer_ws/install/roboracer_description/share/roboracer_description/models/aws_robomaker_residential_SofaC_01/materials/textures/aws_SofaC_01.png
[5.527s] -- Symlinking: /home/loq/roboracer_ws/install/roboracer_description/share/roboracer_description/models/aws_robomaker_residential_SofaC_01/meshes/aws_SofaC_01_collision.DAE
[5.537s] -- Symlinking: /home/loq/roboracer_ws/install/roboracer_description/share/roboracer_description/models/aws_robomaker_residential_SofaC_01/meshes/aws_SofaC_01_visual.DAE
[5.546s] -- Symlinking: /home/loq/roboracer_ws/install/roboracer_description/share/roboracer_description/models/aws_robomaker_residential_SofaC_01/model.config
[5.554s] -- Symlinking: /home/loq/roboracer_ws/install/roboracer_description/share/roboracer_description/models/aws_robomaker_residential_SofaC_01/model.sdf
[5.564s] -- Symlinking: /home/loq/roboracer_ws/install/roboracer_description/share/roboracer_description/models/aws_robomaker_residential_Sofa_01/materials/textures/aws_Sofa_01.png
[5.574s] -- Symlinking: /home/loq/roboracer_ws/install/roboracer_description/share/roboracer_description/models/aws_robomaker_residential_Sofa_01/meshes/aws_Sofa_01.DAE
[5.584s] -- Symlinking: /home/loq/roboracer_ws/install/roboracer_description/share/roboracer_description/models/aws_robomaker_residential_Sofa_01/meshes/aws_Sofa_01_collision.DAE
[5.593s] -- Symlinking: /home/loq/roboracer_ws/install/roboracer_description/share/roboracer_description/models/aws_robomaker_residential_Sofa_01/meshes/aws_Sofa_01_visual.DAE
[5.602s] -- Symlinking: /home/loq/roboracer_ws/install/roboracer_description/share/roboracer_description/models/aws_robomaker_residential_Sofa_01/model.config
[5.610s] -- Symlinking: /home/loq/roboracer_ws/install/roboracer_description/share/roboracer_description/models/aws_robomaker_residential_Sofa_01/model.sdf
[5.619s] -- Symlinking: /home/loq/roboracer_ws/install/roboracer_description/share/roboracer_description/models/aws_robomaker_residential_TVCabinet_01/materials/textures/aws_TVCabinet_01.png
[5.629s] -- Symlinking: /home/loq/roboracer_ws/install/roboracer_description/share/roboracer_description/models/aws_robomaker_residential_TVCabinet_01/meshes/aws_TVCabinet_01_collision.DAE
[5.638s] -- Symlinking: /home/loq/roboracer_ws/install/roboracer_description/share/roboracer_description/models/aws_robomaker_residential_TVCabinet_01/meshes/aws_TVCabinet_01_visual.DAE
[5.647s] -- Symlinking: /home/loq/roboracer_ws/install/roboracer_description/share/roboracer_description/models/aws_robomaker_residential_TVCabinet_01/model.config
[5.655s] -- Symlinking: /home/loq/roboracer_ws/install/roboracer_description/share/roboracer_description/models/aws_robomaker_residential_TVCabinet_01/model.sdf
[5.664s] -- Symlinking: /home/loq/roboracer_ws/install/roboracer_description/share/roboracer_description/models/aws_robomaker_residential_TV_01/materials/textures/aws_TV_01.png
[5.673s] -- Symlinking: /home/loq/roboracer_ws/install/roboracer_description/share/roboracer_description/models/aws_robomaker_residential_TV_01/meshes/aws_TV_01_collision.DAE
[5.682s] -- Symlinking: /home/loq/roboracer_ws/install/roboracer_description/share/roboracer_description/models/aws_robomaker_residential_TV_01/meshes/aws_TV_01_visual.DAE
[5.691s] -- Symlinking: /home/loq/roboracer_ws/install/roboracer_description/share/roboracer_description/models/aws_robomaker_residential_TV_01/model.config
[5.699s] -- Symlinking: /home/loq/roboracer_ws/install/roboracer_description/share/roboracer_description/models/aws_robomaker_residential_TV_01/model.sdf
[5.707s] -- Symlinking: /home/loq/roboracer_ws/install/roboracer_description/share/roboracer_description/models/aws_robomaker_residential_TV_02/materials/textures/aws_TV_01.png
[5.716s] -- Symlinking: /home/loq/roboracer_ws/install/roboracer_description/share/roboracer_description/models/aws_robomaker_residential_TV_02/meshes/aws_TV_01_collision.DAE
[5.726s] -- Symlinking: /home/loq/roboracer_ws/install/roboracer_description/share/roboracer_description/models/aws_robomaker_residential_TV_02/meshes/aws_TV_01_visual.DAE
[5.735s] -- Symlinking: /home/loq/roboracer_ws/install/roboracer_description/share/roboracer_description/models/aws_robomaker_residential_TV_02/model.config
[5.745s] -- Symlinking: /home/loq/roboracer_ws/install/roboracer_description/share/roboracer_description/models/aws_robomaker_residential_TV_02/model.sdf
[5.753s] -- Symlinking: /home/loq/roboracer_ws/install/roboracer_description/share/roboracer_description/models/aws_robomaker_residential_Tablet_01/materials/textures/aws_Tablet_01_nologo.png
[5.762s] -- Symlinking: /home/loq/roboracer_ws/install/roboracer_description/share/roboracer_description/models/aws_robomaker_residential_Tablet_01/meshes/aws_Tablet_01_collision.DAE
[5.771s] -- Symlinking: /home/loq/roboracer_ws/install/roboracer_description/share/roboracer_description/models/aws_robomaker_residential_Tablet_01/meshes/aws_Tablet_01_visual.DAE
[5.780s] -- Symlinking: /home/loq/roboracer_ws/install/roboracer_description/share/roboracer_description/models/aws_robomaker_residential_Tablet_01/model.config
[5.789s] -- Symlinking: /home/loq/roboracer_ws/install/roboracer_description/share/roboracer_description/models/aws_robomaker_residential_Tablet_01/model.sdf
[5.798s] -- Symlinking: /home/loq/roboracer_ws/install/roboracer_description/share/roboracer_description/models/aws_robomaker_residential_Tableware_01/materials/textures/aws_Tableware_01.png
[5.806s] -- Symlinking: /home/loq/roboracer_ws/install/roboracer_description/share/roboracer_description/models/aws_robomaker_residential_Tableware_01/meshes/aws_Tableware_01_collision.DAE
[5.815s] -- Symlinking: /home/loq/roboracer_ws/install/roboracer_description/share/roboracer_description/models/aws_robomaker_residential_Tableware_01/meshes/aws_Tableware_01_visual.DAE
[5.824s] -- Symlinking: /home/loq/roboracer_ws/install/roboracer_description/share/roboracer_description/models/aws_robomaker_residential_Tableware_01/model.config
[5.833s] -- Symlinking: /home/loq/roboracer_ws/install/roboracer_description/share/roboracer_description/models/aws_robomaker_residential_Tableware_01/model.sdf
[5.843s] -- Symlinking: /home/loq/roboracer_ws/install/roboracer_description/share/roboracer_description/models/aws_robomaker_residential_Trash_01/materials/textures/aws_Trash_01.png
[5.851s] -- Symlinking: /home/loq/roboracer_ws/install/roboracer_description/share/roboracer_description/models/aws_robomaker_residential_Trash_01/meshes/aws_Trash_01_collision.DAE
[5.861s] -- Symlinking: /home/loq/roboracer_ws/install/roboracer_description/share/roboracer_description/models/aws_robomaker_residential_Trash_01/meshes/aws_Trash_01_visual.DAE
[5.870s] -- Symlinking: /home/loq/roboracer_ws/install/roboracer_description/share/roboracer_description/models/aws_robomaker_residential_Trash_01/model.config
[5.879s] -- Symlinking: /home/loq/roboracer_ws/install/roboracer_description/share/roboracer_description/models/aws_robomaker_residential_Trash_01/model.sdf
[5.888s] -- Symlinking: /home/loq/roboracer_ws/install/roboracer_description/share/roboracer_description/models/aws_robomaker_residential_Vase_01/materials/textures/aws_Vase_01.png
[5.898s] -- Symlinking: /home/loq/roboracer_ws/install/roboracer_description/share/roboracer_description/models/aws_robomaker_residential_Vase_01/meshes/aws_Vase_01_collision.DAE
[5.908s] -- Symlinking: /home/loq/roboracer_ws/install/roboracer_description/share/roboracer_description/models/aws_robomaker_residential_Vase_01/meshes/aws_Vase_01_visual.DAE
[5.916s] -- Symlinking: /home/loq/roboracer_ws/install/roboracer_description/share/roboracer_description/models/aws_robomaker_residential_Vase_01/model.config
[5.926s] -- Symlinking: /home/loq/roboracer_ws/install/roboracer_description/share/roboracer_description/models/aws_robomaker_residential_Vase_01/model.sdf
[5.935s] -- Symlinking: /home/loq/roboracer_ws/install/roboracer_description/share/roboracer_description/models/aws_robomaker_residential_Wardrobe_01/materials/textures/aws_Wardrobe_01.png
[5.945s] -- Symlinking: /home/loq/roboracer_ws/install/roboracer_description/share/roboracer_description/models/aws_robomaker_residential_Wardrobe_01/meshes/aws_Wardrobe_01_collision.DAE
[5.953s] -- Symlinking: /home/loq/roboracer_ws/install/roboracer_description/share/roboracer_description/models/aws_robomaker_residential_Wardrobe_01/meshes/aws_Wardrobe_01_visual.DAE
[5.962s] -- Symlinking: /home/loq/roboracer_ws/install/roboracer_description/share/roboracer_description/models/aws_robomaker_residential_Wardrobe_01/model.config
[5.971s] -- Symlinking: /home/loq/roboracer_ws/install/roboracer_description/share/roboracer_description/models/aws_robomaker_residential_Wardrobe_01/model.sdf
[5.980s] -- Symlinking: /home/loq/roboracer_ws/install/roboracer_description/share/roboracer_description/models/aws_robomaker_warehouse_Bucket_01/.DS_Store
[5.988s] -- Symlinking: /home/loq/roboracer_ws/install/roboracer_description/share/roboracer_description/models/aws_robomaker_warehouse_Bucket_01/materials/.DS_Store
[5.998s] -- Symlinking: /home/loq/roboracer_ws/install/roboracer_description/share/roboracer_description/models/aws_robomaker_warehouse_Bucket_01/materials/textures/aws_robomaker_warehouse_Bucket_01.png
[6.008s] -- Symlinking: /home/loq/roboracer_ws/install/roboracer_description/share/roboracer_description/models/aws_robomaker_warehouse_Bucket_01/meshes/aws_robomaker_warehouse_Bucket_01_collision.DAE
[6.018s] -- Symlinking: /home/loq/roboracer_ws/install/roboracer_description/share/roboracer_description/models/aws_robomaker_warehouse_Bucket_01/meshes/aws_robomaker_warehouse_Bucket_01_visual.DAE
[6.027s] -- Symlinking: /home/loq/roboracer_ws/install/roboracer_description/share/roboracer_description/models/aws_robomaker_warehouse_Bucket_01/model.config
[6.037s] -- Symlinking: /home/loq/roboracer_ws/install/roboracer_description/share/roboracer_description/models/aws_robomaker_warehouse_Bucket_01/model.sdf
[6.045s] -- Symlinking: /home/loq/roboracer_ws/install/roboracer_description/share/roboracer_description/models/aws_robomaker_warehouse_ClutteringA_01/.DS_Store
[6.054s] -- Symlinking: /home/loq/roboracer_ws/install/roboracer_description/share/roboracer_description/models/aws_robomaker_warehouse_ClutteringA_01/materials/.DS_Store
[6.063s] -- Symlinking: /home/loq/roboracer_ws/install/roboracer_description/share/roboracer_description/models/aws_robomaker_warehouse_ClutteringA_01/materials/textures/.DS_Store
[6.072s] -- Symlinking: /home/loq/roboracer_ws/install/roboracer_description/share/roboracer_description/models/aws_robomaker_warehouse_ClutteringA_01/materials/textures/aws_robomaker_warehouse_ClutteringA_01.png
[6.083s] -- Symlinking: /home/loq/roboracer_ws/install/roboracer_description/share/roboracer_description/models/aws_robomaker_warehouse_ClutteringA_01/materials/textures/aws_robomaker_warehouse_ClutteringA_02.png
[6.092s] -- Symlinking: /home/loq/roboracer_ws/install/roboracer_description/share/roboracer_description/models/aws_robomaker_warehouse_ClutteringA_01/materials/textures/aws_robomaker_warehouse_ClutteringA_03.png
[6.100s] -- Symlinking: /home/loq/roboracer_ws/install/roboracer_description/share/roboracer_description/models/aws_robomaker_warehouse_ClutteringA_01/meshes/aws_robomaker_warehouse_ClutteringA_01_collision.DAE
[6.110s] -- Symlinking: /home/loq/roboracer_ws/install/roboracer_description/share/roboracer_description/models/aws_robomaker_warehouse_ClutteringA_01/meshes/aws_robomaker_warehouse_ClutteringA_01_visual.DAE
[6.120s] -- Symlinking: /home/loq/roboracer_ws/install/roboracer_description/share/roboracer_description/models/aws_robomaker_warehouse_ClutteringA_01/model.config
[6.129s] -- Symlinking: /home/loq/roboracer_ws/install/roboracer_description/share/roboracer_description/models/aws_robomaker_warehouse_ClutteringA_01/model.sdf
[6.137s] -- Symlinking: /home/loq/roboracer_ws/install/roboracer_description/share/roboracer_description/models/aws_robomaker_warehouse_ClutteringC_01/materials/textures/aws_robomaker_warehouse_ClutteringC_01.png
[6.147s] -- Symlinking: /home/loq/roboracer_ws/install/roboracer_description/share/roboracer_description/models/aws_robomaker_warehouse_ClutteringC_01/materials/textures/aws_robomaker_warehouse_ClutteringC_02.png
[6.156s] -- Symlinking: /home/loq/roboracer_ws/install/roboracer_description/share/roboracer_description/models/aws_robomaker_warehouse_ClutteringC_01/meshes/aws_robomaker_warehouse_ClutteringC_01_collision.DAE
[6.165s] -- Symlinking: /home/loq/roboracer_ws/install/roboracer_description/share/roboracer_description/models/aws_robomaker_warehouse_ClutteringC_01/meshes/aws_robomaker_warehouse_ClutteringC_01_visual.DAE
[6.174s] -- Symlinking: /home/loq/roboracer_ws/install/roboracer_description/share/roboracer_description/models/aws_robomaker_warehouse_ClutteringC_01/model.config
[6.183s] -- Symlinking: /home/loq/roboracer_ws/install/roboracer_description/share/roboracer_description/models/aws_robomaker_warehouse_ClutteringC_01/model.sdf
[6.191s] -- Symlinking: /home/loq/roboracer_ws/install/roboracer_description/share/roboracer_description/models/aws_robomaker_warehouse_ClutteringD_01/materials/textures/aws_robomaker_warehouse_ClutteringD_01.png
[6.199s] -- Symlinking: /home/loq/roboracer_ws/install/roboracer_description/share/roboracer_description/models/aws_robomaker_warehouse_ClutteringD_01/materials/textures/aws_robomaker_warehouse_ClutteringD_02.png
[6.208s] -- Symlinking: /home/loq/roboracer_ws/install/roboracer_description/share/roboracer_description/models/aws_robomaker_warehouse_ClutteringD_01/meshes/aws_robomaker_warehouse_ClutteringD_01_collision.DAE
[6.217s] -- Symlinking: /home/loq/roboracer_ws/install/roboracer_description/share/roboracer_description/models/aws_robomaker_warehouse_ClutteringD_01/meshes/aws_robomaker_warehouse_ClutteringD_01_visual.DAE
[6.226s] -- Symlinking: /home/loq/roboracer_ws/install/roboracer_description/share/roboracer_description/models/aws_robomaker_warehouse_ClutteringD_01/model.config
[6.235s] -- Symlinking: /home/loq/roboracer_ws/install/roboracer_description/share/roboracer_description/models/aws_robomaker_warehouse_ClutteringD_01/model.sdf
[6.244s] -- Symlinking: /home/loq/roboracer_ws/install/roboracer_description/share/roboracer_description/models/aws_robomaker_warehouse_DeskC_01/materials/.DS_Store
[6.253s] -- Symlinking: /home/loq/roboracer_ws/install/roboracer_description/share/roboracer_description/models/aws_robomaker_warehouse_DeskC_01/materials/textures/aws_robomaker_warehouse_DeskC_01.png
[6.262s] -- Symlinking: /home/loq/roboracer_ws/install/roboracer_description/share/roboracer_description/models/aws_robomaker_warehouse_DeskC_01/materials/textures/aws_robomaker_warehouse_DeskC_02.png
[6.271s] -- Symlinking: /home/loq/roboracer_ws/install/roboracer_description/share/roboracer_description/models/aws_robomaker_warehouse_DeskC_01/materials/textures/aws_robomaker_warehouse_DeskC_03.png
[6.280s] -- Symlinking: /home/loq/roboracer_ws/install/roboracer_description/share/roboracer_description/models/aws_robomaker_warehouse_DeskC_01/materials/textures/aws_robomaker_warehouse_DeskC_03.psd
[6.289s] -- Symlinking: /home/loq/roboracer_ws/install/roboracer_description/share/roboracer_description/models/aws_robomaker_warehouse_DeskC_01/materials/textures/aws_robomaker_warehouse_DeskC_04.png
[6.298s] -- Symlinking: /home/loq/roboracer_ws/install/roboracer_description/share/roboracer_description/models/aws_robomaker_warehouse_DeskC_01/meshes/aws_robomaker_warehouse_DeskC_01_collision.DAE
[6.308s] -- Symlinking: /home/loq/roboracer_ws/install/roboracer_description/share/roboracer_description/models/aws_robomaker_warehouse_DeskC_01/meshes/aws_robomaker_warehouse_DeskC_01_visual.DAE
[6.317s] -- Symlinking: /home/loq/roboracer_ws/install/roboracer_description/share/roboracer_description/models/aws_robomaker_warehouse_DeskC_01/model.config
[6.326s] -- Symlinking: /home/loq/roboracer_ws/install/roboracer_description/share/roboracer_description/models/aws_robomaker_warehouse_DeskC_01/model.sdf
[6.335s] -- Symlinking: /home/loq/roboracer_ws/install/roboracer_description/share/roboracer_description/models/aws_robomaker_warehouse_GroundB_01/materials/textures/aws_robomaker_warehouse_GroundB_01.png
[6.345s] -- Symlinking: /home/loq/roboracer_ws/install/roboracer_description/share/roboracer_description/models/aws_robomaker_warehouse_GroundB_01/materials/textures/aws_robomaker_warehouse_GroundB_02.png
[6.353s] -- Symlinking: /home/loq/roboracer_ws/install/roboracer_description/share/roboracer_description/models/aws_robomaker_warehouse_GroundB_01/meshes/aws_robomaker_warehouse_GroundB_01_collision.DAE
[6.363s] -- Symlinking: /home/loq/roboracer_ws/install/roboracer_description/share/roboracer_description/models/aws_robomaker_warehouse_GroundB_01/meshes/aws_robomaker_warehouse_GroundB_01_visual.DAE
[6.372s] -- Symlinking: /home/loq/roboracer_ws/install/roboracer_description/share/roboracer_description/models/aws_robomaker_warehouse_GroundB_01/model.config
[6.381s] -- Symlinking: /home/loq/roboracer_ws/install/roboracer_description/share/roboracer_description/models/aws_robomaker_warehouse_GroundB_01/model.sdf
[6.390s] -- Symlinking: /home/loq/roboracer_ws/install/roboracer_description/share/roboracer_description/models/aws_robomaker_warehouse_Lamp_01/materials/textures/aws_robomaker_warehouse_Lamp_01.png
[6.399s] -- Symlinking: /home/loq/roboracer_ws/install/roboracer_description/share/roboracer_description/models/aws_robomaker_warehouse_Lamp_01/meshes/aws_robomaker_warehouse_Lamp_01_collision.DAE
[6.408s] -- Symlinking: /home/loq/roboracer_ws/install/roboracer_description/share/roboracer_description/models/aws_robomaker_warehouse_Lamp_01/meshes/aws_robomaker_warehouse_Lamp_01_visual.DAE
[6.417s] -- Symlinking: /home/loq/roboracer_ws/install/roboracer_description/share/roboracer_description/models/aws_robomaker_warehouse_Lamp_01/model.config
[6.425s] -- Symlinking: /home/loq/roboracer_ws/install/roboracer_description/share/roboracer_description/models/aws_robomaker_warehouse_Lamp_01/model.sdf
[6.434s] -- Symlinking: /home/loq/roboracer_ws/install/roboracer_description/share/roboracer_description/models/aws_robomaker_warehouse_PalletJackB_01/.DS_Store
[6.442s] -- Symlinking: /home/loq/roboracer_ws/install/roboracer_description/share/roboracer_description/models/aws_robomaker_warehouse_PalletJackB_01/materials/.DS_Store
[6.451s] -- Symlinking: /home/loq/roboracer_ws/install/roboracer_description/share/roboracer_description/models/aws_robomaker_warehouse_PalletJackB_01/materials/textures/aws_robomaker_warehouse_PalletJackB_01.png
[6.461s] -- Symlinking: /home/loq/roboracer_ws/install/roboracer_description/share/roboracer_description/models/aws_robomaker_warehouse_PalletJackB_01/materials/textures/aws_robomaker_warehouse_PalletJackB_02.png
[6.471s] -- Symlinking: /home/loq/roboracer_ws/install/roboracer_description/share/roboracer_description/models/aws_robomaker_warehouse_PalletJackB_01/meshes/aws_robomaker_warehouse_PalletJackB_01_collision.DAE
[6.481s] -- Symlinking: /home/loq/roboracer_ws/install/roboracer_description/share/roboracer_description/models/aws_robomaker_warehouse_PalletJackB_01/meshes/aws_robomaker_warehouse_PalletJackB_01_visual.DAE
[6.489s] -- Symlinking: /home/loq/roboracer_ws/install/roboracer_description/share/roboracer_description/models/aws_robomaker_warehouse_PalletJackB_01/model.config
[6.498s] -- Symlinking: /home/loq/roboracer_ws/install/roboracer_description/share/roboracer_description/models/aws_robomaker_warehouse_PalletJackB_01/model.sdf
[6.508s] -- Symlinking: /home/loq/roboracer_ws/install/roboracer_description/share/roboracer_description/models/aws_robomaker_warehouse_RoofB_01/materials/textures/aws_robomaker_warehouse_RoofB_01.png
[6.516s] -- Symlinking: /home/loq/roboracer_ws/install/roboracer_description/share/roboracer_description/models/aws_robomaker_warehouse_RoofB_01/meshes/aws_robomaker_warehouse_RoofB_01_collision.DAE
[6.526s] -- Symlinking: /home/loq/roboracer_ws/install/roboracer_description/share/roboracer_description/models/aws_robomaker_warehouse_RoofB_01/meshes/aws_robomaker_warehouse_RoofB_01_visual.DAE
[6.535s] -- Symlinking: /home/loq/roboracer_ws/install/roboracer_description/share/roboracer_description/models/aws_robomaker_warehouse_RoofB_01/model.config
[6.545s] -- Symlinking: /home/loq/roboracer_ws/install/roboracer_description/share/roboracer_description/models/aws_robomaker_warehouse_RoofB_01/model.sdf
[6.553s] -- Symlinking: /home/loq/roboracer_ws/install/roboracer_description/share/roboracer_description/models/aws_robomaker_warehouse_ShelfD_01/materials/textures/aws_robomaker_warehouse_ShelfD_01.png
[6.563s] -- Symlinking: /home/loq/roboracer_ws/install/roboracer_description/share/roboracer_description/models/aws_robomaker_warehouse_ShelfD_01/materials/textures/aws_robomaker_warehouse_ShelfD_02.png
[6.572s] -- Symlinking: /home/loq/roboracer_ws/install/roboracer_description/share/roboracer_description/models/aws_robomaker_warehouse_ShelfD_01/materials/textures/aws_robomaker_warehouse_ShelfD_03.png
[6.581s] -- Symlinking: /home/loq/roboracer_ws/install/roboracer_description/share/roboracer_description/models/aws_robomaker_warehouse_ShelfD_01/materials/textures/aws_robomaker_warehouse_ShelfD_04.png
[6.590s] -- Symlinking: /home/loq/roboracer_ws/install/roboracer_description/share/roboracer_description/models/aws_robomaker_warehouse_ShelfD_01/meshes/aws_robomaker_warehouse_ShelfD_01_collision.DAE
[6.599s] -- Symlinking: /home/loq/roboracer_ws/install/roboracer_description/share/roboracer_description/models/aws_robomaker_warehouse_ShelfD_01/meshes/aws_robomaker_warehouse_ShelfD_01_visual.DAE
[6.609s] -- Symlinking: /home/loq/roboracer_ws/install/roboracer_description/share/roboracer_description/models/aws_robomaker_warehouse_ShelfD_01/model.config
[6.617s] -- Symlinking: /home/loq/roboracer_ws/install/roboracer_description/share/roboracer_description/models/aws_robomaker_warehouse_ShelfD_01/model.sdf
[6.625s] -- Symlinking: /home/loq/roboracer_ws/install/roboracer_description/share/roboracer_description/models/aws_robomaker_warehouse_ShelfE_01/.DS_Store
[6.635s] -- Symlinking: /home/loq/roboracer_ws/install/roboracer_description/share/roboracer_description/models/aws_robomaker_warehouse_ShelfE_01/materials/.DS_Store
[6.643s] -- Symlinking: /home/loq/roboracer_ws/install/roboracer_description/share/roboracer_description/models/aws_robomaker_warehouse_ShelfE_01/materials/textures/aws_robomaker_warehouse_ShelfE_01.png
[6.651s] -- Symlinking: /home/loq/roboracer_ws/install/roboracer_description/share/roboracer_description/models/aws_robomaker_warehouse_ShelfE_01/materials/textures/aws_robomaker_warehouse_ShelfE_02.png
[6.661s] -- Symlinking: /home/loq/roboracer_ws/install/roboracer_description/share/roboracer_description/models/aws_robomaker_warehouse_ShelfE_01/materials/textures/aws_robomaker_warehouse_ShelfE_03.png
[6.670s] -- Symlinking: /home/loq/roboracer_ws/install/roboracer_description/share/roboracer_description/models/aws_robomaker_warehouse_ShelfE_01/materials/textures/aws_robomaker_warehouse_ShelfE_04.png
[6.679s] -- Symlinking: /home/loq/roboracer_ws/install/roboracer_description/share/roboracer_description/models/aws_robomaker_warehouse_ShelfE_01/meshes/aws_robomaker_warehouse_ShelfE_01_collision.DAE
[6.689s] -- Symlinking: /home/loq/roboracer_ws/install/roboracer_description/share/roboracer_description/models/aws_robomaker_warehouse_ShelfE_01/meshes/aws_robomaker_warehouse_ShelfE_01_visual.DAE
[6.698s] -- Symlinking: /home/loq/roboracer_ws/install/roboracer_description/share/roboracer_description/models/aws_robomaker_warehouse_ShelfE_01/model.config
[6.707s] -- Symlinking: /home/loq/roboracer_ws/install/roboracer_description/share/roboracer_description/models/aws_robomaker_warehouse_ShelfE_01/model.sdf
[6.715s] -- Symlinking: /home/loq/roboracer_ws/install/roboracer_description/share/roboracer_description/models/aws_robomaker_warehouse_ShelfF_01/materials/textures/aws_robomaker_warehouse_ShelfF_01.png
[6.725s] -- Symlinking: /home/loq/roboracer_ws/install/roboracer_description/share/roboracer_description/models/aws_robomaker_warehouse_ShelfF_01/materials/textures/aws_robomaker_warehouse_ShelfF_02.png
[6.734s] -- Symlinking: /home/loq/roboracer_ws/install/roboracer_description/share/roboracer_description/models/aws_robomaker_warehouse_ShelfF_01/materials/textures/aws_robomaker_warehouse_ShelfF_03.png
[6.743s] -- Symlinking: /home/loq/roboracer_ws/install/roboracer_description/share/roboracer_description/models/aws_robomaker_warehouse_ShelfF_01/meshes/aws_robomaker_warehouse_ShelfF_01_collision.DAE
[6.752s] -- Symlinking: /home/loq/roboracer_ws/install/roboracer_description/share/roboracer_description/models/aws_robomaker_warehouse_ShelfF_01/meshes/aws_robomaker_warehouse_ShelfF_01_visual.DAE
[6.761s] -- Symlinking: /home/loq/roboracer_ws/install/roboracer_description/share/roboracer_description/models/aws_robomaker_warehouse_ShelfF_01/model.config
[6.771s] -- Symlinking: /home/loq/roboracer_ws/install/roboracer_description/share/roboracer_description/models/aws_robomaker_warehouse_ShelfF_01/model.sdf
[6.781s] -- Symlinking: /home/loq/roboracer_ws/install/roboracer_description/share/roboracer_description/models/aws_robomaker_warehouse_TrashCanC_01/materials/textures/aws_robomaker_warehouse_TrashCanC_01.png
[6.789s] -- Symlinking: /home/loq/roboracer_ws/install/roboracer_description/share/roboracer_description/models/aws_robomaker_warehouse_TrashCanC_01/meshes/aws_robomaker_warehouse_TrashCanC_01_collision.DAE
[6.798s] -- Symlinking: /home/loq/roboracer_ws/install/roboracer_description/share/roboracer_description/models/aws_robomaker_warehouse_TrashCanC_01/meshes/aws_robomaker_warehouse_TrashCanC_01_visual.DAE
[6.808s] -- Symlinking: /home/loq/roboracer_ws/install/roboracer_description/share/roboracer_description/models/aws_robomaker_warehouse_TrashCanC_01/model.config
[6.817s] -- Symlinking: /home/loq/roboracer_ws/install/roboracer_description/share/roboracer_description/models/aws_robomaker_warehouse_TrashCanC_01/model.sdf
[6.826s] -- Symlinking: /home/loq/roboracer_ws/install/roboracer_description/share/roboracer_description/models/aws_robomaker_warehouse_WallB_01/materials/textures/aws_robomaker_warehouse_WallB_01.png
[6.836s] -- Symlinking: /home/loq/roboracer_ws/install/roboracer_description/share/roboracer_description/models/aws_robomaker_warehouse_WallB_01/meshes/aws_robomaker_warehouse_WallB_01_collision.DAE
[6.844s] -- Symlinking: /home/loq/roboracer_ws/install/roboracer_description/share/roboracer_description/models/aws_robomaker_warehouse_WallB_01/meshes/aws_robomaker_warehouse_WallB_01_visual.DAE
[6.854s] -- Symlinking: /home/loq/roboracer_ws/install/roboracer_description/share/roboracer_description/models/aws_robomaker_warehouse_WallB_01/model.config
[6.863s] -- Symlinking: /home/loq/roboracer_ws/install/roboracer_description/share/roboracer_description/models/aws_robomaker_warehouse_WallB_01/model.sdf
[6.872s] -- Symlinking: /home/loq/roboracer_ws/install/roboracer_description/share/roboracer_description/models/barca_track/model.config
[6.881s] -- Symlinking: /home/loq/roboracer_ws/install/roboracer_description/share/roboracer_description/models/barca_track/model.sdf
[6.890s] -- Symlinking: /home/loq/roboracer_ws/install/roboracer_description/share/roboracer_description/models/cone/model.config
[6.900s] -- Symlinking: /home/loq/roboracer_ws/install/roboracer_description/share/roboracer_description/models/cone/model.sdf
[6.909s] -- Symlinking: /home/loq/roboracer_ws/install/roboracer_description/share/roboracer_description/models/parking_1/model.config
[6.918s] -- Symlinking: /home/loq/roboracer_ws/install/roboracer_description/share/roboracer_description/models/parking_1/model.sdf
[6.927s] -- Symlinking: /home/loq/roboracer_ws/install/roboracer_description/share/roboracer_description/models/porto_track/model.config
[6.937s] -- Symlinking: /home/loq/roboracer_ws/install/roboracer_description/share/roboracer_description/models/porto_track/model.sdf
[6.946s] -- Symlinking: /home/loq/roboracer_ws/install/roboracer_description/share/roboracer_description/models/walker_racecourse/model.config
[6.955s] -- Symlinking: /home/loq/roboracer_ws/install/roboracer_description/share/roboracer_description/models/walker_racecourse/model.sdf
[6.963s] -- Symlinking: /home/loq/roboracer_ws/install/roboracer_description/share/roboracer_description/launch/display.launch.py
[6.972s] -- Symlinking: /home/loq/roboracer_ws/install/roboracer_description/share/roboracer_description/launch/gazebo.launch.py
[6.981s] -- Symlinking: /home/loq/roboracer_ws/install/roboracer_description/share/roboracer_description/launch/slam.launch.py
[6.991s] -- Symlinking: /home/loq/roboracer_ws/install/roboracer_description/share/roboracer_description/launch/wall_follow.launch.py
[7.000s] -- Symlinking: /home/loq/roboracer_ws/install/roboracer_description/share/roboracer_description/rviz/display.rviz
[7.010s] -- Symlinking: /home/loq/roboracer_ws/install/roboracer_description/share/roboracer_description/world/empty.world
[7.019s] -- Symlinking: /home/loq/roboracer_ws/install/roboracer_description/share/roboracer_description/world/levine_loop.world
[7.029s] -- Symlinking: /home/loq/roboracer_ws/install/roboracer_description/share/roboracer_description/world/small_house.world
[7.038s] -- Symlinking: /home/loq/roboracer_ws/install/roboracer_description/share/roboracer_description/world/small_warehouse.world
[7.048s] -- Symlinking: /home/loq/roboracer_ws/install/roboracer_description/share/roboracer_description/urdf/f1tenth_chassis.urdf
[7.060s] -- Symlinking: /home/loq/roboracer_ws/install/roboracer_description/share/roboracer_description/urdf/f1tenth_chassis_update.sdf
[7.072s] -- Symlinking: /home/loq/roboracer_ws/install/roboracer_description/share/roboracer_description/urdf/roborace_control.xacro
[7.082s] -- Symlinking: /home/loq/roboracer_ws/install/roboracer_description/share/roboracer_description/urdf/roborace_gazebo.xacro
[7.091s] -- Symlinking: /home/loq/roboracer_ws/install/roboracer_description/share/roboracer_description/urdf/roboracer_robot.sdf
[7.101s] -- Symlinking: /home/loq/roboracer_ws/install/roboracer_description/share/roboracer_description/photos/DeskPortraitA_01.jpg
[7.111s] -- Symlinking: /home/loq/roboracer_ws/install/roboracer_description/share/roboracer_description/photos/DeskPortraitA_02.jpg
[7.120s] -- Symlinking: /home/loq/roboracer_ws/install/roboracer_description/share/roboracer_description/photos/DeskPortraitB_01.jpg
[7.131s] -- Symlinking: /home/loq/roboracer_ws/install/roboracer_description/share/roboracer_description/photos/DeskPortraitB_02.jpg
[7.141s] -- Symlinking: /home/loq/roboracer_ws/install/roboracer_description/share/roboracer_description/photos/DeskPortraitC_01.jpg
[7.153s] -- Symlinking: /home/loq/roboracer_ws/install/roboracer_description/share/roboracer_description/photos/DeskPortraitC_02.jpg
[7.163s] -- Symlinking: /home/loq/roboracer_ws/install/roboracer_description/share/roboracer_description/photos/DeskPortraitD_01.jpg
[7.172s] -- Symlinking: /home/loq/roboracer_ws/install/roboracer_description/share/roboracer_description/photos/DeskPortraitD_02.jpg
[7.182s] -- Symlinking: /home/loq/roboracer_ws/install/roboracer_description/share/roboracer_description/photos/DeskPortraitD_03.jpg
[7.192s] -- Symlinking: /home/loq/roboracer_ws/install/roboracer_description/share/roboracer_description/photos/DeskPortraitD_04.jpg
[7.202s] -- Symlinking: /home/loq/roboracer_ws/install/roboracer_description/share/roboracer_description/photos/PortraitA_01.jpg
[7.212s] -- Symlinking: /home/loq/roboracer_ws/install/roboracer_description/share/roboracer_description/photos/PortraitA_02.jpg
[7.222s] -- Symlinking: /home/loq/roboracer_ws/install/roboracer_description/share/roboracer_description/photos/PortraitB_01.jpg
[7.232s] -- Symlinking: /home/loq/roboracer_ws/install/roboracer_description/share/roboracer_description/photos/PortraitB_02.jpg
[7.242s] -- Symlinking: /home/loq/roboracer_ws/install/roboracer_description/share/roboracer_description/photos/PortraitB_03.jpg
[7.251s] -- Symlinking: /home/loq/roboracer_ws/install/roboracer_description/share/roboracer_description/photos/PortraitC_01.jpg
[7.261s] -- Symlinking: /home/loq/roboracer_ws/install/roboracer_description/share/roboracer_description/photos/PortraitD_01.jpg
[7.271s] -- Symlinking: /home/loq/roboracer_ws/install/roboracer_description/share/roboracer_description/photos/PortraitD_02.jpg
[7.281s] -- Symlinking: /home/loq/roboracer_ws/install/roboracer_description/share/roboracer_description/photos/PortraitE_01.jpg
[7.291s] -- Symlinking: /home/loq/roboracer_ws/install/roboracer_description/share/roboracer_description/photos/PortraitE_02.jpg
[7.303s] -- Symlinking: /home/loq/roboracer_ws/install/roboracer_description/share/roboracer_description/maps/costmap_common_params.yaml
[7.315s] -- Symlinking: /home/loq/roboracer_ws/install/roboracer_description/share/roboracer_description/maps/levine.png
[7.327s] -- Symlinking: /home/loq/roboracer_ws/install/roboracer_description/share/roboracer_description/maps/levine.yaml
[7.340s] -- Symlinking: /home/loq/roboracer_ws/install/roboracer_description/share/roboracer_description/config/camera_configuration.yaml
[7.352s] -- Symlinking: /home/loq/roboracer_ws/install/roboracer_description/share/roboracer_description/config/camera_settings.yaml
[7.364s] -- Symlinking: /home/loq/roboracer_ws/install/roboracer_description/share/roboracer_description/config/orb_slam3_settings.yaml
[7.375s] -- Symlinking: /home/loq/roboracer_ws/install/roboracer_description/share/roboracer_description/config/slam_toolbox.yaml
[7.387s] -- Symlinking: /home/loq/roboracer_ws/install/roboracer_description/share/ament_index/resource_index/package_run_dependencies/roboracer_description
[7.399s] -- Symlinking: /home/loq/roboracer_ws/install/roboracer_description/share/ament_index/resource_index/parent_prefix_path/roboracer_description
[7.411s] -- Symlinking: /home/loq/roboracer_ws/install/roboracer_description/share/roboracer_description/environment/ament_prefix_path.sh
[7.421s] -- Symlinking: /home/loq/roboracer_ws/install/roboracer_description/share/roboracer_description/environment/ament_prefix_path.dsv
[7.431s] -- Symlinking: /home/loq/roboracer_ws/install/roboracer_description/share/roboracer_description/environment/path.sh
[7.442s] -- Symlinking: /home/loq/roboracer_ws/install/roboracer_description/share/roboracer_description/environment/path.dsv
[7.455s] -- Symlinking: /home/loq/roboracer_ws/install/roboracer_description/share/roboracer_description/local_setup.bash
[7.465s] -- Symlinking: /home/loq/roboracer_ws/install/roboracer_description/share/roboracer_description/local_setup.sh
[7.475s] -- Symlinking: /home/loq/roboracer_ws/install/roboracer_description/share/roboracer_description/local_setup.zsh
[7.484s] -- Symlinking: /home/loq/roboracer_ws/install/roboracer_description/share/roboracer_description/local_setup.dsv
[7.493s] -- Symlinking: /home/loq/roboracer_ws/install/roboracer_description/share/roboracer_description/package.dsv
[7.504s] -- Symlinking: /home/loq/roboracer_ws/install/roboracer_description/share/ament_index/resource_index/packages/roboracer_description
[7.514s] -- Symlinking: /home/loq/roboracer_ws/install/roboracer_description/share/roboracer_description/cmake/roboracer_descriptionConfig.cmake
[7.524s] -- Symlinking: /home/loq/roboracer_ws/install/roboracer_description/share/roboracer_description/cmake/roboracer_descriptionConfig-version.cmake
[7.534s] -- Symlinking: /home/loq/roboracer_ws/install/roboracer_description/share/roboracer_description/package.xml
[7.546s] Invoked command in '/home/loq/roboracer_ws/build/roboracer_description' returned '0': CMAKE_PREFIX_PATH=${CMAKE_PREFIX_PATH}:/home/loq/drivingcar_ws/install/self_driving_car_pkg:/home/loq/bumperbot_ws/install/bumperbot_py_example:/home/loq/roboracer_ws/install/roboracer_yolov8_detector:/home/loq/roboracer_ws/install/roboracer_py:/home/loq/ros2_action_ws/install/lifecycle_py:/home/loq/ros2_action_ws/install/action_py:/opt/ros/humble /usr/bin/cmake --install /home/loq/roboracer_ws/build/roboracer_description
